Rm,Sm,Rn,Sn,RS_Gr,RS_Gn,chi2_pvalue,diff_entropy,lsb_diff_entropy,median_prefix_p,chi2_stat,label,photo_id,variant,method,p,density,changed_frac
41316,4574,36608,5057,0.560638427734375,0.4814300537109375,9.387612384061327e-279,1.9854896286053778,0.9860760667672075,4.569926751356246e-167,1719.3308997234305,0,0,clean,,,,
40488,4907,35701,5342,0.5429229736328125,0.4632415771484375,5.449599669472024e-270,2.0159954125795827,0.98921238675363,6.098363288743348e-156,1675.851108883566,1,0,v0,nsF5,3,0.25,0.0317
39551,5256,34726,5691,0.5233001708984375,0.4430389404296875,1.3713300707004997e-262,2.046024860955789,0.9922135234717745,2.1127301856004118e-151,1639.0649698604016,1,0,v1,nsF5,3,0.55,0.0691
39232,5354,34236,5812,0.516937255859375,0.4337158203125,2.2534251285424663e-252,2.0587826538893497,0.9936169655592153,6.404833994361208e-150,1588.1773249339005,1,0,v2,nsF5,2,0.35,0.0877
37067,6509,31807,6686,0.466278076171875,0.3833160400390625,1.273344095820165e-219,2.1220665385863113,0.9983785295674803,1.6457396630674943e-131,1424.0604049354563,1,0,v3,nsF5,2,0.85,0.2129
36467,6192,31989,6603,0.4619598388671875,0.387359619140625,5.162542195605617e-202,2.0439349923800867,0.9917471382998225,2.2249560602839028e-114,1335.1172677570344,1,0,v4,matrix,3,0.5,0.0628
28225,10048,24524,10197,0.2773590087890625,0.2186126708984375,1.0267771077921552e-71,2.144985489611909,0.9980771517102125,4.139152733173718e-42,646.8948122438502,1,0,v5,matrix,2,0.8,0.2002
23562,16939,18735,14250,0.1010589599609375,0.0684356689453125,7.583308064135592e-07,4.667562090920289,0.9999998022101617,0.00041006436783146095,218.87204071216505,0,1,clean,,,,
23562,16922,18802,14266,0.101318359375,0.0692138671875,5.0587065839634875e-06,4.6680436446171445,0.999999720012877,0.0008514955439560799,210.02289756859278,1,1,v0,nsF5,3,0.25,0.0321
23624,16890,18777,14184,0.102752685546875,0.0700836181640625,7.243822178648265e-07,4.668207382189542,0.9999997565274404,0.00043624459611785025,219.0800841521127,1,1,v1,nsF5,3,0.55,0.0701
23643,16878,18763,14343,0.1032257080078125,0.06744384765625,4.276628750203479e-08,4.667843585832973,0.9999985573319494,0.0003847229019230045,231.51044030243713,1,1,v2,nsF5,2,0.35,0.0885
23575,16958,18667,14258,0.1009674072265625,0.0672760009765625,1.0691203380259055e-13,4.667561698885992,0.9999994712396142,1.0482439231007854e-07,281.3037646038227,1,1,v3,nsF5,2,0.85,0.2150
23166,17250,18550,14446,0.09027099609375,0.0626220703125,0.00024876656959900515,4.668898673552839,0.9999997468218379,0.03594099626734497,190.01776821017853,1,1,v4,matrix,3,0.5,0.0627
22134,18166,17712,14983,0.060546875,0.0416412353515625,0.003929978091728101,4.6712231012982395,0.999999781481693,0.009054254044981117,173.39993295966994,1,1,v5,matrix,2,0.8,0.1993
32486,7510,28213,9097,0.381103515625,0.29168701171875,6.988647902249297e-99,3.432678829440348,0.9965372038437015,5.949275662068076e-73,804.0534149713183,0,2,clean,,,,
32007,7725,27755,9213,0.370513916015625,0.282928466796875,1.5606191306953344e-90,3.4404741383513655,0.9974104981740797,2.3209375403810434e-71,758.3049570598295,1,2,v0,nsF5,3,0.25,0.0320
31458,7931,27251,9425,0.3589935302734375,0.272003173828125,6.53693416822372e-81,3.4480592253011735,0.9982762543633708,1.9386116382271368e-64,704.8937338507217,1,2,v1,nsF5,3,0.55,0.0705
31251,8184,27088,9482,0.3519744873046875,0.268646240234375,2.2420109284163172e-88,3.4517987016873355,0.9983530566020931,1.3433370320647897e-67,746.3979562912782,1,2,v2,nsF5,2,0.35,0.0889
30207,8847,25808,9976,0.325927734375,0.2415771484375,3.8395409372987056e-82,3.466442401170083,0.9996743216785575,2.0392900187545173e-63,711.7730053444384,1,2,v3,nsF5,2,0.85,0.2154
29503,8654,25649,10076,0.3181304931640625,0.2376251220703125,7.625698950639242e-67,3.447970673800816,0.9981449161401617,1.8560926551750733e-53,625.1644456004581,1,2,v4,matrix,3,0.5,0.0630
24434,11376,21460,12194,0.199249267578125,0.141387939453125,3.398333779385389e-27,3.478579085258646,0.9995489453491438,3.568767087384399e-21,381.0234532748654,1,2,v5,matrix,2,0.8,0.1999
28655,15750,22583,12840,0.1969146728515625,0.1486663818359375,0.0,4.269985903739872,0.9957548374208782,1.0336494876275459e-26,18627.34101712842,0,3,clean,,,,
28106,15738,21991,12871,0.188720703125,0.13916015625,0.0,4.271429795416953,0.9966506287904023,3.94567360430181e-24,16505.153082992238,1,3,v0,nsF5,3,0.25,0.0316
27498,15842,21400,12931,0.1778564453125,0.1292266845703125,0.0,4.272587046316743,0.9976998575869864,2.419741449169986e-20,13903.8256131099,1,3,v1,nsF5,3,0.55,0.0696
27109,16051,20994,13100,0.168731689453125,0.120452880859375,0.0,4.272917859594385,0.9982380143128068,2.559208785526018e-20,12409.802961247973,1,3,v2,nsF5,2,0.35,0.0889
25867,16491,19636,13555,0.14306640625,0.0927886962890625,0.0,4.271568440872502,0.9996124568215483,1.636219865187249e-18,5674.554614060003,1,3,v3,nsF5,2,0.85,0.2154
27030,16174,21127,13160,0.1656494140625,0.1215667724609375,0.0,4.272706643858623,0.997553950581429,1.1758722388806983e-18,14357.012673430372,1,3,v4,matrix,3,0.5,0.0628
24125,17684,18563,14422,0.0982818603515625,0.0631866455078125,0.0,4.274581825995386,0.9995076326232877,2.3093088425273906e-11,6219.287717425655,1,3,v5,matrix,2,0.8,0.2015
27730,15793,22420,13263,0.1821441650390625,0.1397247314453125,0.0,4.228277818093781,0.996277752479537,1.1405237337317658e-08,18562.14682064518,0,4,clean,,,,
27106,15872,21778,13273,0.171417236328125,0.1297760009765625,0.0,4.229460852734735,0.997069239120687,6.095749617195098e-08,16406.19159767303,1,4,v0,nsF5,3,0.25,0.0316
26370,16089,21091,13388,0.1568756103515625,0.1175384521484375,0.0,4.230436829008712,0.9979086592621238,2.308459183903917e-06,13826.560339659642,1,4,v1,nsF5,3,0.55,0.0694
26059,16117,20739,13414,0.151702880859375,0.1117706298828125,0.0,4.230743314633269,0.9983604300289245,1.1770929864844216e-09,12217.988112779489,1,4,v2,nsF5,2,0.35,0.0887
24640,16692,19496,13788,0.12127685546875,0.08709716796875,0.0,4.2295321840818945,0.9996411767709978,3.964116998563859e-17,5779.128194209751,1,4,v3,nsF5,2,0.85,0.2153
25975,16405,20880,13580,0.146026611328125,0.11138916015625,0.0,4.231193394729133,0.9977700522173992,4.3968585876335303e-05,14241.026628168334,1,4,v4,matrix,3,0.5,0.0626
23264,17829,18696,14444,0.0829315185546875,0.06488037109375,0.0,4.232316141544476,0.9995421624702654,5.1291134147848035e-06,6326.230537125833,1,4,v5,matrix,2,0.8,0.2011
44468,3389,43301,4599,0.6268157958984375,0.590545654296875,0.0,1.9605199147610537,0.9113609085041219,0.0,24552.022812886462,0,5,clean,,,,
42744,3605,41339,4738,0.5972137451171875,0.5584869384765625,0.0,2.0060773110442174,0.9318619808722604,0.0,22277.81112292171,1,5,v0,nsF5,3,0.25,0.0313
40909,3962,39389,5108,0.5637664794921875,0.5230865478515625,0.0,2.0513640686965093,0.9517478794101555,0.0,19420.766823447164,1,5,v1,nsF5,3,0.55,0.0691
40086,4224,38377,5285,0.547210693359375,0.50494384765625,0.0,2.0711638039519324,0.9600779170626629,0.0,17544.246700816937,1,5,v2,nsF5,2,0.35,0.0884
35944,5776,33725,6658,0.4603271484375,0.4130096435546875,0.0,2.1523345671782845,0.991062040713439,0.0,10294.6472342989,1,5,v3,nsF5,2,0.85,0.2144
37709,4629,36428,5755,0.5047607421875,0.4680328369140625,0.0,2.044160475078257,0.9485750784088169,0.0,18922.26148853249,1,5,v4,matrix,3,0.5,0.0627
26922,8743,25573,9508,0.2773895263671875,0.2451324462890625,0.0,2.1612258016294086,0.9891663101274666,0.0,8253.189124050787,1,5,v5,matrix,2,0.8,0.2014
59645,967,59645,967,0.895355224609375,0.895355224609375,0.0,0.49719471108094304,0.49719471108094304,0.0,133862.57887480754,0,6,clean,,,,
58759,970,58640,972,0.8817901611328125,0.87994384765625,0.0,0.6614917720584649,0.6300487816162483,0.0,134659.70249410858,1,6,v0,nsF5,3,0.25,0.0321
57775,1060,57513,1075,0.8654022216796875,0.861175537109375,0.0,0.8028024588767397,0.7464993075555155,0.0,135492.4101776073,1,6,v1,nsF5,3,0.55,0.0702
56852,1260,56524,1246,0.8482666015625,0.843475341796875,0.0,0.852381432008413,0.7841017229215005,0.0,136190.62752921437,1,6,v2,nsF5,2,0.35,0.0876
54104,2163,53409,2102,0.7925567626953125,0.7828826904296875,0.0,1.0695540684328988,0.9505668528932194,0.0,139455.95535819422,1,6,v3,nsF5,2,0.85,0.2132
47306,2127,47151,2119,0.6893768310546875,0.6871337890625,0.0,0.7840216057230996,0.7300407517802334,0.0,100010.89156124704,1,6,v4,matrix,3,0.5,0.0639
29887,7449,29456,7433,0.342376708984375,0.3360443115234375,0.0,1.0814001288971193,0.941214006329011,0.0,47710.25000202865,1,6,v5,matrix,2,0.8,0.2006
30720,13537,25096,11447,0.2621917724609375,0.2082672119140625,6.053770124888763e-59,4.6811471925541,0.998066596403159,6.11605887169028e-57,575.3962529800176,0,7,clean,,,,
30349,13673,24639,11538,0.25445556640625,0.1999053955078125,5.491827110761441e-59,4.683896236387393,0.99850090185102,2.1006021303088627e-56,575.643759207736,1,7,v0,nsF5,3,0.25,0.0317
29895,13888,24210,11640,0.2442474365234375,0.191802978515625,6.073649201179043e-58,4.686624992072512,0.9989262303184416,2.703115521579301e-54,569.5295317780344,1,7,v1,nsF5,3,0.55,0.0693
29747,13816,23994,11570,0.2430877685546875,0.1895751953125,3.9530392847850645e-57,4.687473047830357,0.9991677401093233,1.4174906506336676e-55,564.7517190741232,1,7,v2,nsF5,2,0.35,0.0886
28773,14429,22888,12020,0.2188720703125,0.16583251953125,1.1965960635506134e-52,4.691657975936038,0.9998286748739991,1.0095294193747851e-44,538.2259269063047,1,7,v3,nsF5,2,0.85,0.2149
28537,14326,23079,11992,0.2168426513671875,0.1691741943359375,1.4202826867457952e-43,4.687281636360558,0.9988664671694498,1.1916857774603436e-41,483.25233238167857,1,7,v4,matrix,3,0.5,0.0626
24757,16173,19649,13557,0.1309814453125,0.09295654296875,5.679561003306793e-17,4.697926986129296,0.9997868771659749,2.1170811253542336e-14,304.2881662985075,1,7,v5,matrix,2,0.8,0.2009
25400,20749,18788,15046,0.0709686279296875,0.057098388671875,3.7690541001535924e-47,5.714644829295128,0.9996907487059843,3.138386747894357e-48,508.85534775006187,0,8,clean,,,,
25252,20787,18595,15026,0.0681304931640625,0.0544586181640625,1.3749229768097535e-41,5.714084475827961,0.9997939270555598,1.4491207239639177e-43,474.5683484282972,1,8,v0,nsF5,3,0.25,0.0318
25142,20833,18495,15163,0.0657501220703125,0.05084228515625,1.663989820724736e-39,5.713236388064667,0.9998784624772643,2.4180822220904976e-40,461.5081520162385,1,8,v1,nsF5,3,0.55,0.0704
25076,20821,18484,15026,0.0649261474609375,0.052764892578125,1.484114983648071e-39,5.712996592765214,0.9998709780347093,2.2456113620128585e-39,461.8212223230899,1,8,v2,nsF5,2,0.35,0.0890
24824,20911,18152,15119,0.0597076416015625,0.0462799072265625,1.3889969588297369e-47,5.709026479673345,0.999991369005387,3.4128779667766937e-41,511.4953592407354,1,8,v3,nsF5,2,0.85,0.2169
24753,21012,18194,15263,0.0570831298828125,0.0447235107421875,1.4531841994909181e-28,5.715020004241298,0.9998396271620318,4.067906416460813e-29,390.3175212619131,1,8,v4,matrix,3,0.5,0.0626
23824,21517,17404,15571,0.0352020263671875,0.0279693603515625,9.547973113714722e-15,5.714645010948604,0.9999779350931993,1.6455311777718774e-13,289.81770680851116,1,8,v5,matrix,2,0.8,0.1999
31676,5209,26790,9041,0.4038543701171875,0.2708282470703125,8.497551961305724e-71,2.455927200454812,0.9998370680748301,2.7764733751555894e-36,627.2937950217041,0,9,clean,,,,
31359,5392,26620,9116,0.3962249755859375,0.26708984375,2.6561489267511588e-71,2.4650718840205332,0.9999005476102285,3.93012448159063e-37,630.137794405435,1,9,v0,nsF5,3,0.25,0.0315
30980,5690,26362,9244,0.385894775390625,0.261199951171875,1.5816813908277766e-73,2.475129072493435,0.9999271631254065,1.0527381631719018e-39,642.63468832022,1,9,v1,nsF5,3,0.55,0.0694
30722,5773,26133,9256,0.3806915283203125,0.2575225830078125,3.228351768746561e-62,2.4794160456755185,0.9999404073770151,1.942668137017662e-32,578.5105136084036,1,9,v2,nsF5,2,0.35,0.0882
29993,6487,25511,9619,0.358673095703125,0.24249267578125,3.639011048010394e-55,2.5033402385693577,0.9999841345082154,3.5602309545041765e-31,537.6485524317491,1,9,v3,nsF5,2,0.85,0.2144
29043,6486,25028,10005,0.3441925048828125,0.2292327880859375,6.323605776602721e-52,2.475077482225656,0.9999235168654539,2.7388543469854125e-27,518.5992634611163,1,9,v4,matrix,3,0.5,0.0626
24057,9617,21414,12110,0.2203369140625,0.1419677734375,1.1097228556243904e-14,2.5185738824663373,0.9999840827446278,9.125366346809756e-08,274.4869171141017,1,9,v5,matrix,2,0.8,0.2004
31761,3796,27512,8731,0.4267120361328125,0.2865753173828125,4.631122882568548e-70,2.414705825651252,0.9998521976645157,1.1897299573356568e-53,629.317903613519,0,10,clean,,,,
31535,3978,27175,8798,0.4204864501953125,0.2804107666015625,9.724536439988263e-66,2.425111644609977,0.9998908695737883,7.209090044695954e-48,604.7292076182306,1,10,v0,nsF5,3,0.25,0.0319
31106,4290,26821,8846,0.4091796875,0.2742767333984375,1.043202306738924e-64,2.4364358081964004,0.9999222625746377,4.85971138963328e-48,598.8319402738097,1,10,v1,nsF5,3,0.55,0.0701
30785,4365,26800,8950,0.40313720703125,0.272369384765625,1.0451461784299202e-66,2.441996755182881,0.9998873829977035,4.0426530657751184e-52,610.2602025630014,1,10,v2,nsF5,2,0.35,0.0890
29915,5112,26080,9223,0.3784637451171875,0.2572174072265625,5.381908298430136e-69,2.4684211337304496,0.9999694011522765,5.683630087235782e-52,623.2788648175905,1,10,v3,nsF5,2,0.85,0.2156
28931,5080,25336,9670,0.3639373779296875,0.239044189453125,1.4959975428366954e-43,2.437152538828166,0.9999129547487395,2.0408483812379137e-32,473.93229409845793,1,10,v4,matrix,3,0.5,0.0627
23794,8211,21792,11825,0.2377777099609375,0.1520843505859375,1.5081122292756503e-19,2.484972441294964,0.9999615555711456,5.3786229483049434e-14,315.8704840475627,1,10,v5,matrix,2,0.8,0.2001
32069,4967,26871,8989,0.413543701171875,0.272857666015625,3.808484038682506e-57,2.703099617808201,0.9998491031345011,5.2312913003307804e-27,560.9566505661069,0,11,clean,,,,
31731,5192,26543,9017,0.4049530029296875,0.267425537109375,1.226071638190965e-56,2.7087174673589582,0.9999022239630624,6.887214861986977e-27,557.9767268213877,1,11,v0,nsF5,3,0.25,0.0318
31330,5432,26247,9139,0.395172119140625,0.26104736328125,9.038016057314644e-57,2.714836730858476,0.9999254352482101,1.553209040919064e-27,558.7544142770558,1,11,v1,nsF5,3,0.55,0.0695
31301,5585,26323,9175,0.39239501953125,0.26165771484375,1.0803261429443288e-65,2.7180106930565335,0.9999361747605211,1.6846133705532312e-33,610.5187730332557,1,11,v2,nsF5,2,0.35,0.0884
30557,6188,25739,9332,0.3718414306640625,0.2503509521484375,4.5201364940382814e-61,2.7327525810675133,0.9999828689134356,1.9245731094879945e-29,583.8544733094865,1,11,v3,nsF5,2,0.85,0.2146
29194,6250,24824,9941,0.35009765625,0.2270965576171875,4.51685193416697e-41,2.7154693598836954,0.9999211711134044,5.920692659419703e-20,464.11975382167685,1,11,v4,matrix,3,0.5,0.0628
24306,9297,21676,11849,0.2290191650390625,0.1499481201171875,1.0837955535857301e-16,2.7430921123803618,0.9999851520755572,4.859667208291086e-08,299.1069781562895,1,11,v5,matrix,2,0.8,0.2010
28205,17033,20556,12931,0.17047119140625,0.1163482666015625,6.7106815666914784e-74,3.7888146869388604,0.9999995992882438,6.058593251668755e-49,627.8622696782664,0,12,clean,,,,
28162,17002,20617,12924,0.1702880859375,0.1173858642578125,2.9695936469068484e-79,3.7894256432385864,0.999999935886124,1.3511777544101085e-54,659.5810192036573,1,12,v0,nsF5,3,0.25,0.0324
28189,17007,20541,12875,0.170623779296875,0.116973876953125,2.6063423526334306e-90,3.790364643927164,0.9999994853079974,3.737122599398546e-64,719.9204276756037,1,12,v1,nsF5,3,0.55,0.0709
28055,17117,20545,12943,0.166900634765625,0.115997314453125,3.715336459843999e-88,3.790996583719024,0.999998413549845,3.1143225906997536e-63,703.8092567386939,1,12,v2,nsF5,2,0.35,0.0902
28056,17155,20397,13040,0.1663360595703125,0.1122589111328125,9.839409439530679e-127,3.792509548358555,0.999998716447007,1.0588036351843644e-101,906.0123855104413,1,12,v3,nsF5,2,0.85,0.2179
27371,17668,19942,13251,0.1480560302734375,0.1020965576171875,3.044558963836301e-57,3.7914170461571386,0.9999999855733244,6.100242989368027e-39,533.877442001123,1,12,v4,matrix,3,0.5,0.0628
25476,18991,18716,14383,0.0989532470703125,0.0661163330078125,2.238983547702317e-19,3.7980600340072193,0.9999981499176811,6.739531918680911e-13,297.2861059463591,1,12,v5,matrix,2,0.8,0.2000
35593,6110,30721,7517,0.4498748779296875,0.35406494140625,1.1819331051829141e-64,2.7239954593952804,0.9984692983176662,1.7574391873461169e-50,612.5372956795521,0,13,clean,,,,
35055,6319,30171,7673,0.4384765625,0.343292236328125,1.527409552742368e-64,2.7375650597827192,0.9988908263738966,9.58813791023126e-54,611.8935478112242,1,13,v0,nsF5,3,0.25,0.0322
34596,6607,29646,7855,0.4270782470703125,0.3325042724609375,6.054012094238985e-60,2.7516656238163173,0.9991681147779099,2.4321981903034814e-52,585.1571972240436,1,13,v1,nsF5,3,0.55,0.0704
34276,6806,29365,7889,0.419158935546875,0.32769775390625,2.2852498690919013e-65,2.75647234127989,0.9993176748897742,2.2738144814402708e-51,616.6586535713312,1,13,v2,nsF5,2,0.35,0.0894
32948,7555,27899,8430,0.3874664306640625,0.2970733642578125,9.826450664130262e-71,2.786566840128184,0.9998380610924593,1.041906359871465e-52,647.4368846449445,1,13,v3,nsF5,2,0.85,0.2172
32293,7422,27864,8662,0.3795013427734375,0.292999267578125,1.524106839758552e-45,2.751147578436712,0.9991321444000069,8.210891732270368e-38,499.0317711622007,1,13,v4,matrix,3,0.5,0.0627
26032,10732,22616,11287,0.23345947265625,0.1728668212890625,5.8076596415919945e-18,2.8054455212151046,0.999799205660169,1.809170318917239e-14,314.8832334176754,1,13,v5,matrix,2,0.8,0.2007
24858,12630,21010,13002,0.18658447265625,0.1221923828125,3.939702751733524e-24,4.443810695696205,0.9999900642128811,1.1747942242970357e-12,359.8080726287984,0,14,clean,,,,
24818,12714,20908,13027,0.1846923828125,0.1202545166015625,2.0379927965843926e-23,4.443991895463896,0.9999960142188165,1.2329232133472646e-11,354.7751372704199,1,14,v0,nsF5,3,0.25,0.0321
24798,12755,20809,13077,0.1837615966796875,0.11798095703125,7.991899634875377e-22,4.444253720398246,0.9999981233300009,8.755826554893375e-11,343.3983087281755,1,14,v1,nsF5,3,0.55,0.0705
24783,12874,20909,13167,0.1817169189453125,0.118133544921875,2.726918965820167e-17,4.444855624107084,0.9999966359684962,5.809579006350665e-11,309.76121117521126,1,14,v2,nsF5,2,0.35,0.0898
24465,13111,20508,13110,0.173248291015625,0.112884521484375,1.741786153611411e-18,4.445045156093926,0.9999996661104251,6.022432295757015e-13,318.83503464996977,1,14,v3,nsF5,2,0.85,0.2175
23843,13223,20240,13476,0.16204833984375,0.10321044921875,8.325148478567785e-21,4.445650244545042,0.9999976622133734,7.36191128379855e-10,336.02154859629576,1,14,v4,matrix,3,0.5,0.0627
21711,14763,18705,14392,0.10601806640625,0.0658111572265625,5.485179862963312e-06,4.452118440621501,0.999999695448534,3.4753050220660906e-05,209.63468496940285,1,14,v5,matrix,2,0.8,0.2000
37048,10570,33098,8582,0.404022216796875,0.37408447265625,5.2747298657505356e-58,3.9394535783136733,0.9643628673285292,1.6724945416446353e-55,573.7784900696612,0,15,clean,,,,
36082,10705,32018,8742,0.3872222900390625,0.35516357421875,8.095528130338373e-55,3.96358984959533,0.9729783953732641,3.674608850502603e-51,554.9555538237755,1,15,v0,nsF5,3,0.25,0.0314
35045,10953,30906,9056,0.36761474609375,0.333404541015625,1.904295266276944e-52,3.986234809455505,0.9808655600575211,1.2864971177626531e-48,540.8256175091116,1,15,v1,nsF5,3,0.55,0.0689
34786,11106,30451,9123,0.361328125,0.325439453125,2.262309186999129e-53,3.9954856795671074,0.9837230940981525,4.283929717467199e-51,546.3507850473975,1,15,v2,nsF5,2,0.35,0.0882
32590,12144,27925,9963,0.311981201171875,0.274078369140625,2.0439980481733506e-43,4.034737226415048,0.9962749756169125,2.5247856166924983e-40,485.92547146801274,1,15,v3,nsF5,2,0.85,0.2134
32733,11462,28644,9575,0.3245697021484375,0.2909698486328125,9.825456652542556e-40,3.9843836140970903,0.9794822103716254,1.1411729293121029e-36,462.94924384200425,1,15,v4,matrix,3,0.5,0.0624
26075,14356,22140,12149,0.1788177490234375,0.1524505615234375,8.530101538088038e-12,4.0407712949046255,0.9955525167198197,6.158037481706067e-12,265.333092573816,1,15,v5,matrix,2,0.8,0.2004
33737,15057,29005,10958,0.2850341796875,0.2753753662109375,3.2567168955554824e-190,4.948081585247162,0.9709800996504305,2.9124465787293983e-187,1282.9226311402265,0,16,clean,,,,
32912,15146,28022,11046,0.271087646484375,0.259033203125,6.831230409240032e-177,4.971722656090064,0.9781283051466465,8.730903147613148e-173,1214.761861567289,1,16,v0,nsF5,3,0.25,0.0320
32119,15292,27127,11190,0.2567596435546875,0.2431793212890625,1.4586015282387662e-164,4.993358352283349,0.9846886510314102,6.833527162619183e-161,1151.2868721619134,1,16,v1,nsF5,3,0.55,0.0703
31764,15357,26867,11303,0.2503509521484375,0.23748779296875,2.911924951192102e-170,5.0008422114035564,0.986877040600451,2.371365615237273e-162,1180.6805227001983,1,16,v2,nsF5,2,0.35,0.0887
29850,16111,24754,12039,0.2096405029296875,0.1940155029296875,4.324467902386675e-135,5.032567009467101,0.9971043171544445,5.399426585362812e-122,997.7035620330892,1,16,v3,nsF5,2,0.85,0.2156
30387,15557,25504,11451,0.226287841796875,0.2144317626953125,1.730553920652414e-136,4.9898997513500545,0.9831635084464936,4.51592350691218e-133,1005.0561554558103,1,16,v4,matrix,3,0.5,0.0629
25180,17540,20440,13494,0.1165771484375,0.105987548828125,1.7040201329406473e-58,5.036548332055695,0.9961980046526087,1.7676459041934143e-54,576.662284635128,1,16,v5,matrix,2,0.8,0.1999
22631,8087,21544,12480,0.221923828125,0.1383056640625,1.1039059068570604e-40,3.6111348007803197,0.9999176155167269,5.79659498184437e-07,452.6277164518716,0,17,clean,,,,
22544,8164,21451,12504,0.21942138671875,0.1365203857421875,1.58008770773925e-36,3.6125663708743962,0.9999262180881743,6.526380423981207e-07,426.6845401383271,1,17,v0,nsF5,3,0.25,0.0316
22471,8262,21333,12571,0.2168121337890625,0.133697509765625,1.9407080382401854e-31,3.613897326762741,0.9999430831600561,2.4896874423773414e-06,394.0915682633112,1,17,v1,nsF5,3,0.55,0.0694
22474,8275,21359,12452,0.2166595458984375,0.1359100341796875,6.957359437518706e-35,3.614110558930359,0.9999675790861344,2.765079309279161e-07,416.2654520439967,1,17,v2,nsF5,2,0.35,0.0884
22080,8701,21174,12623,0.2041473388671875,0.1304779052734375,1.2212874882300666e-31,3.616593268490809,0.9999953956725511,9.168631279283422e-12,395.3995121100973,1,17,v3,nsF5,2,0.85,0.2141
21355,8762,20636,12950,0.1921539306640625,0.117279052734375,8.102761327384564e-27,3.614578006058266,0.9999366924078013,0.0002722834781377634,363.51357423011297,1,17,v4,matrix,3,0.5,0.0625
18834,10541,19068,13973,0.1265411376953125,0.0777435302734375,9.05764033483512e-17,3.6212635788129113,0.999992775226778,0.00016771507842183904,292.1063986208852,1,17,v5,matrix,2,0.8,0.2002
25997,16537,19691,13372,0.14434814453125,0.0964202880859375,1.5162536126679066e-114,3.5918079145567288,0.9999999991464128,1.2488050123937706e-66,856.3684271425103,0,18,clean,,,,
25945,16546,19711,13409,0.1434173583984375,0.096160888671875,5.879102579545944e-117,3.5933313173419075,0.9999998246352666,6.437088976592648e-69,869.1084407845461,1,18,v0,nsF5,3,0.25,0.0312
25952,16580,19704,13442,0.14300537109375,0.095550537109375,3.115433366942904e-126,3.5956703650112942,0.9999999325560804,4.554764157723634e-74,917.8687378849046,1,18,v1,nsF5,3,0.55,0.0686
25858,16657,19577,13378,0.1403961181640625,0.0945892333984375,3.8030426737551253e-112,3.5963534739220884,0.999998634260219,1.8663769525347608e-62,843.6644413640205,1,18,v2,nsF5,2,0.35,0.0878
25843,16852,19579,13493,0.1371917724609375,0.092864990234375,4.911676247154274e-103,3.601187588754334,0.9999996990209546,2.2351681530515916e-61,795.1510043067143,1,18,v3,nsF5,2,0.85,0.2129
25288,17151,19218,13827,0.1241607666015625,0.0822601318359375,3.629769275966349e-90,3.595650231353026,0.9999999375195315,2.139623493657329e-53,725.7883449033645,1,18,v4,matrix,3,0.5,0.0624
23847,18480,18282,14605,0.0818939208984375,0.0561065673828125,1.0225466391725233e-21,3.6045020013667606,0.9999993413678829,6.061418144249316e-14,320.26597810125526,1,18,v5,matrix,2,0.8,0.2004
26920,15871,20921,13164,0.1685943603515625,0.1183624267578125,1.2822936064650215e-55,5.2166851481428544,0.9999079789837045,1.4578828180635972e-36,559.7001592343046,0,19,clean,,,,
26842,15982,20785,13197,0.16571044921875,0.11578369140625,5.519291509176963e-53,5.218126105109092,0.999938843509138,1.832516291628441e-32,544.0396654645521,1,19,v0,nsF5,3,0.25,0.0316
26750,16071,20651,13324,0.1629486083984375,0.1118011474609375,1.4668190228927888e-42,5.219654173337482,0.9999686059349344,1.082865394017378e-27,480.6188970874424,1,19,v1,nsF5,3,0.55,0.0692
26563,16157,20663,13303,0.158782958984375,0.1123046875,1.6190062115903704e-40,5.220036029242043,0.9999709609829954,9.937832924106986e-28,467.8694011932399,1,19,v2,nsF5,2,0.35,0.0888
26261,16506,20394,13402,0.1488494873046875,0.106689453125,1.5860371263490634e-34,5.222481566110673,0.9999999725903699,2.4024406199825973e-26,429.7091851347124,1,19,v3,nsF5,2,0.85,0.2142
25914,16469,20082,13649,0.1441192626953125,0.0981597900390625,1.3820724828905167e-33,5.220110256377444,0.9999638549847182,1.1115247765972207e-19,423.6015483131942,1,19,v4,matrix,3,0.5,0.0625
23786,17880,18707,14505,0.090118408203125,0.064117431640625,8.938131078741438e-14,5.227266843963614,0.9999986942853436,4.4050450873766284e-10,281.94159862276103,1,19,v5,matrix,2,0.8,0.2005
39452,8385,35281,6926,0.4740447998046875,0.4326629638671875,0.0,3.43404226086997,0.9630917201548923,0.0,2061.5699143581282,0,20,clean,,,,
38429,8646,34122,7131,0.4544525146484375,0.4118499755859375,0.0,3.4643639899661323,0.9719559527381112,0.0,2013.4203372814457,1,20,v0,nsF5,3,0.25,0.0314
37502,9015,32934,7384,0.4346771240234375,0.389862060546875,0.0,3.493898199975351,0.9798133658860255,0.0,2004.1741107310047,1,20,v1,nsF5,3,0.55,0.0690
37022,9086,32447,7507,0.42626953125,0.38055419921875,0.0,3.505763966783842,0.9830370059728881,2.93010903e-316,1995.9239050813005,1,20,v2,nsF5,2,0.35,0.0879
34856,10228,29706,8421,0.37579345703125,0.3247833251953125,8.069633e-318,3.5587434156902824,0.99612712550603,9.962485359184526e-303,1915.1190242836276,1,20,v3,nsF5,2,0.85,0.2129
34720,9671,30525,8035,0.3822174072265625,0.343170166015625,8.341854560515073e-259,3.4907896158913077,0.9785950138353685,6.97311973523299e-250,1623.01676292454,1,20,v4,matrix,3,0.5,0.0625
27292,12863,23066,11248,0.2201690673828125,0.180328369140625,1.3268824329419674e-111,3.570059443933789,0.9952001612742691,9.715002640574666e-103,868.3449879726788,1,20,v5,matrix,2,0.8,0.1998
48370,1737,45993,2108,0.7115631103515625,0.6696319580078125,0.0,1.4384544730350557,0.8945828073154343,6.244535487610081e-291,2316.266427385741,0,21,clean,,,,
46805,2123,44185,2474,0.681793212890625,0.6364593505859375,0.0,1.5050057596851958,0.9198751316915779,4.052195847587124e-266,2211.711394376628,1,21,v0,nsF5,3,0.25,0.0325
44993,2605,42130,2896,0.64678955078125,0.598663330078125,0.0,1.5677749195960535,0.9443393127739876,9.76518331120562e-243,2105.1871322584,1,21,v1,nsF5,3,0.55,0.0712
44135,2964,40982,3183,0.6282196044921875,0.5767669677734375,0.0,1.5938688354830963,0.9536531391566587,1.350565256736821e-233,2022.1781874825597,1,21,v2,nsF5,2,0.35,0.0904
40271,4913,36385,4773,0.539520263671875,0.48236083984375,1.196336903376e-312,1.7059219895440036,0.9902718618822464,1.2115169751739202e-188,1851.275152615303,1,21,v3,nsF5,2,0.85,0.2193
40842,3399,38347,3745,0.5713348388671875,0.527984619140625,1.900870291357e-311,1.5597668379692369,0.9388739153505412,4.431996376501194e-216,1845.3943015118548,1,21,v4,matrix,3,0.5,0.0628
28821,8541,26362,8634,0.3094482421875,0.2705078125,4.429662084052502e-119,1.7315527621639852,0.9869583535208261,3.17721459236162e-81,877.9378566047616,1,21,v5,matrix,2,0.8,0.2006
34512,8772,31244,8716,0.39276123046875,0.34375,1.3843027054144556e-193,3.558539831128065,0.9949320291253528,4.216967241435785e-265,1300.1098432592141,0,22,clean,,,,
33774,8915,30433,8881,0.3793182373046875,0.328857421875,7.956758874361668e-194,3.573697795767809,0.9960240867725164,3.5513634465296573e-252,1301.334891215522,1,22,v0,nsF5,3,0.25,0.0328
33084,9119,29616,9117,0.3656768798828125,0.3127899169921875,2.9546711751899534e-192,3.5893620135339925,0.9970994189689448,9.774896163841616e-249,1293.336468404889,1,22,v1,nsF5,3,0.55,0.0720
32835,9177,29321,9088,0.360992431640625,0.3087310791015625,3.806077947884187e-185,3.594731985865532,0.9976851877568141,7.60824897626214e-239,1257.0420266592519,1,22,v2,nsF5,2,0.35,0.0913
31370,9797,27524,9687,0.3291778564453125,0.2721710205078125,4.717276475847801e-196,3.6227881110749514,0.9993985810085918,4.1879998076739615e-207,1312.6733881535142,1,22,v3,nsF5,2,0.85,0.2228
31049,9719,27870,9664,0.325469970703125,0.277801513671875,7.317615883623613e-150,3.5886173386297395,0.996959510703984,5.962895866341047e-208,1075.0409523055414,1,22,v4,matrix,3,0.5,0.0625
25200,12438,22233,12050,0.194732666015625,0.1553802490234375,7.595518514588353e-63,3.637685708103125,0.9993765652451214,5.938272602565498e-88,602.064503950258,1,22,v5,matrix,2,0.8,0.2005
25835,14399,20551,12966,0.17449951171875,0.1157379150390625,4.836055049443374e-29,3.8655370709214902,0.999998005924787,9.97382276350298e-13,393.5374265345777,0,23,clean,,,,
25868,14469,20515,12923,0.1739349365234375,0.1158447265625,3.1642094829371534e-26,3.8669717456063983,0.9999985883561724,8.5856901678451e-11,374.37903476770697,1,23,v0,nsF5,3,0.25,0.0316
25851,14537,20373,13081,0.172637939453125,0.11126708984375,3.5486536942528737e-25,3.868468983191172,0.9999996735714098,6.611532820841776e-10,367.1146998931438,1,23,v1,nsF5,3,0.55,0.0694
25723,14642,20494,13041,0.1690826416015625,0.1137237548828125,1.6169709051035605e-26,3.8684088263897625,0.9999999831390203,1.2741176886176607e-08,376.3842469689539,1,23,v2,nsF5,2,0.35,0.0879
25567,14832,20374,13028,0.1638031005859375,0.112091064453125,1.5661133266187675e-20,3.871422749972359,0.9999984782960534,8.646540751362018e-06,334.0165846736868,1,23,v3,nsF5,2,0.85,0.2138
24973,15037,19821,13425,0.151611328125,0.09759521484375,1.6052458600891762e-17,3.868231507048417,0.9999995128757055,8.565501392721155e-07,311.5222615059952,1,23,v4,matrix,3,0.5,0.0627
23062,16591,18729,14247,0.0987396240234375,0.068389892578125,1.3318975850439897e-06,3.874841037224869,0.9999970621409151,0.04406482618097201,216.29343266527792,1,23,v5,matrix,2,0.8,0.2000
34217,1757,32839,7575,0.49530029296875,0.385498046875,2.1511673159391857e-235,2.653701477423479,0.9931523285967865,2.8320606593656523e-231,1486.838803699844,0,24,clean,,,,
33541,2026,32124,7654,0.4808807373046875,0.373382568359375,2.1342317786574513e-226,2.663634685430814,0.9947286102427347,2.4755566496531204e-220,1441.849153851063,1,24,v0,nsF5,3,0.25,0.0316
32855,2329,31273,7705,0.465789794921875,0.359619140625,7.361824890736345e-205,2.673871176151589,0.9963019069156496,3.743162265808222e-201,1333.6276358317325,1,24,v1,nsF5,3,0.55,0.0696
32390,2511,30956,7880,0.4559173583984375,0.35211181640625,8.42534209625462e-205,2.6785756816965534,0.996989183177176,4.8171903798791157e-200,1333.3320963411923,1,24,v2,nsF5,2,0.35,0.0889
30940,3553,29243,8386,0.4178924560546875,0.3182525634765625,7.666000819943121e-175,2.699426272566441,0.9992874927760724,7.939645046168602e-160,1181.35195312436,1,24,v3,nsF5,2,0.85,0.2156
30098,3017,29028,8352,0.4132232666015625,0.31549072265625,8.908802045835551e-171,2.6748004564599963,0.9960006852798302,1.7837768358711535e-168,1160.5765248179237,1,24,v4,matrix,3,0.5,0.0625
23149,6688,23083,11202,0.2511749267578125,0.1812896728515625,6.443516154516639e-66,2.7118887191387833,0.9991686766225352,1.5806457990241922e-62,601.6948751378926,1,24,v5,matrix,2,0.8,0.2008
25086,14287,20895,13081,0.1647796630859375,0.119232177734375,1.623069360512834e-50,4.305323603926899,0.9997038524474979,2.0908210766330226e-38,529.2413641035936,0,25,clean,,,,
24981,14382,20765,13137,0.1617279052734375,0.11639404296875,7.028233507922389e-49,4.305667667997387,0.9997843101752473,2.1776632178643777e-35,519.3609165742736,1,25,v0,nsF5,3,0.25,0.0320
24781,14429,20527,13199,0.157958984375,0.11181640625,6.573011068528708e-43,4.305580253832799,0.9998547910692979,4.643850503772461e-31,482.78272059583503,1,25,v1,nsF5,3,0.55,0.0700
24827,14378,20562,13197,0.1594390869140625,0.1123809814453125,1.0723611224449587e-44,4.30567887590949,0.9998736923594218,3.8502912923367243e-32,493.82577919774747,1,25,v2,nsF5,2,0.35,0.0887
24436,14625,20295,13348,0.1497039794921875,0.1060028076171875,1.3751462483356069e-43,4.30538672515842,0.9999672083497588,4.780841360674342e-25,486.9902902063491,1,25,v3,nsF5,2,0.85,0.2154
23980,14924,19992,13520,0.13818359375,0.0987548828125,2.4455118988411632e-33,4.3066271727590735,0.9998424106084295,3.876443172990062e-24,421.9855962893186,1,25,v4,matrix,3,0.5,0.0627
22050,16168,18565,14510,0.089752197265625,0.0618743896484375,4.8320009837281555e-14,4.310189895620168,0.9999631883641134,8.270706223788769e-09,284.1238105707543,1,25,v5,matrix,2,0.8,0.2004
30845,9448,25550,10004,0.3264923095703125,0.237213134765625,6.38638389043127e-123,3.179737992217872,0.9991319530670584,2.0379971623385734e-118,933.3465508417715,0,26,clean,,,,
30537,9562,25309,10054,0.3200531005859375,0.2327728271484375,1.2084109598064134e-112,3.186221196037168,0.9993195395741807,3.613882824940127e-108,878.4634162919376,1,26,v0,nsF5,3,0.25,0.0316
30314,9676,24982,10131,0.314910888671875,0.2266082763671875,1.44160253766399e-105,3.1929032037520737,0.9995037345386745,8.670602312414095e-100,840.3439681731679,1,26,v1,nsF5,3,0.55,0.0694
30201,9857,24949,10292,0.3104248046875,0.2236480712890625,1.3754874285312766e-113,3.195226851945199,0.99959592194379,1.6297561823781178e-109,883.5260011289904,1,26,v2,nsF5,2,0.35,0.0883
29547,10415,24321,10581,0.29193115234375,0.20965576171875,2.423821014994456e-90,3.210029643564559,0.9998987917001669,1.1870538098229393e-88,757.2511444830346,1,26,v3,nsF5,2,0.85,0.2134
28757,10429,23815,10723,0.2796630859375,0.19976806640625,7.342812499704283e-86,3.193060367582984,0.9994739343483299,4.3869719394618497e-82,732.4675395222256,1,26,v4,matrix,3,0.5,0.0626
24695,13181,20847,12757,0.175689697265625,0.123443603515625,2.424801133059989e-47,3.2211580883681847,0.9998699434673739,8.046508422995139e-46,510.0223796126331,1,26,v5,matrix,2,0.8,0.1998
24578,9295,23450,12166,0.2332000732421875,0.17218017578125,1.7106249616187215e-119,3.6708082061951544,0.9966829021317489,1.3375715797378282e-46,915.0985265111999,0,27,clean,,,,
24340,9443,23153,12170,0.2273101806640625,0.1675872802734375,4.5119439045953685e-112,3.6721351380764307,0.997421729114177,1.2573481438777034e-43,875.3919070542942,1,27,v0,nsF5,3,0.25,0.0320
24043,9574,22821,12259,0.2207794189453125,0.161163330078125,1.0760394556454024e-101,3.672941463812282,0.9982040376355885,5.726899173016034e-38,819.355478976118,1,27,v1,nsF5,3,0.55,0.0700
23881,9584,22595,12297,0.2181549072265625,0.157135009765625,3.287536919918413e-95,3.672952491044636,0.9986000586676689,1.0553321320366167e-36,783.9920559304765,1,27,v2,nsF5,2,0.35,0.0896
23236,9950,21831,12389,0.202728271484375,0.144073486328125,4.932340977161654e-92,3.671911790579425,0.9997080833578664,5.226183525118029e-36,766.5636288500191,1,27,v3,nsF5,2,0.85,0.2161
22822,10032,21938,12639,0.195159912109375,0.1418914794921875,1.3149110053362013e-83,3.6746674612033403,0.9980525732263106,2.8226126569388045e-33,719.9432145446153,1,27,v4,matrix,3,0.5,0.0625
19694,11799,19275,13925,0.1204681396484375,0.081634521484375,1.073395291725289e-32,3.68095988589102,0.999587393051969,3.821030554701194e-14,417.78510718829017,1,27,v5,matrix,2,0.8,0.1996
24475,9683,22215,12404,0.2257080078125,0.1497039794921875,1.9371413312382965e-50,3.7814986836460425,0.9990102860155077,3.9534008203643735e-42,504.0337641140581,0,28,clean,,,,
24407,9788,22049,12443,0.2230682373046875,0.146575927734375,2.2600126660533267e-46,3.78211549574923,0.9991928408108268,9.960090683031146e-39,479.8192404904387,1,28,v0,nsF5,3,0.25,0.0320
24259,9848,21900,12472,0.2198944091796875,0.14385986328125,1.0530577237375577e-46,3.7828180129420232,0.9994230120018355,1.2012267264194604e-37,481.807176668678,1,28,v1,nsF5,3,0.55,0.0700
23992,10003,21727,12486,0.2134552001953125,0.1410064697265625,4.570846871856527e-47,3.7830091971183863,0.9995850154520988,3.5599974637439065e-40,483.9769091887473,1,28,v2,nsF5,2,0.35,0.0895
23589,10387,21295,12658,0.201446533203125,0.1317901611328125,2.8973240004450574e-57,3.782613707625951,0.9999316359833985,4.325717837672794e-46,543.9623147904481,1,28,v3,nsF5,2,0.85,0.2165
23057,10384,21114,12886,0.1933746337890625,0.12554931640625,9.269830053114615e-31,3.7842640070024816,0.9993806122520847,1.621351352090262e-26,382.7666989349495,1,28,v4,matrix,3,0.5,0.0625
20264,12202,18977,14101,0.123016357421875,0.07440185546875,2.3936565936607986e-12,3.7893800798666772,0.9999092822765385,1.7191284944870763e-09,251.33745486622666,1,28,v5,matrix,2,0.8,0.2007
35139,12748,30365,9987,0.3416595458984375,0.310943603515625,1.1110233631150526e-63,3.891436671352316,0.9908352588937147,4.609923057031889e-55,606.906114517999,0,29,clean,,,,
34303,12838,29454,10018,0.3275299072265625,0.29656982421875,7.840807871123763e-62,3.8994336163528227,0.9930940423715413,1.640322889135571e-51,596.1713391805887,1,29,v0,nsF5,3,0.25,0.0321
33578,12958,28604,10111,0.31463623046875,0.2821807861328125,7.471874909454002e-63,3.90669789601817,0.9950021618715601,6.708313400964899e-51,602.1058842354275,1,29,v1,nsF5,3,0.55,0.0705
33291,13080,28324,10149,0.3083953857421875,0.2773284912109375,2.955917051837938e-57,3.908608492370779,0.9956948931907859,3.4124189583971853e-44,569.3721883719268,1,29,v2,nsF5,2,0.35,0.0893
31606,13656,26375,10650,0.273895263671875,0.2399444580078125,3.667807292930779e-55,3.920002939374548,0.9988354241522871,4.672701285727479e-46,556.9955356905084,1,29,v3,nsF5,2,0.85,0.2171
31760,13417,26921,10534,0.2798919677734375,0.2500457763671875,4.52998951568971e-48,3.906291803392049,0.9945399356064768,4.552767517561835e-40,514.4533944506635,1,29,v4,matrix,3,0.5,0.0625
26078,15784,21472,12470,0.157073974609375,0.137359619140625,3.533910492810071e-15,3.92680673340139,0.998693473038949,1.1063167475127373e-13,293.267694561269,1,29,v5,matrix,2,0.8,0.1999
33888,14334,29563,10754,0.298370361328125,0.2870025634765625,3.9908020642592235e-89,4.656000040849652,0.9821371948654865,7.354463306471424e-105,750.5393293965503,0,30,clean,,,,
33224,14387,28690,10798,0.2874298095703125,0.27301025390625,5.881419764365446e-83,4.672438599993996,0.9864142373228476,1.2831694058541259e-97,716.3183020777954,1,30,v0,nsF5,3,0.25,0.0316
32370,14532,27838,10900,0.272186279296875,0.258453369140625,1.7089435555835155e-73,4.6887422994938435,0.9904260923716418,1.5260383162481246e-88,663.1277321029352,1,30,v1,nsF5,3,0.55,0.0698
32182,14587,27506,11052,0.2684783935546875,0.251068115234375,5.8965925179182914e-80,4.695997611297928,0.9917642830516002,2.5527150394522464e-90,699.5461017540894,1,30,v2,nsF5,2,0.35,0.0894
30466,15243,25585,11536,0.2322845458984375,0.2143707275390625,7.03163594042955e-77,4.72154629981377,0.9983759126774985,5.669544994859207e-84,682.2622662280808,1,30,v3,nsF5,2,0.85,0.2160
30605,14900,26164,11285,0.2396392822265625,0.2270355224609375,1.3961186472896839e-62,4.687781662865239,0.9896080168676611,7.03516596674347e-76,600.5292246182123,1,30,v4,matrix,3,0.5,0.0625
25455,17010,20868,13137,0.1288604736328125,0.1179656982421875,5.251799177997676e-26,4.728566671540247,0.9978364383286134,3.272680592441526e-28,372.8622129812999,1,30,v5,matrix,2,0.8,0.2002
24647,8650,23173,11783,0.2440948486328125,0.173797607421875,9.776632653022552e-43,3.9388665362266377,0.9995666953680578,6.258932010639464e-23,481.7129045183452,0,31,clean,,,,
24459,8819,22934,11934,0.2386474609375,0.1678466796875,1.583199365450163e-40,3.9412942745395676,0.9996742044876463,1.2467837937089725e-19,467.9303089232853,1,31,v0,nsF5,3,0.25,0.0315
24259,8926,22655,11985,0.2339630126953125,0.162811279296875,1.0517648416187205e-37,3.943723625108836,0.9997759342121453,4.4345391454631714e-17,450.107154504989,1,31,v1,nsF5,3,0.55,0.0692
24254,9034,22713,11902,0.23223876953125,0.1649627685546875,5.431915418414321e-35,3.9450298085615696,0.9998517236699522,1.5158537105471215e-15,432.7191934939949,1,31,v2,nsF5,2,0.35,0.0878
23849,9412,22124,12034,0.2202911376953125,0.153961181640625,7.886191818516124e-28,3.9507150538547515,0.9999675051074767,2.8001898471893286e-11,385.34359997634516,1,31,v3,nsF5,2,0.85,0.2126
23082,9415,21795,12368,0.2085418701171875,0.1438446044921875,4.976324976373607e-31,3.944567737745371,0.99974840906267,1.4023487997609452e-17,406.8061289811838,1,31,v4,matrix,3,0.5,0.0626
20261,11270,19459,13489,0.1371917724609375,0.091094970703125,6.717531566770492e-11,3.956456997474187,0.9999715873345506,7.1623492484598524e-06,257.5230983394854,1,31,v5,matrix,2,0.8,0.1993
61708,590,61550,592,0.932586669921875,0.930145263671875,0.0,0.5324825381024051,0.40209083641277366,0.0,42769.4169674354,0,32,clean,,,,
58711,743,58470,747,0.884521484375,0.8807830810546875,0.0,0.7112675557019463,0.5596023634621967,0.0,41420.298256124835,1,32,v0,nsF5,3,0.25,0.0314
55521,1110,55142,1111,0.8302459716796875,0.8244476318359375,0.0,0.8675510795949283,0.6966971530315798,0.0,40000.15916910084,1,32,v1,nsF5,3,0.55,0.0690
54138,1319,53725,1297,0.8059539794921875,0.79998779296875,0.0,0.9256420279226613,0.7490216945102128,0.0,39048.78324171176,1,32,v2,nsF5,2,0.35,0.0876
47030,3683,46238,3571,0.6614227294921875,0.6510467529296875,0.0,1.1573325139586417,0.9446902557071959,0.0,33865.84329523206,1,32,v3,nsF5,2,0.85,0.2134
48810,1645,48525,1664,0.7196807861328125,0.7150421142578125,0.0,0.847723872617446,0.676723031150593,0.0,32869.444584560086,1,32,v4,matrix,3,0.5,0.0628
29840,7060,29395,7047,0.34759521484375,0.34100341796875,0.0,1.161835075264923,0.933985421180076,0.0,14752.78411061065,1,32,v5,matrix,2,0.8,0.2008
25648,19382,18756,14360,0.095611572265625,0.06707763671875,7.95025042145839e-38,4.817855979257068,0.9999988384468015,1.7823150727193273e-31,450.8800071733425,0,33,clean,,,,
25628,19356,18694,14421,0.095703125,0.0652008056640625,3.401268035510386e-40,4.81798265680892,0.9999995700028242,1.3116703674079436e-33,465.8461204437375,1,33,v0,nsF5,3,0.25,0.0318
25638,19317,18598,14365,0.0964508056640625,0.0645904541015625,1.0101085645201917e-38,4.818378380458831,0.9999991914210327,2.8687345178000994e-33,456.5624629296954,1,33,v1,nsF5,3,0.55,0.0695
25681,19503,18758,14417,0.094268798828125,0.0662384033203125,5.143111985747821e-37,4.818413663726962,1.0,1.0206388183635787e-31,445.7143063263145,1,33,v2,nsF5,2,0.35,0.0883
25546,19594,18731,14331,0.0908203125,0.067138671875,8.879392673946961e-35,4.818943220138492,0.9999999994836324,2.239522550200576e-29,431.33974560869365,1,33,v3,nsF5,2,0.85,0.2137
25235,19673,18297,14619,0.084869384765625,0.056121826171875,7.574888155282709e-31,4.818719737127234,0.9999992487483841,7.278258614745117e-25,405.5960557817511,1,33,v4,matrix,3,0.5,0.0631
24187,20679,17737,15123,0.05352783203125,0.039886474609375,4.4808423859730427e-10,4.82085337461792,0.9999999969544855,2.7630704324691104e-08,250.14992025353516,1,33,v5,matrix,2,0.8,0.2005
24858,15072,20592,13443,0.149322509765625,0.1090850830078125,1.843636031986694e-77,5.0575652628720285,0.9996801543398541,3.5089756177712123e-74,685.5358316696178,0,34,clean,,,,
24752,15129,20469,13493,0.1468353271484375,0.1064453125,1.4416815621630374e-69,5.058157693111907,0.999752920231724,1.2030517373986494e-67,640.7776653022896,1,34,v0,nsF5,3,0.25,0.0319
24644,15159,20365,13571,0.1447296142578125,0.103668212890625,1.5643853581217012e-65,5.058509155171693,0.9998530646835182,1.128170638781036e-62,617.6081681942152,1,34,v1,nsF5,3,0.55,0.0699
24557,15192,20308,13533,0.1428985595703125,0.1033782958984375,2.8360914020269365e-71,5.05890526928099,0.9998269709364342,4.344996830696242e-68,650.512310118949,1,34,v2,nsF5,2,0.35,0.0886
24304,15552,19994,13800,0.133544921875,0.094512939453125,5.315112329162012e-60,5.058746558641349,0.9999581416968732,1.0139274409645763e-53,585.4878388881503,1,34,v3,nsF5,2,0.85,0.2147
23909,15511,19798,13855,0.128143310546875,0.0906829833984375,7.653534422019883e-56,5.059315332215486,0.9998565072521313,4.9365808636869435e-52,561.0269086123315,1,34,v4,matrix,3,0.5,0.0628
22048,16803,18326,14749,0.0800323486328125,0.0545806884765625,2.2157242550507372e-23,5.063912147952418,0.9999561441475944,2.326957755189812e-17,354.5180721983863,1,34,v5,matrix,2,0.8,0.1997
25055,16785,19649,14214,0.126190185546875,0.0829315185546875,6.299385761467833e-43,5.181508484903817,0.9997863080517874,2.693828964739378e-42,482.8972460389674,0,35,clean,,,,
24941,16850,19465,14171,0.1234588623046875,0.080780029296875,3.3097003836024735e-41,5.181688511911123,0.9998245712572181,2.6002228315251323e-41,472.1858654034295,1,35,v0,nsF5,3,0.25,0.0316
24917,16872,19388,14248,0.1227569580078125,0.07843017578125,2.648013002879307e-38,5.181858592286541,0.9998613653329635,2.0491686918128107e-38,453.91134432390686,1,35,v1,nsF5,3,0.55,0.0696
24758,16845,19318,14232,0.1207427978515625,0.077606201171875,3.569568017971174e-31,5.181681384282315,0.9999208248605471,4.0517803973716175e-29,407.761932671867,1,35,v2,nsF5,2,0.35,0.0881
24429,17108,19033,14173,0.1117095947265625,0.07415771484375,6.3663158911592715e-27,5.1811688429814,0.9999887766284148,2.6177000915450694e-24,379.1597735127282,1,35,v3,nsF5,2,0.85,0.2141
24282,17179,18967,14482,0.1083831787109375,0.0684356689453125,4.73129715044887e-33,5.182778004486354,0.9998572839623691,2.016234075698654e-33,420.1136529640346,1,35,v4,matrix,3,0.5,0.0627
22527,18255,17787,15021,0.065185546875,0.042205810546875,1.3553078675812548e-10,5.184712624329475,0.9999870627002678,7.912649076115888e-10,254.8187371468083,1,35,v5,matrix,2,0.8,0.1996
23351,21102,16987,15821,0.0343170166015625,0.017791748046875,4.686465625604028e-10,5.8647278552729185,0.9999922963627668,5.130908850803371e-05,249.97315815547307,0,36,clean,,,,
23348,21098,16984,15831,0.034332275390625,0.0175933837890625,1.3622598088933687e-07,5.864313879686683,0.9999904492456225,0.0003491472830631127,226.51545129796955,1,36,v0,nsF5,3,0.25,0.0317
23396,21068,16978,15830,0.0355224609375,0.01751708984375,1.2575305358012071e-06,5.863616767778068,0.9999942604727701,0.0018408166461481045,216.5582146120135,1,36,v1,nsF5,3,0.55,0.0702
23366,21157,16960,15811,0.0337066650390625,0.0175323486328125,7.219341822424096e-09,5.863119982741856,0.9999892287473432,1.2261303832618888e-05,238.96061838118817,1,36,v2,nsF5,2,0.35,0.0898
23342,21247,16988,15765,0.0319671630859375,0.0186614990234375,6.651576456438445e-13,5.860572339313959,0.9999963067678703,2.055762240591547e-07,274.7279997756247,1,36,v3,nsF5,2,0.85,0.2168
23216,21215,16839,15920,0.0305328369140625,0.0140228271484375,3.753781078611555e-05,5.865032583873251,0.9999916151871956,0.002815781846144085,200.100750057193,1,36,v4,matrix,3,0.5,0.0628
22945,21591,16710,16091,0.020660400390625,0.0094451904296875,0.00030905747354054484,5.865138830633451,0.9999955749999817,0.002648573671559364,188.80464523090762,1,36,v5,matrix,2,0.8,0.2007
30125,7062,27243,9732,0.3519134521484375,0.2671966552734375,1.158497096647939e-98,3.418380411769484,0.9981311797864728,6.6482796822611535e-53,802.8569773234002,0,37,clean,,,,
29721,7233,26822,9820,0.3431396484375,0.259429931640625,1.5827852695928536e-92,3.4229913846279967,0.9984961193822492,8.320045659615058e-49,769.2772337204935,1,37,v0,nsF5,3,0.25,0.0317
29311,7477,26359,10062,0.333160400390625,0.2486724853515625,1.4066098549159508e-89,3.427404190364592,0.9989149207911314,1.832034189839647e-44,753.0393037038846,1,37,v1,nsF5,3,0.55,0.0694
29205,7457,26083,10038,0.33184814453125,0.2448272705078125,4.740921866548095e-88,3.429270500743376,0.9991562721724946,2.1517265260209623e-45,744.5996817447282,1,37,v2,nsF5,2,0.35,0.0888
28086,8222,24990,10444,0.3031005859375,0.221954345703125,3.1254647687330894e-76,3.437346115042544,0.9998370680748301,1.7947927546082495e-40,678.6102694477956,1,37,v3,nsF5,2,0.85,0.2149
27509,8164,24931,10681,0.2951812744140625,0.217437744140625,2.1711234901699957e-67,3.427949565181021,0.9988519886422909,9.764735735924265e-33,628.2998933234257,1,37,v4,matrix,3,0.5,0.0625
22658,10830,20782,12684,0.18048095703125,0.123565673828125,3.891369918409883e-25,3.4472442864690573,0.9997934607523269,9.535763553649703e-11,366.836224109619,1,37,v5,matrix,2,0.8,0.2001
25940,20256,19014,14895,0.08673095703125,0.0628509521484375,0.0,5.061867511303405,0.999616282205732,0.0,5300.136484554335,0,38,clean,,,,
25779,20244,18878,14916,0.0844573974609375,0.060455322265625,0.0,5.06154624992617,0.9996989154615138,0.0,4713.085670441381,1,38,v0,nsF5,3,0.25,0.0314
25622,20273,18611,14843,0.0816192626953125,0.0574951171875,0.0,5.061178288781062,0.9997621206447597,0.0,4056.8603656969844,1,38,v1,nsF5,3,0.55,0.0691
25662,20296,18549,14865,0.081878662109375,0.05621337890625,0.0,5.060535220171835,0.9998129470725048,0.0,3733.668758653755,1,38,v2,nsF5,2,0.35,0.0881
25136,20490,18188,14877,0.070892333984375,0.0505218505859375,7.1711537284e-313,5.058361591850237,0.9999444947874,6.821662355286512e-282,1896.5750250598664,1,38,v3,nsF5,2,0.85,0.2138
25355,20496,18450,15040,0.0741424560546875,0.052032470703125,0.0,5.061522264245447,0.9997443764027009,0.0,4133.6559285034555,1,38,v4,matrix,3,0.5,0.0628
24237,21266,17579,15375,0.0453338623046875,0.03363037109375,1.67721027271e-312,5.060491704792268,0.9999303957028902,1.677407552801473e-305,1894.7559069330166,1,38,v5,matrix,2,0.8,0.2006
23445,21010,17068,15773,0.0371551513671875,0.0197601318359375,0.00010297790415943931,5.503016075898173,0.9999982112179318,0.026322484438866298,192.35564645649356,0,39,clean,,,,
23502,21001,17103,15737,0.0381622314453125,0.020843505859375,3.4234390448638764e-05,5.502221399304144,0.9999935556818375,0.006194089410168998,198.07206811665623,1,39,v0,nsF5,3,0.25,0.0320
23480,21029,17110,15749,0.0373992919921875,0.0207672119140625,1.650977949773163e-06,5.501173118018888,0.9999898585079754,0.0012468175069972561,212.7170129199447,1,39,v1,nsF5,3,0.55,0.0705
23473,21019,17189,15790,0.037445068359375,0.0213470458984375,5.427365762847187e-06,5.500592948772686,0.9999999088558651,0.003221316533975097,207.13361229754275,1,39,v2,nsF5,2,0.35,0.0900
23565,20901,17201,15801,0.0406494140625,0.0213623046875,4.161494132012915e-15,5.497586356308172,0.9999998654388402,4.5911905932759907e-07,289.741187618718,1,39,v3,nsF5,2,0.85,0.2176
23335,21163,16969,15830,0.03314208984375,0.0173797607421875,0.0010089909636968608,5.502919760555582,0.999989982183837,0.02324693172639005,179.55060039654762,1,39,v4,matrix,3,0.5,0.0626
22995,21444,16836,16145,0.0236663818359375,0.0105438232421875,0.44211939897132735,5.503251912134046,0.9999998903614773,0.36663872449153917,126.64305428412419,1,39,v5,matrix,2,0.8,0.2000
24661,21684,17640,15285,0.0454254150390625,0.0359344482421875,1.7843067872861163e-08,5.425298615534416,0.9999998431507313,4.601781137078163e-06,235.2024065676179,0,40,clean,,,,
24708,21714,17655,15231,0.045684814453125,0.0369873046875,2.4275186135735148e-08,5.424734297071478,0.9999979783254456,4.194402332392587e-06,233.90935390085693,1,40,v0,nsF5,3,0.25,0.0322
24665,21734,17617,15282,0.0447235107421875,0.0356292724609375,1.6332135609040846e-08,5.424044488709752,0.9999970286612866,7.580237347923263e-07,235.57266828397897,1,40,v1,nsF5,3,0.55,0.0704
24625,21731,17641,15204,0.044158935546875,0.0371856689453125,1.2115646935217959e-16,5.423830229523549,0.9999990704434552,8.370376869781632e-09,304.76921247280217,1,40,v2,nsF5,2,0.35,0.0898
24744,21631,17499,15285,0.0475006103515625,0.033782958984375,1.2136404812770332e-29,5.420865280466019,0.9999983474547555,6.225903524976259e-11,397.56637576967256,1,40,v3,nsF5,2,0.85,0.2170
24495,21898,17489,15424,0.0396270751953125,0.0315093994140625,2.829800754717032e-05,5.42582158150375,0.9999974491008883,9.958148587674106e-05,201.5417684002373,1,40,v4,matrix,3,0.5,0.0626
24066,22321,17072,15729,0.0266265869140625,0.0204925537109375,0.00011766364927502077,5.426646434811847,0.9999984622359588,0.009876316360122617,194.1082420207782,1,40,v5,matrix,2,0.8,0.2001
25347,20494,17825,14974,0.0740509033203125,0.0435028076171875,8.59872408630716e-31,4.947983312560172,0.9999998532673198,3.571810813823812e-14,405.2306187007745,0,41,clean,,,,
25314,20521,17807,14958,0.0731353759765625,0.0434722900390625,1.2070546364684126e-25,4.948066093710801,0.9999999620627955,8.98280868372854e-11,370.36421485483885,1,41,v0,nsF5,3,0.25,0.0315
25275,20494,17763,14993,0.0729522705078125,0.042266845703125,1.657950993251752e-23,4.947883451470531,0.9999999669524797,1.710613358189871e-08,355.409224900555,1,41,v1,nsF5,3,0.55,0.0691
25325,20599,17801,15076,0.072113037109375,0.0415802001953125,6.35584475098627e-31,4.948086275612817,0.9999996195741137,2.6124706249065635e-13,406.10160337984496,1,41,v2,nsF5,2,0.35,0.0888
25314,20638,17977,14926,0.07135009765625,0.0465545654296875,1.995579014517897e-26,4.947698216332631,0.999999539684669,4.660065601770728e-12,375.7564377105637,1,41,v3,nsF5,2,0.85,0.2145
24939,20790,17538,15166,0.0633087158203125,0.03619384765625,2.648036669291978e-17,4.948861171757288,0.9999999997365472,1.5391068934457224e-06,309.85893619149897,1,41,v4,matrix,3,0.5,0.0624
24312,21604,17292,15516,0.04132080078125,0.027099609375,6.550308306852912e-08,4.9503449431848,0.9999999994836324,0.0006835788871770671,229.68635133805932,1,41,v5,matrix,2,0.8,0.2006
23194,20811,17330,15822,0.0363616943359375,0.02301025390625,3.3090769977558096e-30,6.000827884893236,0.9999996115229945,1.183282896725145e-20,401.33697046603953,0,42,clean,,,,
23216,20813,17342,15793,0.0366668701171875,0.0236358642578125,1.0168595257385527e-28,6.000134628534157,0.9999993518638459,4.373747752777692e-19,391.363738986728,1,42,v0,nsF5,3,0.25,0.0319
23211,20756,17224,15684,0.0374603271484375,0.02349853515625,4.4988716375761213e-23,5.999342685321571,0.9999997934529896,4.487779363849493e-16,352.33662174795387,1,42,v1,nsF5,3,0.55,0.0701
23226,20804,17145,15854,0.036956787109375,0.0196990966796875,7.64512348065528e-11,5.9987112221403684,0.999996915692565,1.5749120457391603e-07,257.026655052096,1,42,v2,nsF5,2,0.35,0.0900
23293,20884,17047,15858,0.0367584228515625,0.0181427001953125,2.3153552488385719e-07,5.9960033149959475,0.9999971832766765,0.018376377282865633,224.18658352355408,1,42,v3,nsF5,2,0.85,0.2178
23054,20899,17163,15803,0.0328826904296875,0.020751953125,3.818197065192613e-22,6.000964583812454,0.9999999681222103,4.909011191157607e-15,345.7050642008842,1,42,v4,matrix,3,0.5,0.0624
22742,21381,16722,16159,0.0207672119140625,0.0085906982421875,0.13283631430482415,6.001002103102256,0.9999970398422391,0.1468643183557114,144.85432087694895,1,42,v5,matrix,2,0.8,0.2006
41865,2470,38032,4491,0.6011199951171875,0.5117950439453125,4.7235100122917195e-129,1.8415771106148715,0.9691630925991245,6.565088357547529e-104,965.8493998514678,0,43,clean,,,,
40918,2801,36921,4707,0.5816192626953125,0.491546630859375,5.219256653853628e-120,1.882224464347286,0.9762234425449143,2.3870721865918136e-98,917.8465763579632,1,43,v0,nsF5,3,0.25,0.0319
39960,3264,35848,5010,0.5599365234375,0.470550537109375,1.0009930972224072e-107,1.9230223774332693,0.9831931543086581,1.8395639422876346e-86,852.0011637155175,1,43,v1,nsF5,3,0.55,0.0704
39571,3510,35269,5237,0.5502471923828125,0.458251953125,1.936524171404631e-104,1.9394441647143152,0.9863571511073506,5.595593693986865e-84,834.2397542137085,1,43,v2,nsF5,2,0.35,0.0895
37302,4786,32529,6153,0.49615478515625,0.4024658203125,2.1789064931363012e-85,2.018095250593782,0.9966166866615207,5.287044034009531e-59,729.8453368609054,1,43,v3,nsF5,2,0.85,0.2172
36763,4122,33006,5929,0.4980621337890625,0.4131622314453125,4.111243915136297e-93,1.9177847043671252,0.9819796753962717,5.438644447937721e-79,772.4931947637575,1,43,v4,matrix,3,0.5,0.0626
27885,8510,24722,9829,0.2956390380859375,0.2272491455078125,7.98078999252481e-27,2.042408579984069,0.9960109575697268,2.6595596201483966e-23,378.4876780328914,1,43,v5,matrix,2,0.8,0.2006
37181,8111,33056,7624,0.443572998046875,0.3880615234375,4.439803980543548e-93,3.4037055220696697,0.9807451214954155,4.69227783997883e-98,772.3098444692307,0,44,clean,,,,
36428,8323,32183,7766,0.4288482666015625,0.3725738525390625,2.116070441581568e-87,3.4254302945049337,0.9851129001390135,4.1057526905614403e-94,741.0048512678768,1,44,v0,nsF5,3,0.25,0.0314
35566,8642,31253,7980,0.41082763671875,0.3551177978515625,2.911574027605435e-81,3.447162086460967,0.9893567470517706,1.991765532033639e-86,706.8579237345618,1,44,v1,nsF5,3,0.55,0.0691
35109,8833,30802,8136,0.40093994140625,0.345855712890625,4.693938956954199e-77,3.456621752343492,0.9909607761615756,2.2552157428878084e-83,683.2509218210986,1,44,v2,nsF5,2,0.35,0.0876
33425,9769,28593,8919,0.3609619140625,0.300201416015625,5.039517229675078e-60,3.49830564600095,0.9977574545078832,8.938863064230758e-66,585.6230709192032,1,44,v3,nsF5,2,0.85,0.2127
33016,9333,28994,8635,0.3613739013671875,0.3106536865234375,9.619347575343117e-72,3.4457708481722675,0.9886688999244215,7.845255056473888e-77,653.1854637725861,1,44,v4,matrix,3,0.5,0.0627
26299,12490,22685,11509,0.2107086181640625,0.1705322265625,2.1261650317824455e-23,3.5110838534991955,0.9972904204408486,2.950763100859575e-28,354.64493371695,1,44,v5,matrix,2,0.8,0.1997
34357,11349,29760,9598,0.35107421875,0.307647705078125,1.0029320918318999e-71,3.884146341341139,0.9760393547896914,1.637156349085491e-73,653.0823258910043,0,45,clean,,,,
33739,11474,29046,9709,0.3397369384765625,0.2950592041015625,4.375365693542479e-65,3.896758226390267,0.9815899061737844,2.5267756991736203e-66,615.0304814908571,1,45,v0,nsF5,3,0.25,0.0314
32913,11686,28205,9865,0.3238983154296875,0.27984619140625,1.553573947035581e-62,3.908618355905957,0.9870431235747146,2.411785347225727e-60,600.2595991216278,1,45,v1,nsF5,3,0.55,0.0694
32561,11828,27748,9953,0.3163604736328125,0.2715301513671875,1.6463594401087903e-71,3.9129588581982166,0.9895041336272115,1.7493019036880378e-67,651.8572258705683,1,45,v2,nsF5,2,0.35,0.0884
31085,12508,25867,10514,0.2834625244140625,0.2342681884765625,1.9132245042299305e-73,3.9301831500857394,0.9974664083637801,7.113658233135593e-66,662.8496700423256,1,45,v3,nsF5,2,0.85,0.2145
30848,12319,26473,10338,0.2827301025390625,0.2462005615234375,7.031606205233343e-48,3.907518929024274,0.9859982032924092,2.105761443226421e-47,513.2932230052248,1,45,v4,matrix,3,0.5,0.0627
25471,14895,21254,12805,0.161376953125,0.1289215087890625,7.153444364628372e-22,3.9356818347048486,0.9969412058987561,3.672166537045468e-22,343.7449845717418,1,45,v5,matrix,2,0.8,0.2006
23878,20860,17432,15511,0.046051025390625,0.0293121337890625,1.764304834539399e-14,5.585085549715508,0.9999870627002678,1.2263532894049162e-08,287.6714325930219,0,46,clean,,,,
23972,20775,17482,15411,0.0487823486328125,0.0316009521484375,2.552014096998156e-13,5.5847133905766055,0.9999932387260676,3.364033072412096e-08,278.1891660258147,1,46,v0,nsF5,3,0.25,0.0318
23990,20822,17502,15320,0.04833984375,0.033294677734375,9.124589475226768e-14,5.584163583351397,0.9999986037418264,7.525037348770642e-09,281.8681241169037,1,46,v1,nsF5,3,0.55,0.0697
23983,20805,17365,15518,0.048492431640625,0.0281829833984375,1.0753609206390946e-08,5.584022227774875,0.9999958306867074,0.0003754555255318897,237.31321527258194,1,46,v2,nsF5,2,0.35,0.0890
23967,20835,17539,15603,0.04779052734375,0.029541015625,1.6435728091134622e-13,5.582171087862317,0.9999973549216659,0.00038500272888930683,279.76766850583164,1,46,v3,nsF5,2,0.85,0.2158
23744,21055,17354,15438,0.0410308837890625,0.02923583984375,3.181064413374645e-11,5.585067631074303,0.9999971285311114,1.7380816235464973e-07,260.3755822398882,1,46,v4,matrix,3,0.5,0.0625
23227,21466,17085,15960,0.0268707275390625,0.0171661376953125,0.005483358659171307,5.585941082628385,0.9999966240498726,0.01300218988985504,171.1729364421968,1,46,v5,matrix,2,0.8,0.2005
24025,21796,17020,15840,0.0340118408203125,0.01800537109375,6.582578049814305e-06,5.824800628861158,0.9999989477060054,0.00025259972415569504,208.75639716866908,0,47,clean,,,,
23937,21848,17043,15915,0.0318756103515625,0.0172119140625,1.8195887745647126e-05,5.82411412843292,0.9999974387208354,0.000418094556263568,203.76438194125683,1,47,v0,nsF5,3,0.25,0.0318
23986,21843,16990,15832,0.0326995849609375,0.017669677734375,1.446042038748338e-05,5.823587650187586,0.9999981233300009,0.0002170729901361008,204.90734204848184,1,47,v1,nsF5,3,0.55,0.0699
24013,21819,17018,15743,0.033477783203125,0.0194549560546875,1.0592553274496665e-05,5.823342541953089,0.9999997369265492,0.0009636191013937349,206.4415110142183,1,47,v2,nsF5,2,0.35,0.0893
23963,21813,16979,15789,0.032806396484375,0.018157958984375,4.381529227423231e-10,5.820878386392511,0.9999999342316404,0.00040484478801436905,250.23817624299068,1,47,v3,nsF5,2,0.85,0.2164
23875,21977,16961,15877,0.028961181640625,0.01654052734375,0.0002171260611679713,5.825199460163692,0.999998413549845,0.0005676680061095607,190.77168782379923,1,47,v4,matrix,3,0.5,0.0625
23563,22223,16801,16043,0.02044677734375,0.011566162109375,0.009025059847012837,5.8255061808704625,0.9999997845061315,0.03796200336578398,167.71870650151914,1,47,v5,matrix,2,0.8,0.2003
47433,4250,45034,3931,0.6589202880859375,0.6271820068359375,0.0,2.496000158160898,0.8669307975982496,0.0,5329.590448419661,0,48,clean,,,,
45793,4512,43154,4147,0.6298980712890625,0.5951995849609375,0.0,2.5497233794884515,0.8982062932173437,0.0,5069.919689728756,1,48,v0,nsF5,3,0.25,0.0316
44007,4938,41165,4487,0.5961456298828125,0.559661865234375,0.0,2.6016070295379885,0.9278315442681062,0.0,4956.947270956156,1,48,v1,nsF5,3,0.55,0.0690
43064,5074,40340,4684,0.579681396484375,0.5440673828125,0.0,2.623903186647895,0.9395592609237375,0.0,4896.209679047495,1,48,v2,nsF5,2,0.35,0.0877
39127,6768,35865,6150,0.4937591552734375,0.4534149169921875,0.0,2.712348502742982,0.9860822248013298,0.0,4672.284674659106,1,48,v3,nsF5,2,0.85,0.2132
39984,5608,37375,5180,0.5245361328125,0.4912567138671875,0.0,2.5940011118667954,0.9232044281251877,0.0,4027.9281059126156,1,48,v4,matrix,3,0.5,0.0627
28288,9955,25877,9448,0.2797393798828125,0.2506866455078125,0.0,2.718726724709214,0.9830854561192947,2.8891134069558445e-298,1932.8794370103524,1,48,v5,matrix,2,0.8,0.2001
32879,5309,30167,8484,0.420684814453125,0.3308563232421875,1.4278364586627606e-263,3.2354396039783895,0.9913871869909213,8.246977855154785e-269,1652.3325303699546,0,49,clean,,,,
32254,5526,29521,8549,0.4078369140625,0.32000732421875,4.038789951445584e-245,3.2456859422525963,0.9934231608377184,1.6247948132183598e-250,1560.1976278495104,1,49,v0,nsF5,3,0.25,0.0316
31698,5809,28935,8798,0.3950347900390625,0.3072662353515625,7.911239377988368e-226,3.2562402936817327,0.9951753486101047,2.661088335523708e-231,1463.3562533304719,1,49,v1,nsF5,3,0.55,0.0693
31403,5951,28649,8895,0.38836669921875,0.301422119140625,3.072275018164839e-225,3.2599080076940483,0.9961291481765198,1.0615391397185316e-229,1460.3895176386393,1,49,v2,nsF5,2,0.35,0.0884
29915,6829,26975,9491,0.352264404296875,0.26678466796875,1.2861810211816894e-186,3.27842008000156,0.9991386371648319,5.159675992432028e-189,1264.5612118267643,1,49,v3,nsF5,2,0.85,0.2140
29476,6514,27114,9507,0.350372314453125,0.2686614990234375,2.8074425464836043e-192,3.2559148415344814,0.9949185928316235,2.4360241176349084e-196,1293.4496113042308,1,49,v4,matrix,3,0.5,0.0627
23432,9824,21766,12147,0.2076416015625,0.1467742919921875,1.0188302302409689e-85,3.290420670552139,0.9989347265504965,2.6914179381171332e-86,731.6781581960308,1,49,v5,matrix,2,0.8,0.2002
35978,4200,33082,7207,0.484893798828125,0.3948211669921875,0.0,3.095579645271494,0.9932926953618793,0.0,2422.5392286742085,0,50,clean,,,,
35212,4460,32274,7324,0.46923828125,0.380706787109375,0.0,3.1085753980453146,0.994900495187995,0.0,2356.19646440859,1,50,v0,nsF5,3,0.25,0.0315
34449,4837,31412,7585,0.45184326171875,0.3635711669921875,0.0,3.1222415813602167,0.9963648882742541,0.0,2283.5649710519815,1,50,v1,nsF5,3,0.55,0.0690
34048,5042,30833,7654,0.442596435546875,0.3536834716796875,0.0,3.128404570871591,0.9969713256544233,0.0,2263.710576061779,1,50,v2,nsF5,2,0.35,0.0886
32360,6160,28907,8385,0.3997802734375,0.313140869140625,0.0,3.156141035224149,0.9992456389538416,1.24e-322,2119.6043464434406,1,50,v3,nsF5,2,0.85,0.2143
32025,5541,29352,8329,0.40411376953125,0.3207855224609375,2.62e-321,3.1221777143245877,0.9960926590551562,4.2739423647799867e-293,1938.1384284431049,1,50,v4,matrix,3,0.5,0.0624
25104,9193,23104,11149,0.2427825927734375,0.1824188232421875,1.445391893303123e-134,3.1702380993665735,0.9991078702714844,1.0087339639447193e-121,994.9448933659249,1,50,v5,matrix,2,0.8,0.2002
38014,3099,35782,6156,0.5327606201171875,0.452056884765625,0.0,2.826757219855445,0.9884961683649707,0.0,2246.1961726443133,0,51,clean,,,,
37042,3407,34785,6411,0.5132293701171875,0.432952880859375,0.0,2.845700909722747,0.9911020172259359,9.7924e-320,2204.1920617214237,1,51,v0,nsF5,3,0.25,0.0316
36049,3762,33742,6662,0.4926605224609375,0.4132080078125,0.0,2.8649873332911175,0.9936921220661699,1.5654247483413e-310,2132.2837279038745,1,51,v1,nsF5,3,0.55,0.0692
35716,3973,33225,6776,0.4843597412109375,0.4035797119140625,0.0,2.873263375695591,0.9946337362083372,5.1055513619e-313,2144.6663114324715,1,51,v2,nsF5,2,0.35,0.0878
33569,5275,30566,7560,0.431732177734375,0.351043701171875,0.0,2.911530928076909,0.9987682066847953,2.642288992347435e-282,1987.9822675185458,1,51,v3,nsF5,2,0.85,0.2139
33167,4541,31117,7408,0.436798095703125,0.3617706298828125,3.051794506182051e-274,2.8644047459858237,0.9933033503865968,7.213071899557179e-237,1699.7823257845369,1,51,v4,matrix,3,0.5,0.0625
25328,8417,23757,10693,0.2580413818359375,0.1993408203125,1.5996247180335235e-112,2.926639659675678,0.998530183760681,4.770649119921797e-93,873.27010041413,1,51,v5,matrix,2,0.8,0.1999
35064,4840,32112,7914,0.461181640625,0.369232177734375,5.228135321001428e-252,3.251545983333175,0.993725152391155,1.9491502727492835e-194,1591.8857792280062,0,52,clean,,,,
34336,5127,31368,8020,0.4456939697265625,0.35626220703125,1.6518526899008473e-247,3.2635472828116434,0.9952181665353104,1.1802126259302259e-191,1569.4028649256313,1,52,v0,nsF5,3,0.25,0.0319
33563,5453,30469,8200,0.428924560546875,0.3397979736328125,4.3222414038614e-239,3.275204440681504,0.9967112924145941,2.874565270370828e-186,1527.2678407997196,1,52,v1,nsF5,3,0.55,0.0698
33358,5524,30178,8212,0.424713134765625,0.335174560546875,3.1007490375033503e-243,3.280263804422969,0.9970685354015076,6.483271880827555e-189,1548.0243050111235,1,52,v2,nsF5,2,0.35,0.0881
31747,6598,28278,8879,0.3837432861328125,0.2960052490234375,3.3274324688568384e-255,3.3043411188494427,0.999333694809331,9.323262798017337e-212,1607.8398858722944,1,52,v3,nsF5,2,0.85,0.2136
31137,6177,28545,8928,0.380859375,0.2993316650390625,7.616156116671749e-171,3.274613489085166,0.9964714843849509,6.036775328412121e-129,1181.1707324270608,1,52,v4,matrix,3,0.5,0.0630
24743,9513,22534,11543,0.232391357421875,0.1677093505859375,8.287896294798494e-65,3.3169196476122202,0.9991490885211325,4.705789636049581e-56,611.4354599309564,1,52,v5,matrix,2,0.8,0.1996
36568,4625,33384,7116,0.4874114990234375,0.40081787109375,0.0,2.8920834112530995,0.9907195407996765,1.1167510804831057e-287,1995.2169296369225,0,53,clean,,,,
35764,4844,32524,7246,0.4718017578125,0.385711669921875,0.0,2.9072889894720024,0.9930414811341948,1.0328610098598026e-284,1986.918145317565,1,53,v0,nsF5,3,0.25,0.0318
34951,5133,31659,7428,0.454986572265625,0.3697357177734375,0.0,2.9224863565467074,0.9951568101399555,7.002000262335096e-285,1987.6042933984363,1,53,v1,nsF5,3,0.55,0.0696
34479,5387,31337,7572,0.44390869140625,0.3626251220703125,3e-323,2.9296497122096206,0.9956709686015086,6.183505419326219e-274,1936.1007949750497,1,53,v2,nsF5,2,0.35,0.0878
32656,6419,29233,8246,0.4003448486328125,0.3202362060546875,3.586003e-318,2.9603036751794374,0.9989687909353511,8.041618587896857e-269,1910.9871891419507,1,53,v3,nsF5,2,0.85,0.2136
32263,5888,29337,8183,0.4024505615234375,0.322784423828125,5.447134335264354e-246,2.9219648573321275,0.9947832480503,8.578874665622136e-210,1553.5540562336246,1,53,v4,matrix,3,0.5,0.0629
25221,9522,23119,11146,0.2395477294921875,0.1826934814453125,1.0055750293362397e-93,2.9743073324131024,0.9987363157629208,4.925677435314968e-75,767.1410912406304,1,53,v5,matrix,2,0.8,0.1995
41172,2957,38954,4943,0.5831146240234375,0.5189666748046875,0.0,2.4837392598409522,0.9779722471549246,2.4776512366813344e-250,1997.82273451116,0,54,clean,,,,
40048,3277,37751,5158,0.5610809326171875,0.4973297119140625,8.804087e-316,2.506831985482272,0.982898922702188,1.0844825356333917e-240,1899.2348966675588,1,54,v0,nsF5,3,0.25,0.0317
38827,3678,36336,5428,0.5363311767578125,0.47161865234375,5.4279559691188714e-300,2.530214307241036,0.9880371931816154,2.79299567454897e-232,1821.4663663136469,1,54,v1,nsF5,3,0.55,0.0693
38427,3832,35723,5579,0.5278778076171875,0.4599609375,1.11073542323e-313,2.5396204903158885,0.9899001817486497,2.2761736743461427e-237,1888.9003029878293,1,54,v2,nsF5,2,0.35,0.0881
35615,5190,32466,6563,0.4642486572265625,0.3952484130859375,7.218169233872722e-285,2.584973609382209,0.9977287474793035,3.5661192088024277e-212,1746.7572384611306,1,54,v3,nsF5,2,0.85,0.2138
35636,4515,33417,6241,0.4748687744140625,0.4146728515625,4.0815236242494634e-230,2.528527728439788,0.9871290945390568,2.9410900393391097e-179,1474.1059459102498,1,54,v4,matrix,3,0.5,0.0626
26574,8596,24840,9998,0.274322509765625,0.226470947265625,9.65669843368512e-96,2.601530891545589,0.9972264507562563,8.454459185183885e-71,778.1514683821114,1,54,v5,matrix,2,0.8,0.1999
39478,3759,36622,5745,0.5450286865234375,0.4711456298828125,0.0,2.7300985891486786,0.9817332531167622,0.0,4596.519900903494,0,55,clean,,,,
38579,4097,35674,5932,0.526153564453125,0.453826904296875,0.0,2.7546701738632664,0.9861060741932521,0.0,4487.975918380287,1,55,v0,nsF5,3,0.25,0.0318
37498,4452,34512,6171,0.504241943359375,0.4324493408203125,0.0,2.7797879198248605,0.9900547641719144,0.0,4408.919642802171,1,55,v1,nsF5,3,0.55,0.0696
37139,4647,34016,6356,0.49578857421875,0.42205810546875,0.0,2.789843902561604,0.9917021221595914,0.0,4332.065381040146,1,55,v2,nsF5,2,0.35,0.0884
34901,5922,31375,7183,0.4421844482421875,0.369140625,0.0,2.8394267607436565,0.9980828452360231,0.0,3908.3898698479807,1,55,v3,nsF5,2,0.85,0.2141
34448,5283,31830,7052,0.4450225830078125,0.378082275390625,0.0,2.7780455323611792,0.9893311845175289,0.0,3558.550595552089,1,55,v4,matrix,3,0.5,0.0629
26330,9210,24119,10371,0.26123046875,0.20977783203125,3.2027168396144214e-264,2.855455250029424,0.9976124081700062,6.352324809921408e-245,1652.776343969399,1,55,v5,matrix,2,0.8,0.2003
22606,19528,17517,15421,0.046966552734375,0.031982421875,6.787736282253144e-24,5.768625884092222,0.9999979412312554,4.18566930939941e-15,358.14617938671785,0,56,clean,,,,
22687,19498,17487,15330,0.0486602783203125,0.0329132080078125,2.548805842643431e-21,5.768146209611948,0.9999995784754683,5.910252782109821e-13,339.75883383629935,1,56,v0,nsF5,3,0.25,0.0323
22778,19484,17487,15325,0.050262451171875,0.032989501953125,4.608856100232284e-16,5.767395833916462,0.9999992030551128,2.7877107784349787e-09,300.24991052481005,1,56,v1,nsF5,3,0.55,0.0708
22682,19461,17556,15311,0.0491485595703125,0.0342559814453125,2.1172203400516176e-16,5.767155047946811,0.9999972482758367,6.040084384006089e-07,302.88667300782726,1,56,v2,nsF5,2,0.35,0.0900
22785,19343,17510,15301,0.052520751953125,0.0337066650390625,2.867129687805773e-17,5.764709616882906,0.999997480114589,0.00012892274299432786,309.59424167359003,1,56,v3,nsF5,2,0.85,0.2181
22500,19701,17333,15413,0.0427093505859375,0.029296875,2.5262608659990932e-17,5.768825459100458,0.9999994569815447,4.442346559222352e-11,310.0156269091466,1,56,v4,matrix,3,0.5,0.0627
22104,19905,17082,15677,0.0335540771484375,0.0214385986328125,0.00044978909696338976,5.769592565535451,0.9999985101633271,0.04268366355977186,186.6751626106845,1,56,v5,matrix,2,0.8,0.2007
24862,20297,18213,14858,0.0696563720703125,0.0511932373046875,1.1703411376247813e-80,5.457151373847494,0.9999835077809169,4.63245097888793e-75,703.478563035504,0,57,clean,,,,
24791,20372,18088,14870,0.0674285888671875,0.049102783203125,3.1845843619295597e-69,5.4566014809019165,0.999980192041463,9.622381379715951e-63,638.809612074135,1,57,v0,nsF5,3,0.25,0.0318
24769,20348,18122,14932,0.0674591064453125,0.048675537109375,2.751399157886335e-57,5.455869784327323,0.9999857954105533,2.5794391499980284e-50,569.5556866577402,1,57,v1,nsF5,3,0.55,0.0701
24786,20369,18153,14901,0.0673980712890625,0.04962158203125,5.208862985811206e-55,5.4555502278004155,0.999994880484161,6.929640139956044e-49,556.091994101753,1,57,v2,nsF5,2,0.35,0.0898
24740,20471,18001,14764,0.0651397705078125,0.0493927001953125,7.992412162756725e-33,5.45345684162334,0.9999933060858908,2.915675337463761e-19,418.6240142242742,1,57,v3,nsF5,2,0.85,0.2169
24429,20598,17899,15121,0.0584564208984375,0.042388916015625,2.1990384504633806e-59,5.45738895591983,0.9999809928608725,6.766763556848485e-53,581.8779932518714,1,57,v4,matrix,3,0.5,0.0626
23703,21275,17361,15414,0.03704833984375,0.0297088623046875,2.4939932177068936e-24,5.458510433003702,0.9999913499207895,1.7388005355184285e-20,361.2017493300739,1,57,v5,matrix,2,0.8,0.2007
33431,9036,27035,8795,0.3722381591796875,0.2783203125,0.0,2.4495553190080437,0.999558410895133,0.0,1988.523601085043,0,58,clean,,,,
33117,9184,26856,8907,0.3651885986328125,0.2738800048828125,2.0385e-320,2.4583755696145406,0.9996622595923632,1.203490962185064e-307,1868.046313321997,1,58,v0,nsF5,3,0.25,0.0320
32884,9320,26551,9013,0.35955810546875,0.267608642578125,4.890414804556903e-296,2.4679478230217007,0.9997127242048376,1.2053233264217916e-282,1748.9974780342118,1,58,v1,nsF5,3,0.55,0.0703
32777,9458,26455,9093,0.3558197021484375,0.264923095703125,2.614865391920446e-288,2.471731323383912,0.9998147188923685,1.8490383447872637e-276,1711.1581580638067,1,58,v2,nsF5,2,0.35,0.0898
32040,9847,25812,9350,0.3386383056640625,0.251190185546875,3.912020926761398e-234,2.4927519250452885,0.9999639719913298,2.2382084819711009e-215,1444.228748895565,1,58,v3,nsF5,2,0.85,0.2174
31081,10226,25164,9796,0.3182220458984375,0.2344970703125,1.8602929910042378e-253,2.469072350159391,0.9996984646204481,2.3319606290721757e-245,1539.8043748286725,1,58,v4,matrix,3,0.5,0.0627
26590,13237,21676,12069,0.2037506103515625,0.1465911865234375,2.1931710520652765e-114,2.5109409691872875,0.9999367956843203,1.486871362807125e-113,836.6496694846533,1,58,v5,matrix,2,0.8,0.2004
33076,8659,26943,8804,0.3725738525390625,0.2767791748046875,1.363742621143118e-106,2.541795817580733,0.9998680111664192,1.3986756036984734e-73,821.0171923583046,0,59,clean,,,,
32900,8802,26817,8929,0.367706298828125,0.27294921875,1.4344217863476667e-99,2.551117731111828,0.9999026728541901,8.001603373112957e-68,783.3400078278125,1,59,v0,nsF5,3,0.25,0.0320
32646,8964,26508,9031,0.361358642578125,0.2666778564453125,7.725378523906923e-99,2.560860412117368,0.9999157785160484,6.173989897745984e-66,779.3992761893547,1,59,v1,nsF5,3,0.55,0.0701
32448,8925,26452,9026,0.3589324951171875,0.265899658203125,2.3152170519059483e-82,2.5652929519310215,0.9999543635807902,9.897432544088327e-57,689.6134591935586,1,59,v2,nsF5,2,0.35,0.0893
31784,9328,25608,9318,0.3426513671875,0.248565673828125,9.48739241663411e-70,2.5877227561351726,0.999997259035263,7.31509867180204e-44,621.3839088090757,1,59,v3,nsF5,2,0.85,0.2166
30845,9818,25101,9741,0.3208465576171875,0.234375,2.510497604802748e-80,2.561991905505663,0.9999072300713183,9.561473172967445e-58,678.374456518864,1,59,v4,matrix,3,0.5,0.0627
26345,12538,21435,11904,0.2106781005859375,0.1454315185546875,5.369456526677634e-18,2.60474154291109,0.9999953397782839,6.0355331573376756e-15,298.2270328642039,1,59,v5,matrix,2,0.8,0.2003
24040,20101,17794,15071,0.0601043701171875,0.0415496826171875,2.506228498583548e-16,4.4446338068533935,0.9999977017524129,0.0005195578057992214,273.45688828627345,0,60,clean,,,,
23998,20134,17722,15045,0.0589599609375,0.0408477783203125,2.9488519399624006e-19,4.4443628725301245,0.9999965641406101,2.4398635602561345e-05,294.84155917778475,1,60,v0,nsF5,3,0.25,0.0318
24012,20182,17653,15066,0.058441162109375,0.0394744873046875,1.8489271201621008e-20,4.444219204318444,0.9999981233300009,2.2934138847806776e-06,303.37394927357786,1,60,v1,nsF5,3,0.55,0.0701
23953,20257,17700,15122,0.056396484375,0.039337158203125,4.859527951902418e-21,4.443811755302731,0.9999991319860564,1.5910612946656483e-06,307.44601585455365,1,60,v2,nsF5,2,0.35,0.0896
24050,20365,17628,15050,0.0562286376953125,0.039337158203125,3.8975302329558724e-31,4.443230646719578,0.9999998724888377,6.443621076321917e-14,376.4963699420872,1,60,v3,nsF5,2,0.85,0.2171
23727,20436,17479,15260,0.0502166748046875,0.0338592529296875,5.3156128151971426e-11,4.445400332667699,0.9999978849576815,0.0026061160273371338,231.50801316734947,1,60,v4,matrix,3,0.5,0.0623
23168,21168,17085,15665,0.030517578125,0.02166748046875,0.02713598259523887,4.447447206902493,0.9999995037707745,0.13287075653863667,138.0393331027808,1,60,v5,matrix,2,0.8,0.1998
25236,14831,19957,13299,0.1587677001953125,0.101593017578125,7.94384767272082e-18,3.635012148594748,0.9999973018622051,8.365635042033302e-09,286.079965967115,0,61,clean,,,,
25256,14893,20029,13340,0.1581268310546875,0.1020660400390625,1.0118491365105428e-15,3.63582592456738,0.9999981675374198,1.3061790465730222e-08,270.43648923921523,1,61,v0,nsF5,3,0.25,0.0319
25249,14897,20017,13300,0.157958984375,0.1024932861328125,4.795615026299628e-16,3.636381080383398,0.9999999274029434,9.970323228267083e-08,272.8816492707643,1,61,v1,nsF5,3,0.55,0.0702
25255,14906,19910,13287,0.1579132080078125,0.1010589599609375,3.215686588557129e-14,3.6368668753624647,0.9999918207127858,8.08044157406957e-09,258.9185160392607,1,61,v2,nsF5,2,0.35,0.0893
25108,15080,19857,13322,0.15301513671875,0.0997161865234375,1.9755212727593226e-21,3.6380743641274487,0.9999985101633271,3.47360643224593e-14,311.7955214049863,1,61,v3,nsF5,2,0.85,0.2164
24552,15383,19609,13761,0.1399078369140625,0.0892333984375,4.4854193301367064e-11,3.6379596966716417,0.9999994899553061,2.212920664770877e-05,233.56020112301655,1,61,v4,matrix,3,0.5,0.0625
22960,16818,18410,14503,0.093719482421875,0.0596160888671875,0.04157459713740657,3.6439460702067246,0.9999983139013802,0.050975347994550856,135.86432647747074,1,61,v5,matrix,2,0.8,0.1997
35634,13625,31213,9959,0.3358306884765625,0.324310302734375,1.218881406616163e-81,4.464123155973612,0.9705415446434262,1.6370656788629226e-80,708.9713534776824,0,62,clean,,,,
34771,13732,30235,10027,0.3210296630859375,0.308349609375,7.609911346219346e-74,4.486800818702655,0.9772151260027959,1.2938518755214637e-73,665.1192029609105,1,62,v0,nsF5,3,0.25,0.0317
33884,13964,29256,10226,0.303955078125,0.290374755859375,1.889186168561105e-66,4.508428523638978,0.9838411679924625,3.732477145312811e-71,622.8977992178005,1,62,v1,nsF5,3,0.55,0.0694
33273,14099,28666,10356,0.292572021484375,0.279388427734375,3.78459871249904e-77,4.518036629220932,0.9866240286521692,3.66491240403869e-75,683.7775540596163,1,62,v2,nsF5,2,0.35,0.0883
31186,14946,26335,11171,0.247802734375,0.23138427734375,6.611414924569913e-64,4.553594487383789,0.9970364266298266,6.618241310243871e-64,608.2117799412116,1,62,v3,nsF5,2,0.85,0.2146
31857,14360,27292,10588,0.2669830322265625,0.2548828125,1.430139477667758e-57,4.505960013173223,0.9826029684861972,3.350501587152066e-58,571.2295578193724,1,62,v4,matrix,3,0.5,0.0626
25528,16541,21108,12811,0.1371307373046875,0.1266021728515625,9.414421585499471e-25,4.557348256416177,0.9962852844452948,2.854460213260372e-24,364.1621509066921,1,62,v5,matrix,2,0.8,0.2007
24293,21591,17469,15323,0.041229248046875,0.032745361328125,1.8689638731793185e-17,5.6751245241128085,0.9999991137445767,5.816689467471352e-10,311.0174130010385,0,63,clean,,,,
24315,21684,17437,15401,0.0401458740234375,0.03106689453125,3.507148754922449e-18,5.674792301789671,0.9999999973022432,2.3341572148090824e-10,316.542124340643,1,63,v0,nsF5,3,0.25,0.0317
24295,21714,17391,15382,0.0393829345703125,0.0306549072265625,5.070506466215074e-15,5.674459572498416,0.9999988731698999,1.4669900172919192e-08,292.0179094997952,1,63,v1,nsF5,3,0.55,0.0696
24213,21676,17398,15314,0.0387115478515625,0.03179931640625,5.9540602932897145e-12,5.674280891635116,0.9999996846048149,2.102479758150852e-06,266.67356029327993,1,63,v2,nsF5,2,0.35,0.0888
24273,21630,17439,15281,0.0403289794921875,0.032928466796875,3.917881833848163e-18,5.672947977919797,0.9999998405688936,7.853616328818683e-12,316.1783467027445,1,63,v3,nsF5,2,0.85,0.2144
24142,21832,17260,15498,0.035247802734375,0.026885986328125,9.345587334488106e-12,5.675190874533771,0.9999985883561724,4.5314600336263006e-07,264.9917650905453,1,63,v4,matrix,3,0.5,0.0628
23731,22108,16988,15635,0.0247650146484375,0.0206451416015625,1.925781111770444e-06,5.675623732047063,0.9999996846048149,4.585511122961543e-05,214.58435826130068,1,63,v5,matrix,2,0.8,0.2004
25639,19644,18910,14473,0.0914764404296875,0.0677032470703125,6.489437562472748e-51,5.230884719213441,0.9999204778488624,6.196373994995026e-33,531.6364941901918,0,64,clean,,,,
25651,19677,18904,14555,0.091156005859375,0.0663604736328125,8.003690986256177e-48,5.230801831174375,0.9999303415247117,6.052324373732024e-35,512.9514009647755,1,64,v0,nsF5,3,0.25,0.0318
25573,19765,18799,14538,0.088623046875,0.0650177001953125,2.695291622207543e-43,5.230574152323808,0.9999479697214164,6.73440712808153e-34,485.18189572864765,1,64,v1,nsF5,3,0.55,0.0694
25455,19764,18818,14544,0.0868377685546875,0.065216064453125,1.99668464671628e-40,5.230589957461266,0.9999621170938224,1.0678263991033324e-27,467.29823727421063,1,64,v2,nsF5,2,0.35,0.0886
25360,19859,18628,14577,0.0839385986328125,0.0618133544921875,1.7931280648620545e-29,5.229924354640195,0.9999941510763337,2.2406466215708092e-24,396.4306918483887,1,64,v3,nsF5,2,0.85,0.2148
25089,19987,18499,14750,0.077850341796875,0.0572052001953125,3.9695718475580825e-34,5.231268766681452,0.9999396531961106,6.721606091959299e-27,427.125326739243,1,64,v4,matrix,3,0.5,0.0628
23995,20791,17777,15269,0.04888916015625,0.03826904296875,8.2475595422224e-09,5.232047973609402,0.9999909833089053,3.3058074357740815e-07,238.4114363664523,1,64,v5,matrix,2,0.8,0.2012
42918,4462,40090,4703,0.5867919921875,0.5399627685546875,0.0,2.401675494359036,0.9586534095979935,3.176840862128153e-70,6795.566345266694,0,65,clean,,,,
41778,4705,38728,4875,0.5656890869140625,0.5165557861328125,0.0,2.430267439745782,0.9680324360569734,1.2215924531444482e-68,6712.775836650743,1,65,v0,nsF5,3,0.25,0.0315
40505,5035,37244,5188,0.541229248046875,0.4891357421875,0.0,2.4590652809234474,0.9771459221151584,2.851268765977906e-67,6489.900446064741,1,65,v1,nsF5,3,0.55,0.0693
39967,5191,36690,5483,0.5306396484375,0.4761810302734375,0.0,2.471568426391824,0.9807242549330124,2.432695089889295e-67,6497.2723290947015,1,65,v2,nsF5,2,0.35,0.0884
37004,6577,33138,6554,0.4642791748046875,0.4056396484375,0.0,2.5245822958058093,0.9952853839329503,1.938643306006265e-65,5997.940793827681,1,65,v3,nsF5,2,0.85,0.2139
37095,5835,34204,6009,0.47698974609375,0.4302215576171875,0.0,2.456159760144226,0.9757506546049116,3.601902113441425e-49,5285.795973863692,1,65,v4,matrix,3,0.5,0.0626
27582,9916,24930,9893,0.269561767578125,0.2294464111328125,0.0,2.5382108150489073,0.9943067741735854,3.48545141410888e-21,2648.030444038299,1,65,v5,matrix,2,0.8,0.2002
43396,4517,40637,4534,0.5932464599609375,0.5508880615234375,0.0,2.351666022432566,0.9530887301232416,3.704216667081701e-189,9738.56502864046,0,66,clean,,,,
42187,4768,39238,4728,0.5709686279296875,0.526580810546875,0.0,2.3821405743742106,0.9639296196164091,3.5939527967452204e-185,9564.084452198183,1,66,v0,nsF5,3,0.25,0.0314
40923,5122,37785,5009,0.5462799072265625,0.5001220703125,0.0,2.4116749365127172,0.9744297291736866,9.603307702261503e-184,9254.667867686592,1,66,v1,nsF5,3,0.55,0.0689
40410,5355,37065,5267,0.5348968505859375,0.485198974609375,0.0,2.425460226458298,0.9783829823835016,1.0887544581073657e-181,9145.926162603337,1,66,v2,nsF5,2,0.35,0.0876
37558,6664,33553,6407,0.471405029296875,0.414215087890625,0.0,2.4815138991746672,0.9951518303356011,1.8998387658649434e-165,8329.382482927556,1,66,v3,nsF5,2,0.85,0.2131
37430,5961,34586,5900,0.4801788330078125,0.437713623046875,0.0,2.409107421667581,0.9726249113382441,5.547360885838986e-143,7566.852952982696,1,66,v4,matrix,3,0.5,0.0623
27756,10097,25079,9843,0.2694549560546875,0.23248291015625,0.0,2.4949635704873754,0.9940386169711339,4.6223021515918125e-55,3654.95630205925,1,66,v5,matrix,2,0.8,0.1996
27614,11519,23250,11870,0.2455902099609375,0.17364501953125,7.669680970006614e-78,4.780604703666083,0.9996846672216313,8.835852713947463e-47,687.6786672859228,0,67,clean,,,,
27375,11597,23030,11926,0.240753173828125,0.16943359375,1.8414348570118885e-75,4.783557459179557,0.999760716560488,1.830356803818179e-44,674.2626569743998,1,67,v0,nsF5,3,0.25,0.0316
27063,11727,22781,12076,0.2340087890625,0.1633453369140625,3.0527777334105123e-68,4.786688904850257,0.9998397915687611,1.444531498233622e-41,633.1884715504523,1,67,v1,nsF5,3,0.55,0.0696
26873,11885,22675,11940,0.22869873046875,0.1638031005859375,4.981702859521215e-63,4.787429468991441,0.9998644064033263,7.795324868282953e-39,603.1277103466332,1,67,v2,nsF5,2,0.35,0.0883
26216,12253,22013,12210,0.2130584716796875,0.1495819091796875,2.432403146420673e-53,4.792494848411229,0.9999983641049854,1.0974872081345694e-29,546.1630367920512,1,67,v3,nsF5,2,0.85,0.2144
25816,12212,21818,12515,0.20758056640625,0.1419525146484375,3.586309388784517e-56,4.786681394575441,0.9998237964217134,4.078695042734608e-33,562.9741402958635,1,67,v4,matrix,3,0.5,0.0628
22518,14089,19264,13786,0.1286163330078125,0.083587646484375,9.394691280171517e-20,4.798323957621559,0.9999962189114766,4.2551069348741656e-07,328.2935060028578,1,67,v5,matrix,2,0.8,0.2007
47298,3216,46033,3728,0.672637939453125,0.6455230712890625,1.4539833095795122e-284,1.9146684613506533,0.8874477381453596,6.696200477965623e-206,1756.6475466962604,0,68,clean,,,,
45561,3445,44193,3951,0.64263916015625,0.614044189453125,1.2362630731246971e-278,1.9714804429327466,0.9133150608802703,1.836180813183575e-201,1727.2327269280743,1,68,v0,nsF5,3,0.25,0.0314
43863,3788,42243,4226,0.6114959716796875,0.5800933837890625,1.6557033719299775e-276,2.0252542244834797,0.9378176368431177,2.0303753883090254e-201,1716.6724871433157,1,68,v1,nsF5,3,0.55,0.0688
43160,4027,41298,4376,0.5971221923828125,0.563385009765625,3.4516844770125013e-268,2.047617218077251,0.9486650005605533,8.2410836520006735e-196,1675.3175901781724,1,68,v2,nsF5,2,0.35,0.0876
39164,5456,36629,5672,0.51434326171875,0.4723663330078125,5.612920066985218e-294,2.145958288574939,0.9882239918883966,1.7591810296311756e-205,1803.267942192606,1,68,v3,nsF5,2,0.85,0.2125
39839,4551,38407,5040,0.5384521484375,0.5091400146484375,2.5162306634517746e-211,2.018905305879866,0.9341475651320922,1.8904793154884087e-148,1390.1658809079554,1,68,v4,matrix,3,0.5,0.0625
27951,8797,26305,9010,0.292266845703125,0.2639007568359375,2.382007626969272e-73,2.1586999991805436,0.9859951150772652,1.7075996958456873e-59,662.3099086955395,1,68,v5,matrix,2,0.8,0.2000
35369,6990,31859,7562,0.4330291748046875,0.3707427978515625,3.6005662282903827e-140,3.0822095424414,0.9914601566078494,3.79744870150565e-105,1024.3876625927044,0,69,clean,,,,
34880,7190,31146,7768,0.422515869140625,0.356719970703125,2.1803214170156088e-135,3.1006152520582515,0.9936044827391604,5.1288065145310956e-101,999.2686865582253,1,69,v0,nsF5,3,0.25,0.0319
34202,7484,30256,8019,0.407684326171875,0.3393096923828125,2.0594832132244154e-134,3.1191863273282,0.9955650836493533,5.465879779293348e-103,994.1352111026405,1,69,v1,nsF5,3,0.55,0.0698
33957,7517,30124,8022,0.4034423828125,0.337249755859375,2.074231208090557e-139,3.126522438068019,0.9960930654328171,2.0183836765364385e-102,1020.3988995123146,1,69,v2,nsF5,2,0.35,0.0883
32481,8271,28193,8566,0.369415283203125,0.2994842529296875,6.810583275938165e-133,3.1634034487966205,0.9990010701530846,1.4696515817258407e-96,986.1296457683056,1,69,v3,nsF5,2,0.85,0.2142
31770,8207,28213,8744,0.3595428466796875,0.2970733642578125,2.4885417998293097e-96,3.1186295731528575,0.9951504717615494,1.1815724819251922e-71,790.1252636933993,1,69,v4,matrix,3,0.5,0.0628
25747,11262,22623,11446,0.2210235595703125,0.1705474853515625,2.0889952602646428e-29,3.179453260323231,0.9987920265004107,7.721181131738628e-22,395.98595002526815,1,69,v5,matrix,2,0.8,0.1988
36304,6574,31879,7072,0.453643798828125,0.3785247802734375,0.0,2.4170294554672243,0.9959238435478308,6.613475035067162e-183,2218.3005024690483,0,70,clean,,,,
35787,6747,31285,7184,0.443115234375,0.3677520751953125,0.0,2.438828501573419,0.996782839190827,3.157009732572226e-175,2229.3901426907028,1,70,v0,nsF5,3,0.25,0.0316
35333,6975,30724,7394,0.432708740234375,0.355987548828125,0.0,2.461320562356549,0.9976836243878744,1.9075722236825084e-167,2225.6537817627186,1,70,v1,nsF5,3,0.55,0.0690
35016,7112,30358,7537,0.42578125,0.3482208251953125,0.0,2.4699534944036086,0.9981165469416527,3.102089979556744e-156,2145.428245304536,1,70,v2,nsF5,2,0.35,0.0875
33667,7749,28749,8105,0.395477294921875,0.31500244140625,0.0,2.5169726663807173,0.9994974947364075,2.57505470144528e-140,2158.2427276316976,1,70,v3,nsF5,2,0.85,0.2128
32958,7883,28645,8184,0.3826141357421875,0.3122100830078125,9.774305158552912e-286,2.458677142701097,0.9975690318654089,1.5106689701320626e-135,1762.4593588476725,1,70,v4,matrix,3,0.5,0.0627
26496,11110,22929,11086,0.234771728515625,0.1807098388671875,1.1442566398922357e-111,2.537136801771428,0.9994137721990415,6.371763897916959e-57,873.2211518871877,1,70,v5,matrix,2,0.8,0.2001
36663,6305,32303,6770,0.463226318359375,0.3896026611328125,0.0,2.344696208456045,0.9979341338270917,1.5393773034788734e-103,2148.610326156189,0,71,clean,,,,
36134,6453,31690,6905,0.4528961181640625,0.3781890869140625,0.0,2.3687421117888996,0.9983514744273709,2.3322433422500844e-102,2097.9077987881965,1,71,v0,nsF5,3,0.25,0.0320
35631,6655,31073,7055,0.442138671875,0.366485595703125,0.0,2.392765100528971,0.9988218641350312,1.2486626999449571e-104,2042.0405808140642,1,71,v1,nsF5,3,0.55,0.0702
35387,6781,30864,7190,0.436492919921875,0.361236572265625,0.0,2.403425732512548,0.9989196225096655,3.6401185646365727e-93,2038.2261673925407,1,71,v2,nsF5,2,0.35,0.0889
34025,7487,29289,7662,0.404937744140625,0.3300018310546875,0.0,2.453630239425761,0.9997292087810931,2.6055833172545217e-84,2032.2329936967653,1,71,v3,nsF5,2,0.85,0.2163
33248,7570,28981,7927,0.391815185546875,0.321258544921875,9.45694321942577e-266,2.390845199883907,0.9987279897377332,1.9317115166998522e-84,1663.184038000203,1,71,v4,matrix,3,0.5,0.0629
26763,10876,23234,10853,0.2424163818359375,0.1889190673828125,2.480725366700564e-135,2.476564578070787,0.9997013890570644,1.8809155577047965e-30,998.9737084669634,1,71,v5,matrix,2,0.8,0.2003
42959,3906,41255,4392,0.5959014892578125,0.5624847412109375,1.225e-321,2.1669847660600565,0.9413184391691202,7.969636012265691e-138,1939.7640070443815,0,72,clean,,,,
41688,4189,39761,4674,0.5721893310546875,0.5353851318359375,0.0,2.2087116412122123,0.9550655078830494,2.6545597523832894e-138,1975.95666207117,1,72,v0,nsF5,3,0.25,0.0328
40468,4564,38274,5009,0.5478515625,0.5075836181640625,2e-323,2.2486663294385316,0.9680476953549959,2.9112581311084267e-128,1948.6546245151708,1,72,v1,nsF5,3,0.55,0.0714
39883,4764,37534,5173,0.5358734130859375,0.4937896728515625,2.702349572134e-312,2.264271882234711,0.9727256817607952,1.791977731797278e-129,1893.73460863847,1,72,v2,nsF5,2,0.35,0.0901
36927,6099,33875,6242,0.47039794921875,0.4216461181640625,5.706563654563559e-302,2.3389539293024506,0.9933458853930859,1.511206903506481e-118,1842.7825457168003,1,72,v3,nsF5,2,0.85,0.2190
36947,5384,35000,5837,0.4816131591796875,0.4449920654296875,3.0440331395048027e-253,2.2438202141080215,0.9656769564654886,8.393368445111319e-110,1600.8124602224837,1,72,v4,matrix,3,0.5,0.0629
27130,9509,25196,9702,0.2688751220703125,0.236419677734375,4.1986392713991563e-100,2.3553392494482814,0.9926467502392122,7.253627124919237e-45,810.7043592101245,1,72,v5,matrix,2,0.8,0.1996
40196,4017,36684,5044,0.5520477294921875,0.4827880859375,4.4572564832716125e-271,2.206387411277029,0.9749642427132625,2.748527927090751e-150,1689.688037018054,0,73,clean,,,,
39334,4325,35814,5327,0.5341949462890625,0.4651947021484375,3.838580636007124e-269,2.238151530642069,0.9807215323630518,1.0284539199791937e-140,1680.0634245512042,1,73,v0,nsF5,3,0.25,0.0315
38330,4726,34680,5686,0.51275634765625,0.442413330078125,2.7953217910418463e-271,2.270758745219024,0.9863701012394226,8.587942510087572e-137,1690.6956322976264,1,73,v1,nsF5,3,0.55,0.0693
37908,4839,34207,5799,0.5045928955078125,0.4334716796875,7.307113834249691e-247,2.285821873236218,0.9879457434861288,2.9141489478912686e-127,1568.9179029721938,1,73,v2,nsF5,2,0.35,0.0883
35834,5988,31672,6720,0.455413818359375,0.3807373046875,3.90408814172424e-248,2.3476374560073316,0.9969720409712458,8.473099942885526e-119,1575.282047385801,1,73,v3,nsF5,2,0.85,0.2131
35288,5578,31934,6558,0.453338623046875,0.38720703125,9.161176445901607e-207,2.2682808016461244,0.9855507434358303,6.796114275219446e-110,1367.0699340584931,1,73,v4,matrix,3,0.5,0.0629
27233,9373,24509,10056,0.27252197265625,0.2205352783203125,2.5074869423244667e-86,2.367197402594745,0.996441689191512,3.7570794881833766e-47,735.0559297409624,1,73,v5,matrix,2,0.8,0.2004
45208,3958,41220,4176,0.629425048828125,0.56524658203125,0.0,1.6032116916992691,0.9734812941725977,0.0,54543.17556051961,0,74,clean,,,,
44245,4166,40240,4344,0.6115570068359375,0.5477294921875,0.0,1.6383032839083798,0.9793489828539164,0.0,52869.89145406972,1,74,v0,nsF5,3,0.25,0.0314
43288,4425,39124,4554,0.5930023193359375,0.527496337890625,0.0,1.6735458861896733,0.9853199990481152,0.0,50941.135810158055,1,74,v1,nsF5,3,0.55,0.0691
42949,4550,38545,4718,0.5859222412109375,0.5161590576171875,0.0,1.6884959384977547,0.9882600436494562,0.0,50295.69930809729,1,74,v2,nsF5,2,0.35,0.0880
40779,5333,35983,5370,0.540863037109375,0.4671173095703125,0.0,1.758900373423341,0.9972717832851759,0.0,44460.29627384738,1,74,v3,nsF5,2,0.85,0.2130
39270,5283,35319,5426,0.5186004638671875,0.4561309814453125,0.0,1.6760827958802562,0.9844803668574045,5.065007256534872e-264,41743.56797880794,1,74,v4,matrix,3,0.5,0.0627
29277,9369,25724,9272,0.30377197265625,0.25103759765625,0.0,1.7972581844348443,0.996782839190827,4.207387827492914e-127,19196.46936323527,1,74,v5,matrix,2,0.8,0.2005
42059,4946,37575,5098,0.5662994384765625,0.4955596923828125,0.0,1.6883500974812116,0.9839488826759388,2.16128531623142e-142,34773.27541937377,0,75,clean,,,,
41434,5139,36803,5283,0.5538177490234375,0.48095703125,0.0,1.7195439000728903,0.9874963549525839,9.854669625194424e-137,33708.51585287826,1,75,v0,nsF5,3,0.25,0.0310
40818,5348,36027,5432,0.541229248046875,0.4668426513671875,0.0,1.7509786522112505,0.9910269101877527,5.975162924642011e-140,32540.022759817304,1,75,v1,nsF5,3,0.55,0.0685
40238,5524,35544,5571,0.529693603515625,0.4573516845703125,0.0,1.7664790561934873,0.9927385573515484,9.997199956394979e-151,32196.11218754136,1,75,v2,nsF5,2,0.35,0.0874
38364,6297,33341,6310,0.4893035888671875,0.4124603271484375,0.0,1.8342565633397732,0.9983087354132869,2.0821614057785197e-147,28537.0991896002,1,75,v3,nsF5,2,0.85,0.2128
37373,6259,32888,6317,0.474761962890625,0.4054412841796875,0.0,1.751808665935445,0.9905366743200323,1.3298512370090021e-107,26475.645582747493,1,75,v4,matrix,3,0.5,0.0623
28639,10218,24899,9966,0.2810821533203125,0.2278594970703125,0.0,1.8661169422719808,0.997914004083766,2.2840258910795154e-55,12459.115364156654,1,75,v5,matrix,2,0.8,0.2001
31208,10005,25923,10122,0.3235321044921875,0.2411041259765625,1.3060433850946633e-55,3.50085642396596,0.9991519278129107,8.307142382658576e-59,559.6529622517792,0,76,clean,,,,
30930,10123,25642,10209,0.3174896240234375,0.2354888916015625,4.492092066746367e-50,3.505157840406043,0.999363034636253,6.538033736369114e-53,526.5777580741945,1,76,v0,nsF5,3,0.25,0.0321
30630,10332,25318,10311,0.309722900390625,0.2289886474609375,1.526765286023966e-42,3.509666763023641,0.9995312607774722,1.484482211574848e-44,480.5108341908829,1,76,v1,nsF5,3,0.55,0.0704
30571,10362,25164,10400,0.3083648681640625,0.22528076171875,8.710862899078955e-39,3.5115555347801197,0.9995774413093756,3.173286391819145e-40,456.96927667258933,1,76,v2,nsF5,2,0.35,0.0893
29717,10829,24201,10705,0.2882080078125,0.2059326171875,4.046645062407659e-33,3.5196801851521506,0.999914702574796,1.0929631044423023e-31,420.5573441386626,1,76,v3,nsF5,2,0.85,0.2165
28988,10993,24024,10938,0.2745819091796875,0.199676513671875,1.0548920734022012e-41,3.5107697687781907,0.9994993853009686,2.1386910672260562e-43,475.2861196293978,1,76,v4,matrix,3,0.5,0.0629
24927,13356,20635,12900,0.1765594482421875,0.1180267333984375,1.43451948444946e-17,3.5307410330616,0.999899574001763,6.8828616560697916e-18,311.895135895672,1,76,v5,matrix,2,0.8,0.2005
25092,16742,18860,13999,0.127410888671875,0.0741729736328125,1.7033021839365715e-17,5.094505274481885,0.9999952269780845,3.2973551440784405e-08,311.3255330825209,0,77,clean,,,,
24960,16821,18856,14019,0.1241912841796875,0.0738067626953125,8.984236182672891e-17,5.0948030445154435,0.9999949536715227,2.445144897653256e-09,305.77449174044574,1,77,v0,nsF5,3,0.25,0.0316
24977,16794,18862,13910,0.1248626708984375,0.0755615234375,1.2655737590798489e-14,5.095303311112797,0.9999960271701803,2.248445817184079e-07,288.83419344845925,1,77,v1,nsF5,3,0.55,0.0696
24936,16932,18734,14065,0.12213134765625,0.0712432861328125,3.637171058607328e-11,5.094812543936867,0.9999887112812408,9.254279330527021e-06,259.86630799833614,1,77,v2,nsF5,2,0.35,0.0880
24962,17058,18897,14168,0.12060546875,0.0721588134765625,2.0215006201120842e-13,5.09480135735469,0.999997770134295,3.117640708972073e-07,279.0260522561232,1,77,v3,nsF5,2,0.85,0.2136
24369,17133,18512,14225,0.11041259765625,0.0654144287109375,2.3518450140230837e-12,5.095881353182605,0.9999960530096788,1.4192459898680819e-06,270.1109981164813,1,77,v4,matrix,3,0.5,0.0628
23217,18267,17719,15048,0.075531005859375,0.0407562255859375,0.0011367171399848622,5.098344455612059,0.999996730558737,0.008867892124475774,181.22146484892517,1,77,v5,matrix,2,0.8,0.1997
25011,15392,19727,13672,0.1467742919921875,0.0923919677734375,2.781007390991e-35,4.896733240215508,0.9999984862944862,1.4825076686749488e-16,434.59556541405374,0,78,clean,,,,
24969,15460,19774,13676,0.1450958251953125,0.093048095703125,1.0582309709414104e-31,4.897199071436425,0.9999988031967968,2.7451572090429256e-14,411.2514474007827,1,78,v0,nsF5,3,0.25,0.0316
24894,15530,19692,13711,0.14288330078125,0.0912628173828125,1.6128105090530965e-31,4.89752021101959,0.9999989208970346,1.1700785259465926e-15,410.04352324624506,1,78,v1,nsF5,3,0.55,0.0696
24841,15567,19532,13846,0.141510009765625,0.086761474609375,7.941830630925948e-28,4.89785964676309,0.9999967773480256,6.841916696931789e-12,385.32286251228135,1,78,v2,nsF5,2,0.35,0.0890
24776,15701,19510,13772,0.1384735107421875,0.087554931640625,1.17220238500789e-28,4.8986767645847475,0.999997396989861,1.706919614359367e-10,390.9473106193417,1,78,v3,nsF5,2,0.85,0.2150
24187,15919,19217,13994,0.12615966796875,0.0796966552734375,1.602668293207409e-25,4.898175259592363,0.9999982885150477,5.795032791851504e-14,369.51136554891,1,78,v4,matrix,3,0.5,0.0628
22508,17261,18129,14866,0.0800628662109375,0.0497894287109375,4.673115054851875e-07,4.901838076468137,0.9999962566906748,0.0003434431859073449,221.0591333640972,1,78,v5,matrix,2,0.8,0.2007
26820,15183,21260,13081,0.1775665283203125,0.1248016357421875,9.62344992513698e-189,4.621943788395009,0.9998356561033915,3.0158372961621304e-85,1275.4184532094387,0,79,clean,,,,
26678,15281,21101,13075,0.1739044189453125,0.122467041015625,5.585384722048144e-186,4.622840392570009,0.9998778891716823,9.225742443966353e-81,1261.3022669981435,1,79,v0,nsF5,3,0.25,0.0318
26544,15363,20996,13062,0.1706085205078125,0.121063232421875,7.058889906271962e-183,4.623324493235018,0.9999236303860084,3.0454060364891325e-79,1245.439221142161,1,79,v1,nsF5,3,0.55,0.0692
26513,15281,20943,13234,0.17138671875,0.1176300048828125,7.948694420679705e-185,4.624053404019737,0.9999162545199766,2.347118524649656e-75,1255.4067820892642,1,79,v2,nsF5,2,0.35,0.0888
26147,15605,20587,13294,0.160858154296875,0.1112823486328125,2.7408798373740466e-169,4.624815848570668,0.9999822726200884,6.038295738585042e-58,1175.6653349012724,1,79,v3,nsF5,2,0.85,0.2151
25638,15795,20302,13419,0.1501922607421875,0.1050262451171875,4.3279269517187316e-134,4.624152346460246,0.9999218039394676,1.7932418382003302e-60,992.4366824534327,1,79,v4,matrix,3,0.5,0.0625
23424,17069,18701,14371,0.0969696044921875,0.066070556640625,1.9620023208042124e-47,4.629819057381769,0.9999772899959831,1.5124172693584351e-16,510.5824312459183,1,79,v5,matrix,2,0.8,0.2008
26664,12596,22190,12506,0.21466064453125,0.14776611328125,1.0419477214474515e-29,4.5312772798396015,0.9998216351412776,3.936314851849182e-31,398.009772805441,0,80,clean,,,,
26567,12723,22034,12534,0.21124267578125,0.14495849609375,1.32583341139186e-25,4.5324393375468315,0.9998751475464103,1.15129450255223e-27,370.0819581466298,1,80,v0,nsF5,3,0.25,0.0317
26326,12837,21882,12588,0.2058258056640625,0.141815185546875,1.1361995305652046e-20,4.533484193341811,0.9999326521527375,1.0354985124528248e-22,335.03566282007137,1,80,v1,nsF5,3,0.55,0.0696
26194,13008,21794,12589,0.201202392578125,0.1404571533203125,3.8950115868017434e-22,4.533851796174053,0.9999128941626942,2.0989801326020482e-24,345.6429724143976,1,80,v2,nsF5,2,0.35,0.0890
25724,13349,21446,12734,0.1888275146484375,0.1329345703125,3.423295977919341e-23,4.534983953863072,0.9999757486222676,1.072001310625512e-23,353.17901789133737,1,80,v3,nsF5,2,0.85,0.2153
25362,13363,21144,12993,0.1830902099609375,0.1243743896484375,5.342582412519989e-20,4.534472015627543,0.9999212287484393,4.133145341812205e-21,330.1028942708748,1,80,v4,matrix,3,0.5,0.0624
22671,15138,19228,14069,0.1149444580078125,0.0787200927734375,6.547010788359773e-12,4.541308268602888,0.999974583936734,2.5424268401687043e-12,266.3201554881591,1,80,v5,matrix,2,0.8,0.2002
28158,15689,21841,12598,0.1902618408203125,0.1410369873046875,4.649222381412923e-64,4.698560347189044,0.9996710323626264,9.87554236288009e-51,609.0970375851538,0,81,clean,,,,
28014,15762,21650,12742,0.18695068359375,0.13592529296875,1.0061953362380108e-59,4.699607859407636,0.9997914965232872,4.624919856634077e-47,583.8662265918942,1,81,v0,nsF5,3,0.25,0.0318
27816,15795,21404,12742,0.1834259033203125,0.132171630859375,7.246798959424354e-57,4.700763257496056,0.9998411856213956,2.7648909428480535e-43,567.0757636044335,1,81,v1,nsF5,3,0.55,0.0701
27652,15848,21328,12726,0.18011474609375,0.131256103515625,6.188804722941889e-54,4.70117272048122,0.9998796050411125,2.3135871045368313e-42,549.7046599202519,1,81,v2,nsF5,2,0.35,0.0884
27419,16008,21043,12902,0.1741180419921875,0.1242218017578125,6.546932273337535e-49,4.702867908664658,0.9999649396693829,1.4819574202930233e-36,519.5474584903251,1,81,v3,nsF5,2,0.85,0.2147
26893,16195,20690,13144,0.163238525390625,0.115142822265625,1.4222662024303028e-42,4.701869668823007,0.999842980645821,5.131578102279043e-32,480.7021055072254,1,81,v4,matrix,3,0.5,0.0629
24649,17613,19010,14139,0.10736083984375,0.0743255615234375,5.689648394057838e-10,4.709392368398513,0.9999573397835603,1.0840313817211694e-08,249.20762584295252,1,81,v5,matrix,2,0.8,0.2001
27885,15897,21381,12888,0.18292236328125,0.1295928955078125,3.515981437786695e-85,4.723846792269134,0.9997739861448867,1.7964580467213215e-77,728.6911648141894,0,82,clean,,,,
27752,16047,21131,12878,0.1786041259765625,0.1259307861328125,7.501369795990819e-85,4.724752370787959,0.9998362382412309,4.3053962655409577e-76,726.8625972609566,1,82,v0,nsF5,3,0.25,0.0318
27552,16127,21011,12968,0.1743316650390625,0.1227264404296875,1.7055501904231561e-81,4.725722194883558,0.9998734733541168,1.4777324260803757e-72,708.1561151159298,1,82,v1,nsF5,3,0.55,0.0699
27575,16043,20924,13030,0.17596435546875,0.120452880859375,1.4440819393791214e-83,4.725667690808012,0.9998994438289553,8.102638425575289e-77,719.7165807748545,1,82,v2,nsF5,2,0.35,0.0881
27016,16350,20366,13202,0.162750244140625,0.10931396484375,9.499311768403877e-81,4.726150625728873,0.9999865914330184,6.966954464738924e-72,703.9856468538321,1,82,v3,nsF5,2,0.85,0.2149
26667,16616,20388,13375,0.1533660888671875,0.1070098876953125,3.732235902679156e-62,4.726738130441808,0.999875727260259,1.4675606566962624e-55,598.0470212960452,1,82,v4,matrix,3,0.5,0.0628
24362,17935,18528,14387,0.0980682373046875,0.0631866455078125,1.54183545237125e-23,4.731903024615294,0.9999833492021892,2.6686109433930096e-22,355.6321652050807,1,82,v5,matrix,2,0.8,0.2001
31383,8262,25965,9501,0.3527984619140625,0.251220703125,5.474725387997523e-164,3.2200204418385563,0.9999715180771662,3.1078484863242907e-82,1135.853187755852,0,83,clean,,,,
31191,8463,25703,9581,0.3468017578125,0.246002197265625,8.811359362280675e-161,3.2261419265215747,0.9999778435055297,1.847106349274663e-84,1119.3310068059473,1,83,v0,nsF5,3,0.25,0.0317
30967,8630,25502,9648,0.3408355712890625,0.241912841796875,7.702403734524741e-170,3.232502595152758,0.9999865914330184,1.5855694943559173e-85,1165.9317455644386,1,83,v1,nsF5,3,0.55,0.0692
30846,8748,25403,9752,0.337188720703125,0.2388153076171875,1.6183899670862022e-166,3.2353092171929845,0.9999889930823526,8.285933890661116e-81,1148.865153048458,1,83,v2,nsF5,2,0.35,0.0877
30238,9344,24775,10148,0.318817138671875,0.2231903076171875,1.4886107053795414e-165,3.2515047443736846,0.9999898171140759,3.8555247500473976e-75,1141.3956340045972,1,83,v3,nsF5,2,0.85,0.2130
29136,9418,24081,10338,0.300872802734375,0.2097015380859375,2.025680035653012e-121,3.232941739400801,0.9999850267238479,1.0091653368077938e-63,913.7700620313936,1,83,v4,matrix,3,0.5,0.0628
25100,12256,21027,12586,0.19598388671875,0.1287994384765625,1.18143485291401e-48,3.2614013879096317,0.9999936868606456,1.0394738337185021e-21,508.61987787129743,1,83,v5,matrix,2,0.8,0.1999
24672,16210,19251,13967,0.129119873046875,0.08062744140625,1.2509110255023936e-12,4.323653765921515,0.9999998507697869,4.982457696904072e-10,272.4269096275253,0,84,clean,,,,
24629,16319,19264,14024,0.126800537109375,0.0799560546875,1.7444717375258497e-11,4.324067826377376,0.9999999681222103,1.5703268300818274e-09,262.6483833556793,1,84,v0,nsF5,3,0.25,0.0317
24573,16299,19209,14046,0.126251220703125,0.0787811279296875,4.812265952717169e-13,4.324266892428434,0.9999994030790862,4.646962014378379e-12,275.9013171726398,1,84,v1,nsF5,3,0.55,0.0696
24788,16159,19188,14075,0.1316680908203125,0.0780181884765625,4.200349461703409e-15,4.324349670286316,0.9999992985409812,2.379281715233707e-09,292.67012507529836,1,84,v2,nsF5,2,0.35,0.0885
24804,16114,19072,14104,0.132598876953125,0.0758056640625,9.84137375257745e-22,4.3253348275681835,0.999998413549845,9.197384220293806e-11,342.74666268219556,1,84,v3,nsF5,2,0.85,0.2153
23970,16744,18813,14357,0.110260009765625,0.0679931640625,4.8518507864558414e-08,4.32489656389581,0.9999998273435617,2.8722808630989934e-07,230.97217298804523,1,84,v4,matrix,3,0.5,0.0627
22957,17645,17937,15041,0.0810546875,0.044189453125,0.00014423400600984993,4.328604405126943,0.9999999965856516,0.035741586819249216,193.00968359791608,1,84,v5,matrix,2,0.8,0.2006
31067,11529,25306,10550,0.298126220703125,0.22515869140625,2.67006606507926e-131,3.672525818363016,0.9996104088564375,4.8328699646062145e-107,977.7245585905362,0,85,clean,,,,
30812,11684,25070,10643,0.2918701171875,0.2201385498046875,5.852217640676723e-125,3.6776652246585764,0.9997137138331169,5.7771998736063526e-102,944.1691614430064,1,85,v0,nsF5,3,0.25,0.0317
30426,11855,24797,10737,0.2833709716796875,0.21453857421875,7.208036686625378e-132,3.6830049120725,0.9997984689354834,1.307277958859387e-105,980.7257591895527,1,85,v1,nsF5,3,0.55,0.0695
30347,12056,24614,10834,0.2790985107421875,0.21026611328125,5.518604424037493e-130,3.6852232092168373,0.999816658154502,4.218903162283527e-113,970.7781835023634,1,85,v2,nsF5,2,0.35,0.0876
29614,12445,23713,10995,0.2619781494140625,0.194061279296875,7.478463842993654e-116,3.6977385486158503,0.999945840917817,3.771995608603535e-104,895.6549575051235,1,85,v3,nsF5,2,0.85,0.2133
29003,12567,23614,11272,0.25079345703125,0.188323974609375,7.696591276453653e-95,3.68362358374498,0.9997910274793564,2.8981681564886133e-77,781.9687372031696,1,85,v4,matrix,3,0.5,0.0629
25248,14696,20459,12836,0.1610107421875,0.1163177490234375,4.895856174694231e-38,3.705576018430734,0.9999365890469698,3.210920261567855e-34,452.21771660562155,1,85,v5,matrix,2,0.8,0.1998
31441,10293,25576,10199,0.32269287109375,0.2346343994140625,1.8748163483714426e-111,3.0618847803646174,0.9998114343954296,1.4227070767985304e-112,872.0690493721812,0,86,clean,,,,
31196,10389,25326,10262,0.3174896240234375,0.2298583984375,1.4708970884803363e-108,3.0680523273694607,0.9998482245211747,1.2224653006275679e-109,856.4919051510565,1,86,v0,nsF5,3,0.25,0.0316
30913,10520,24932,10335,0.3111724853515625,0.2227325439453125,1.0989411438537405e-104,3.0746868347203216,0.9998818034019835,1.7728073502372006e-99,835.571708098374,1,86,v1,nsF5,3,0.55,0.0695
30578,10696,24858,10396,0.303375244140625,0.220672607421875,3.552398894403072e-111,3.0769932971146527,0.99990439461611,1.3161313095734862e-105,870.5774028372826,1,86,v2,nsF5,2,0.35,0.0880
29881,11101,24174,10629,0.28656005859375,0.2066802978515625,1.6450615648713792e-116,3.0915056586213705,0.9999797270113384,1.049583488715215e-113,899.1720956987978,1,86,v3,nsF5,2,0.85,0.2136
29214,11253,23715,10962,0.2740631103515625,0.1945953369140625,5.7297690614801285e-74,3.0748272559761483,0.9998814501978301,1.554540686502463e-69,665.8174274282399,1,86,v4,matrix,3,0.5,0.0628
24930,13792,20640,12649,0.169952392578125,0.1219329833984375,6.556773969503976e-28,3.1015902069160495,0.9999753956442126,1.524732714697511e-28,385.88796401980346,1,86,v5,matrix,2,0.8,0.2000
25405,19757,19010,14751,0.086181640625,0.0649871826171875,4.6369020406237293e-147,5.494046114700127,0.9997256712919151,4.794688356392277e-141,1060.4311286838001,0,87,clean,,,,
25349,19769,18823,14786,0.08514404296875,0.0615997314453125,3.309839833882767e-139,5.49360556367058,0.9997870667020444,1.3638064834780733e-128,1019.3340590444034,1,87,v0,nsF5,3,0.25,0.0318
25185,19808,18679,14678,0.0820465087890625,0.0610504150390625,6.668924602047797e-123,5.492981237073299,0.9998480644992487,8.332707783262502e-113,933.2466186464661,1,87,v1,nsF5,3,0.55,0.0695
25184,19862,18727,14791,0.081207275390625,0.06005859375,3.1983413326273665e-119,5.492846437097113,0.9998607530714825,3.2075795844111217e-113,913.6493707098539,1,87,v2,nsF5,2,0.35,0.0888
24901,20094,18558,14856,0.0733489990234375,0.056488037109375,1.8141491914968855e-96,5.49006894791191,0.9999498721379617,2.8124400419808722e-92,790.8757415387316,1,87,v3,nsF5,2,0.85,0.2153
24818,20034,18375,14879,0.072998046875,0.0533447265625,2.2532789304119723e-102,5.494034023927649,0.9998358225338936,5.506286065919421e-95,823.0419994609254,1,87,v4,matrix,3,0.5,0.0625
23680,20854,17523,15426,0.043121337890625,0.0319976806640625,3.1872294741845583e-41,5.493668815760099,0.9999498721379617,5.7590168906978e-40,472.28821458359647,1,87,v5,matrix,2,0.8,0.2004
26928,16026,20498,13051,0.166351318359375,0.1136322021484375,5.795729444333723e-47,4.601456618754457,0.9999997533133158,4.674455302563585e-41,507.716002165882,0,88,clean,,,,
26836,16102,20419,13128,0.163787841796875,0.1112518310546875,1.0810766488126127e-46,4.602154532804045,0.9999998581991566,3.782748529234509e-40,506.0638372523526,1,88,v0,nsF5,3,0.25,0.0314
26789,16127,20280,13146,0.162689208984375,0.108856201171875,4.703452161788802e-46,4.603353700814029,0.9999998678099157,3.0759279125976617e-40,502.16025516833724,1,88,v1,nsF5,3,0.55,0.0688
26653,16214,20191,13097,0.1592864990234375,0.108245849609375,5.765058797409146e-41,4.60343494759482,0.9999978183462078,4.580828532077986e-37,470.6785606617022,1,88,v2,nsF5,2,0.35,0.0879
26550,16397,20128,13171,0.1549224853515625,0.1061553955078125,4.809581423884471e-44,4.60586888944443,0.999999877083455,2.926437859193521e-38,489.808817859474,1,88,v3,nsF5,2,0.85,0.2134
26058,16623,19748,13480,0.1439666748046875,0.09564208984375,3.0387937296433807e-37,4.603575288118543,0.9999999127338906,4.2754724127681234e-32,447.1724793200598,1,88,v4,matrix,3,0.5,0.0624
24247,18033,18558,14342,0.094818115234375,0.0643310546875,2.105847251594241e-13,4.608915878638857,0.9999999767213099,2.837419215334692e-12,278.87939633693765,1,88,v5,matrix,2,0.8,0.2001
25173,17853,18956,14193,0.1116943359375,0.0726776123046875,1.7114331001744667e-34,4.94728161159329,0.9999949390762031,9.170377879331903e-22,429.49511406738566,0,89,clean,,,,
25075,17880,18925,14197,0.1097869873046875,0.0721435546875,3.2377039492427884e-30,4.947512808329959,0.9999904893327782,1.4588125833691666e-19,401.40010222495795,1,89,v0,nsF5,3,0.25,0.0315
25072,17838,18853,14235,0.110382080078125,0.070465087890625,6.160215390469301e-25,4.947462614777842,0.999996915692565,2.652640693263351e-15,365.44712586354797,1,89,v1,nsF5,3,0.55,0.0692
25121,17878,18962,14263,0.1105194091796875,0.0717010498046875,1.7661797374523717e-28,4.947144607358115,0.9999973018622051,4.9165082028770244e-12,389.7453919012964,1,89,v2,nsF5,2,0.35,0.0884
25025,18108,18816,14316,0.1055450439453125,0.06866455078125,3.095187009251584e-24,4.947131950985277,0.9999992203481615,4.760308699981228e-08,360.5438080602405,1,89,v3,nsF5,2,0.85,0.2144
24562,18238,18506,14473,0.09649658203125,0.0615386962890625,4.210326581590447e-20,4.947892000530335,0.9999974697977649,1.7832661626573017e-13,330.8646218629582,1,89,v4,matrix,3,0.5,0.0626
23338,19225,17705,15185,0.0627593994140625,0.0384521484375,1.8168785864520914e-09,4.94959259612839,0.9999997435444847,0.0005099216353606902,244.57738685368383,1,89,v5,matrix,2,0.8,0.2008
27758,14187,22055,12326,0.2070770263671875,0.1484527587890625,2.234876660249689e-37,4.26283729436772,0.9999071675249398,7.086239341945981e-36,448.0231443685402,0,90,clean,,,,
27634,14217,21862,12383,0.2047271728515625,0.1446380615234375,1.9615238299761453e-35,4.264143574757499,0.9999228339715356,2.4080057031890305e-35,435.57270183011104,1,90,v0,nsF5,3,0.25,0.0317
27479,14299,21679,12483,0.20111083984375,0.14031982421875,1.0237360245437574e-35,4.265601180229765,0.9999615153043029,2.872088766145141e-34,437.3905374375088,1,90,v1,nsF5,3,0.55,0.0693
27472,14314,21605,12464,0.200775146484375,0.1394805908203125,2.7432992244774867e-35,4.26644521921204,0.9999547574720832,5.867590218766835e-34,434.63379467825007,1,90,v2,nsF5,2,0.35,0.0882
27186,14511,21165,12740,0.1934051513671875,0.1285552978515625,2.012348684262656e-33,4.269293265324711,0.9999820532569352,2.3013406741719844e-32,422.5379228771766,1,90,v3,nsF5,2,0.85,0.2128
26463,14846,20882,12899,0.1772613525390625,0.1218109130859375,4.82997645903637e-25,4.266248880672229,0.9999548447716287,3.812661338246965e-24,366.1831186922432,1,90,v4,matrix,3,0.5,0.0628
23995,16313,18925,14152,0.117218017578125,0.0728302001953125,4.275073777934117e-09,4.273634816467199,0.9999794336275245,6.434385821357971e-09,241.10925465223357,1,90,v5,matrix,2,0.8,0.1998
28831,13505,23313,11797,0.233856201171875,0.17572021484375,1.1211818441594042e-30,4.399028981982208,0.9996667789512454,2.2070730011175158e-29,404.4652513938888,0,91,clean,,,,
28678,13557,23109,11840,0.2307281494140625,0.1719512939453125,4.037088281416613e-27,4.4015651403237435,0.9997238399882094,8.09073082773863e-26,380.5125310280299,1,91,v0,nsF5,3,0.25,0.0317
28468,13636,22820,11889,0.226318359375,0.1667938232421875,4.4462524466194785e-21,4.404410658732951,0.9998137454349858,9.46495574668142e-22,338.00487246708053,1,91,v1,nsF5,3,0.55,0.0692
28290,13781,22664,12028,0.2213897705078125,0.16229248046875,4.973046329417273e-22,4.405391581832214,0.9998486242070783,9.173955669308519e-25,344.8807972151847,1,91,v2,nsF5,2,0.35,0.0877
27729,14130,22093,12244,0.2075042724609375,0.1502838134765625,1.0977555769378821e-13,4.41129270936294,0.99996009268607,4.728071730323204e-17,281.20953684039125,1,91,v3,nsF5,2,0.85,0.2138
27313,14158,21974,12385,0.2007293701171875,0.1463165283203125,3.8822504452969407e-20,4.404847496674686,0.9997865927037523,4.630028082424815e-20,331.12384584665625,1,91,v4,matrix,3,0.5,0.0626
24209,15980,19524,13825,0.1255645751953125,0.0869598388671875,2.0880738701521761e-10,4.416331441838268,0.9999477822228067,1.1326645506104319e-09,253.14039107580533,1,91,v5,matrix,2,0.8,0.2002
29440,12986,23900,11335,0.251068115234375,0.1917266845703125,4.140470212727057e-59,4.232304524733426,0.9996207211669887,9.80071825983528e-45,580.2674605757176,0,92,clean,,,,
29274,13092,23719,11349,0.246917724609375,0.188751220703125,3.4177281742596125e-54,4.236283310787896,0.9997001535349309,3.790846065981128e-42,551.2389851049613,1,92,v0,nsF5,3,0.25,0.0317
29002,13227,23471,11410,0.2407073974609375,0.1840362548828125,3.3737475255724463e-43,4.2398279249882735,0.999782015503206,3.8054651980537224e-33,484.5780417157702,1,92,v1,nsF5,3,0.55,0.0696
28855,13262,23349,11467,0.2379302978515625,0.181304931640625,5.665563585665767e-43,4.241549695785995,0.9997895229969451,1.8774569652428325e-35,483.18283479723516,1,92,v2,nsF5,2,0.35,0.0889
28195,13708,22686,11685,0.2210540771484375,0.1678619384765625,3.4892840550624876e-20,4.249058467057923,0.9999670594650475,1.1952770813081796e-16,331.46466747208353,1,92,v3,nsF5,2,0.85,0.2154
27735,13798,22427,11939,0.2126617431640625,0.1600341796875,4.507627661318262e-39,4.240345744331354,0.9997770990046065,3.969209871699424e-27,458.7776452169376,1,92,v4,matrix,3,0.5,0.0626
24560,15773,19921,13401,0.1340789794921875,0.0994873046875,1.1290705316745257e-12,4.256124017241326,0.999957466907311,2.1511403974695438e-06,272.801321295296,1,92,v5,matrix,2,0.8,0.2009
25419,15171,20387,13356,0.1563720703125,0.1072845458984375,1.1590654381918365e-50,4.865031820158323,0.9999132573627845,1.8087305644875644e-26,530.1214538788066,0,93,clean,,,,
25342,15187,20324,13423,0.1549530029296875,0.1053009033203125,2.1793399755989256e-46,4.865422777819644,0.999922776926699,4.18402433074511e-25,504.20381702842,1,93,v0,nsF5,3,0.25,0.0317
25295,15243,20225,13446,0.15338134765625,0.1034393310546875,5.580054502486564e-43,4.865939015483488,0.9999525922968011,2.680262281525634e-26,483.22378580773943,1,93,v1,nsF5,3,0.55,0.0696
25206,15291,20145,13493,0.1512908935546875,0.10150146484375,6.517700187420138e-43,4.865692780902577,0.9999575515510906,3.040304935775444e-21,482.80548225084203,1,93,v2,nsF5,2,0.35,0.0891
25132,15393,20060,13410,0.1486053466796875,0.101470947265625,3.9627526860488315e-36,4.8661239718501355,0.9999790193492781,3.822573307312642e-14,440.038484691978,1,93,v3,nsF5,2,0.85,0.2158
24531,15636,19733,13709,0.1357269287109375,0.0919189453125,6.887167632016076e-33,4.866716293349088,0.9999493190006412,1.4405243047802038e-20,419.04710676526463,1,93,v4,matrix,3,0.5,0.0626
22715,16852,18427,14461,0.0894622802734375,0.060516357421875,4.7250808365709467e-11,4.87147128665949,0.9999769483783856,6.415677825998136e-07,258.8691716698848,1,93,v5,matrix,2,0.8,0.2006
27448,16893,21162,13009,0.1610565185546875,0.1244049072265625,6.634451654960428e-143,5.110439646365193,0.9999447846350547,4.663837378246212e-95,1038.7129084216351,0,94,clean,,,,
27336,16974,21079,13042,0.158111572265625,0.1226348876953125,1.4244275178662617e-128,5.111866464770812,0.999950969307043,5.210139930121061e-83,963.3140116906438,1,94,v0,nsF5,3,0.25,0.0315
27200,17005,20906,13105,0.1555633544921875,0.1190338134765625,8.847306753518907e-123,5.113117614540241,0.999964824243566,7.6204858892169905e-78,932.5940946051194,1,94,v1,nsF5,3,0.55,0.0688
27205,17017,20851,13206,0.15545654296875,0.1166534423828125,8.800114378219348e-111,5.11326333507372,0.9999879348816301,7.694888977263502e-68,868.4594619217335,1,94,v2,nsF5,2,0.35,0.0880
26787,17235,20572,13446,0.145751953125,0.108734130859375,9.242889074436107e-79,5.116387390485043,0.9999966597425143,3.1034255109252654e-38,692.8425318504446,1,94,v3,nsF5,2,0.85,0.2137
26389,17454,20260,13399,0.1363372802734375,0.1046905517578125,1.42923256658676e-104,5.113487554690574,0.9999658562468914,3.685797645505262e-65,834.9539335772636,1,94,v4,matrix,3,0.5,0.0624
24396,18704,18773,14560,0.08685302734375,0.0642852783203125,2.6458402536855253e-29,5.121034941196104,0.9999915963765923,2.1807026451282512e-12,395.29735772403404,1,94,v5,matrix,2,0.8,0.2000
29256,14133,22787,11779,0.2307586669921875,0.16796875,6.585850954152577e-66,4.564314276280816,0.9999040769306571,1.369583548152691e-41,617.774077577219,0,95,clean,,,,
29110,14192,22585,11841,0.227630615234375,0.1639404296875,6.843939828188732e-66,4.5679302865394416,0.9999161356454667,2.6611019949069866e-42,617.6779858140656,1,95,v0,nsF5,3,0.25,0.0316
28918,14309,22450,11902,0.2229156494140625,0.16094970703125,7.418214102050523e-66,4.570944294964817,0.9999449774452677,4.1776777151776073e-41,617.4765541299887,1,95,v1,nsF5,3,0.55,0.0692
28948,14315,22434,11988,0.2232818603515625,0.159393310546875,6.354573407475559e-64,4.57277288492045,0.9999351331425324,2.46904231401179e-38,608.3114178539748,1,95,v2,nsF5,2,0.35,0.0879
28383,14691,21996,12150,0.20892333984375,0.150238037109375,5.942469510733875e-59,4.5797994796112205,0.9999940406471539,4.045733764558382e-35,579.3473204789108,1,95,v3,nsF5,2,0.85,0.2135
27778,14876,21548,12360,0.196868896484375,0.14019775390625,5.7136108115470974e-46,4.5716183316507975,0.9999365890469698,3.94142820601201e-29,499.797541163948,1,95,v4,matrix,3,0.5,0.0626
25042,16672,19606,13825,0.127716064453125,0.0882110595703125,1.3109921978533223e-15,4.586811207936906,0.9999910222579302,3.3803265176939913e-10,295.1927696148732,1,95,v5,matrix,2,0.8,0.1999
23597,22044,17206,15790,0.0236968994140625,0.0216064453125,6.500787677801968e-35,6.212999295588633,0.9999999855733244,1.8885381740591296e-16,432.2151821556488,0,96,clean,,,,
23667,21941,17189,15765,0.026336669921875,0.021728515625,9.291391451131473e-27,6.2123990730790934,0.9999990132530946,2.9631718271722886e-13,378.035206990975,1,96,v0,nsF5,3,0.25,0.0318
23623,21965,17120,15716,0.025299072265625,0.02142333984375,1.2596323917126563e-20,6.211832156764898,0.9999999984825118,5.070933494974181e-11,334.7083552319066,1,96,v1,nsF5,3,0.55,0.0703
23557,22038,17021,15818,0.0231781005859375,0.0183563232421875,1.3088542204575832e-18,6.211294942943672,0.9999980875846928,1.9337487726820955e-09,319.7682446200026,1,96,v2,nsF5,2,0.35,0.0888
23650,21985,16894,15782,0.0254058837890625,0.0169677734375,6.886332518515672e-14,6.208839280667121,0.9999960530096788,3.2590123911637785e-07,282.8684147611087,1,96,v3,nsF5,2,0.85,0.2160
23499,22096,17027,15824,0.0214080810546875,0.0183563232421875,7.42948908969546e-21,6.213106927227272,0.9999998050870667,6.174454866331249e-10,336.3819673493516,1,96,v4,matrix,3,0.5,0.0626
23272,22353,16664,15989,0.0140228271484375,0.0102996826171875,3.7953455819631936e-10,6.213380693224737,0.9999965279421368,3.5137149617451915e-07,250.80302030316622,1,96,v5,matrix,2,0.8,0.2000
48442,3124,47304,3496,0.691497802734375,0.66845703125,0.0,1.6395345305103002,0.8613814379673552,0.0,71145.13825741701,0,97,clean,,,,
47132,3307,45730,3664,0.6687164306640625,0.641876220703125,0.0,1.7010498470862796,0.8945806170650479,0.0,69345.74984345229,1,97,v0,nsF5,3,0.25,0.0315
45816,3518,44127,3889,0.645416259765625,0.613983154296875,0.0,1.7617019153787803,0.9252263753709188,0.0,67280.60706682669,1,97,v1,nsF5,3,0.55,0.0689
45230,3688,43475,4021,0.633880615234375,0.602020263671875,0.0,1.7873658031861033,0.937502725689175,0.0,66340.5532346277,1,97,v2,nsF5,2,0.35,0.0878
41956,4860,39653,4956,0.5660400390625,0.5294342041015625,0.0,1.893349710405504,0.9856790913533569,0.0,59530.19333402895,1,97,v3,nsF5,2,0.85,0.2129
40650,4372,39196,4692,0.553558349609375,0.5264892578125,0.0,1.7548670970059428,0.9205356764066217,0.0,54214.67135294368,1,97,v4,matrix,3,0.5,0.0626
28010,8908,26561,9018,0.291473388671875,0.2676849365234375,0.0,1.9086132764355532,0.982848492392215,0.0,24446.7091806611,1,97,v5,matrix,2,0.8,0.2001
30702,9809,24919,10305,0.3188018798828125,0.222991943359375,1.1256349270468122e-158,3.2902541782403394,0.9997826860369641,4.5460742988726755e-145,1113.4235218721226,0,98,clean,,,,
30433,10024,24813,10464,0.3114166259765625,0.2189483642578125,4.41224405543033e-151,3.2958762211145998,0.999819373432631,8.095533272681052e-139,1074.07469580366,1,98,v0,nsF5,3,0.25,0.0317
30212,10220,24594,10557,0.3050537109375,0.2141876220703125,1.1317107774429546e-147,3.301965502311459,0.9998694988165718,1.4521939121136495e-136,1056.3494672598058,1,98,v1,nsF5,3,0.55,0.0697
30080,10133,24258,10497,0.3043670654296875,0.2099761962890625,4.733381528141465e-143,3.305241094820052,0.9998653121474106,1.4025755366521218e-129,1032.2585096986356,1,98,v2,nsF5,2,0.35,0.0882
29498,10688,23842,10766,0.287017822265625,0.19952392578125,1.6598039005007736e-130,3.318766918808344,0.9999626744853423,8.629622979317038e-123,966.4713817550487,1,98,v3,nsF5,2,0.85,0.2143
28727,10946,23462,11121,0.2713165283203125,0.1883087158203125,2.8618504464635426e-114,3.3022902500108704,0.9998599090090553,8.169747500553743e-106,880.3394467152232,1,98,v4,matrix,3,0.5,0.0628
24879,13367,20396,12875,0.1756591796875,0.1147613525390625,2.0663384937293855e-42,3.3288211188092056,0.9999606648317365,9.854293245272877e-40,474.244731689089,1,98,v5,matrix,2,0.8,0.2003
33211,6190,27988,8323,0.4123077392578125,0.3000640869140625,6.731560431383494e-252,2.6229571652472923,0.999592389991564,6.639140450539667e-255,1543.5997363225874,0,99,clean,,,,
32984,6360,27706,8395,0.40625,0.2946624755859375,1.0806341863632537e-249,2.631061933509968,0.9996963185183012,1.519178300974281e-251,1532.6844849629897,1,99,v0,nsF5,3,0.25,0.0316
32556,6579,27413,8545,0.3963775634765625,0.28790283203125,1.1554135886064948e-249,2.640241987039842,0.9997876348042742,2.842408763039179e-252,1529.6846064788306,1,99,v1,nsF5,3,0.55,0.0695
32285,6791,27317,8640,0.389007568359375,0.2849884033203125,5.463075022675606e-245,2.644697444715867,0.9997879185707763,4.342452487751047e-246,1509.3861953465064,1,99,v2,nsF5,2,0.35,0.0886
31621,7272,26552,8892,0.3715362548828125,0.26947021484375,3.1475770748602464e-243,2.66558048438236,0.9999203620096724,5.445866273715522e-243,1497.821082579731,1,99,v3,nsF5,2,0.85,0.2142
30597,7485,25898,9285,0.3526611328125,0.2534942626953125,2.2601826504731774e-181,2.6408960789112794,0.999763320856588,2.233403723048962e-184,1191.123206112679,1,99,v4,matrix,3,0.5,0.0623
25369,10466,21947,11609,0.2274017333984375,0.157745361328125,9.602614311474733e-69,2.6791234193957085,0.9999120437447885,4.203183159109858e-71,599.1266495441675,1,99,v5,matrix,2,0.8,0.1994
34322,5635,29617,8084,0.4377288818359375,0.3285675048828125,0.0,2.6902848818325005,0.9982067897334181,0.0,2399.643576825333,0,100,clean,,,,
33795,5812,29164,8144,0.4269866943359375,0.32073974609375,0.0,2.7004886814592286,0.9986119422602984,0.0,2372.4524868727826,1,100,v0,nsF5,3,0.25,0.0317
33283,6082,28597,8247,0.4150543212890625,0.310516357421875,0.0,2.711550959208531,0.9989067755778145,0.0,2318.961829636391,1,100,v1,nsF5,3,0.55,0.0693
33119,6243,28390,8398,0.41009521484375,0.3050537109375,0.0,2.715618311279688,0.9991882215454344,0.0,2306.0125693824602,1,100,v2,nsF5,2,0.35,0.0876
32033,7047,27256,8867,0.381256103515625,0.2805938720703125,0.0,2.739981255387744,0.9997878240030247,0.0,2137.018054974206,1,100,v3,nsF5,2,0.85,0.2123
31044,7018,26814,9055,0.366607666015625,0.2709808349609375,6.53356401678022e-309,2.7112460601064585,0.9988880125498396,4.939810220493379e-306,1871.2475625684751,1,100,v4,matrix,3,0.5,0.0628
25478,10322,22233,11761,0.23126220703125,0.1597900390625,2.165590102423185e-115,2.7523590330855257,0.9997554652114709,8.40502177195878e-111,888.6169740401782,1,100,v5,matrix,2,0.8,0.1996
37189,7583,32069,7369,0.451751708984375,0.37689208984375,0.0,3.071532662630788,0.9926985673500628,0.0,9456.362752966885,0,101,clean,,,,
36671,7821,31451,7569,0.440216064453125,0.364410400390625,0.0,3.0858531854163327,0.994282205073158,0.0,9263.978706946205,1,101,v0,nsF5,3,0.25,0.0314
35955,8028,30779,7758,0.4261322021484375,0.3512725830078125,0.0,3.1005624818297837,0.995973915334293,0.0,9095.325995222092,1,101,v1,nsF5,3,0.55,0.0690
35488,8182,30338,7862,0.416656494140625,0.34295654296875,0.0,3.1056060172024273,0.9967109196522269,0.0,8894.93454052076,1,101,v2,nsF5,2,0.35,0.0877
33918,8965,28539,8435,0.3807525634765625,0.3067626953125,0.0,3.1339106498410754,0.9992577191337946,0.0,8044.592834867932,1,101,v3,nsF5,2,0.85,0.2130
33453,8857,28660,8533,0.37530517578125,0.3071136474609375,0.0,3.0992671988723375,0.9957191767217856,0.0,7335.812287248119,1,101,v4,matrix,3,0.5,0.0626
26734,12113,22668,11340,0.2230987548828125,0.1728515625,0.0,3.148052805121717,0.9991426352158476,0.0,3356.5649549365453,1,101,v5,matrix,2,0.8,0.2003
37247,5537,31756,7053,0.483856201171875,0.3769378662109375,0.0,2.060689586869493,0.9978872114896207,0.0,8428.712295032945,0,102,clean,,,,
36648,5707,31227,7161,0.4721221923828125,0.367218017578125,0.0,2.077021805782352,0.9983892367316712,0.0,8176.771975145206,1,102,v0,nsF5,3,0.25,0.0313
36027,5957,30633,7318,0.458831787109375,0.3557586669921875,0.0,2.094716410508137,0.9988352024902353,0.0,7903.46830297284,1,102,v1,nsF5,3,0.55,0.0687
35917,6178,30290,7389,0.4537811279296875,0.3494415283203125,0.0,2.103721326285087,0.9990425064493456,0.0,7753.404289064404,1,102,v2,nsF5,2,0.35,0.0880
34469,6855,28735,7832,0.421356201171875,0.3189544677734375,0.0,2.1441940160070225,0.9997938338370778,0.0,6789.253216467171,1,102,v3,nsF5,2,0.85,0.2133
33622,6872,28592,8174,0.408172607421875,0.311553955078125,0.0,2.0942254297982568,0.9987588424253483,0.0,6425.206118839647,1,102,v4,matrix,3,0.5,0.0625
27186,10217,23031,10855,0.2589263916015625,0.185791015625,0.0,2.1629049994502947,0.999738319805026,3.5237213393182402e-301,3093.2896857777696,1,102,v5,matrix,2,0.8,0.2008
37241,5457,31653,6961,0.4849853515625,0.37677001953125,0.0,2.0393875463835514,0.9976547640532858,0.0,7310.669879480996,0,103,clean,,,,
36732,5724,31161,7133,0.47314453125,0.36663818359375,0.0,2.055921085894452,0.9981499494058708,0.0,7099.950679966429,1,103,v0,nsF5,3,0.25,0.0313
36311,5942,30576,7223,0.4633941650390625,0.3563385009765625,0.0,2.073167475712641,0.9986904190708032,0.0,6938.062531809567,1,103,v1,nsF5,3,0.55,0.0688
35886,6020,30292,7323,0.455718994140625,0.3504791259765625,0.0,2.0810799895022196,0.9988462597328447,0.0,6769.30363996504,1,103,v2,nsF5,2,0.35,0.0877
34539,6768,28966,7942,0.4237518310546875,0.32080078125,0.0,2.121647799493091,0.9997106293810689,0.0,6291.489525063416,1,103,v3,nsF5,2,0.85,0.2129
33767,6872,28535,8134,0.4103851318359375,0.3112945556640625,0.0,2.0730540040640637,0.9986187101206447,0.0,5601.73106372189,1,103,v4,matrix,3,0.5,0.0626
27104,10365,23144,11182,0.2554168701171875,0.182525634765625,0.0,2.142383934404239,0.9996702074506312,2.001824940955839e-295,2624.946721051277,1,103,v5,matrix,2,0.8,0.2006
36853,5476,31274,7168,0.4787750244140625,0.367828369140625,0.0,2.027412759025323,0.9979015221799705,0.0,4779.660385613447,0,104,clean,,,,
36302,5729,30780,7381,0.4665069580078125,0.3570404052734375,0.0,2.0441863425225013,0.998396008242177,0.0,4754.49155888797,1,104,v0,nsF5,3,0.25,0.0316
35771,5984,30229,7481,0.4545135498046875,0.34710693359375,0.0,2.061782985303821,0.9989121377008483,0.0,4718.433296655735,1,104,v1,nsF5,3,0.55,0.0690
35719,5958,30056,7387,0.4541168212890625,0.3459014892578125,0.0,2.068438769685901,0.9990611050625648,0.0,4677.452010507126,1,104,v2,nsF5,2,0.35,0.0878
34464,6696,28818,7928,0.4237060546875,0.318756103515625,0.0,2.1094474377724906,0.9998075810167718,0.0,4547.537857660082,1,104,v3,nsF5,2,0.85,0.2128
33278,6955,28140,8401,0.4016571044921875,0.3011932373046875,0.0,2.0619001842020857,0.9988444941205247,0.0,3710.2967296868364,1,104,v4,matrix,3,0.5,0.0627
26874,10284,22937,11053,0.253143310546875,0.18133544921875,0.0,2.1287301232353775,0.9997766140433626,1.759784578252083e-303,1706.0624296979108,1,104,v5,matrix,2,0.8,0.2003
37145,5412,31344,6789,0.4842071533203125,0.3746795654296875,0.0,1.9981239309296546,0.9976654506776343,0.0,4233.50049423935,0,105,clean,,,,
36670,5651,30860,6906,0.4733123779296875,0.365509033203125,0.0,2.016242452357221,0.9981960446035127,0.0,4222.110577416691,1,105,v0,nsF5,3,0.25,0.0315
36178,5894,30384,7132,0.46209716796875,0.35479736328125,0.0,2.034425609704754,0.9987063541895596,0.0,4218.417763048399,1,105,v1,nsF5,3,0.55,0.0688
36097,5952,30282,7197,0.4599761962890625,0.3522491455078125,0.0,2.042427526411355,0.9989185548343564,0.0,4123.032052672346,1,105,v2,nsF5,2,0.35,0.0879
34702,6698,28918,7675,0.42730712890625,0.3241424560546875,0.0,2.084184232734897,0.9997848819458285,0.0,3980.537813670537,1,105,v3,nsF5,2,0.85,0.2134
33611,6810,28222,7938,0.4089508056640625,0.30950927734375,0.0,2.033397181051376,0.9986300332396425,0.0,3276.8197866393084,1,105,v4,matrix,3,0.5,0.0626
27154,10307,23156,10884,0.2570648193359375,0.187255859375,1.0808675844386e-265,2.1031452981917207,0.9997508747603782,1.2540507879674813e-248,1375.3881086215424,1,105,v5,matrix,2,0.8,0.2009
34780,2327,33292,7420,0.4951934814453125,0.394775390625,0.0,2.5079238943987248,0.9851479160841413,0.0,6164.33565880997,0,106,clean,,,,
34016,2590,32459,7581,0.479522705078125,0.379608154296875,0.0,2.523447945661954,0.9888058611458003,0.0,5941.138363930306,1,106,v0,nsF5,3,0.25,0.0317
33169,2891,31575,7735,0.462005615234375,0.36376953125,0.0,2.5389807230694945,0.9920831519792274,0.0,5688.014515126515,1,106,v1,nsF5,3,0.55,0.0693
32827,3144,31096,7757,0.4529266357421875,0.3561248779296875,0.0,2.546003573309533,0.9929379458880492,0.0,5568.949498386055,1,106,v2,nsF5,2,0.35,0.0875
30817,4384,28929,8472,0.4033355712890625,0.3121490478515625,0.0,2.577356147832545,0.9982686940175938,0.0,4870.149026266053,1,106,v3,nsF5,2,0.85,0.2134
30508,3608,29382,8475,0.41046142578125,0.3190155029296875,0.0,2.5383622656305547,0.9915124293858495,0.0,4641.9170722071085,1,106,v4,matrix,3,0.5,0.0627
23345,7267,23028,11065,0.245330810546875,0.1825408935546875,0.0,2.5920902834934805,0.9979009268735463,3.765332792593148e-165,2342.6507531929933,1,106,v5,matrix,2,0.8,0.2000
35600,1912,34107,6973,0.5140380859375,0.414031982421875,0.0,2.4069690173781817,0.9817491455260564,0.0,4081.2321392322337,0,107,clean,,,,
34766,2189,33291,7130,0.4970855712890625,0.3991851806640625,0.0,2.4247638740468505,0.9859549369872944,0.0,4011.591781620505,1,107,v0,nsF5,3,0.25,0.0319
34041,2583,32396,7358,0.480010986328125,0.382049560546875,0.0,2.4426271217126265,0.9899518426103571,0.0,3947.747348761475,1,107,v1,nsF5,3,0.55,0.0695
33476,2744,31789,7359,0.46893310546875,0.372772216796875,0.0,2.449573185209054,0.9917843609622701,0.0,4007.4026227908967,1,107,v2,nsF5,2,0.35,0.0885
31393,3936,29582,8163,0.4189605712890625,0.3268280029296875,0.0,2.4840102188168274,0.9980995918884425,0.0,3912.688113970134,1,107,v3,nsF5,2,0.85,0.2143
31183,3304,30013,8064,0.4253997802734375,0.3349151611328125,0.0,2.4412462348692006,0.9892414723832015,9.946837089e-314,3132.0352854383364,1,107,v4,matrix,3,0.5,0.0628
23479,6999,23099,11036,0.25146484375,0.1840667724609375,4.958901965543496e-268,2.4989852891829654,0.9977191378337522,1.6837616403204585e-136,1674.5345856775982,1,107,v5,matrix,2,0.8,0.2005
35834,1551,34075,6886,0.5231170654296875,0.4148712158203125,0.0,2.2128625311053973,0.9808547091376937,0.0,4385.121023387823,0,108,clean,,,,
34923,1852,33196,6988,0.5046234130859375,0.39990234375,0.0,2.2307125342232905,0.9853421295083624,0.0,4249.812622917824,1,108,v0,nsF5,3,0.25,0.0314
33956,2236,32282,7213,0.4840087890625,0.3825225830078125,0.0,2.248974943227368,0.9897338384574779,0.0,4022.3396005718914,1,108,v1,nsF5,3,0.55,0.0690
33714,2337,31891,7286,0.4787750244140625,0.3754425048828125,0.0,2.256271517009688,0.9911179825867305,4.2124e-320,4005.194444807759,1,108,v2,nsF5,2,0.35,0.0884
31809,3578,29709,8063,0.4307708740234375,0.330291748046875,0.0,2.2922455656302607,0.9978629517631115,4.279647197843937e-285,3580.8562932187706,1,108,v3,nsF5,2,0.85,0.2140
31178,2976,29954,7982,0.430328369140625,0.33526611328125,0.0,2.2482737406785676,0.9890349948897212,3.995205183016707e-257,3306.6882560721187,1,108,v4,matrix,3,0.5,0.0622
23749,6680,23445,10970,0.2604522705078125,0.1903533935546875,4.411691721330652e-249,2.3077953829024223,0.9974496994901201,4.828722054556395e-97,1580.0174274676315,1,108,v5,matrix,2,0.8,0.2001
34150,1824,32808,7511,0.493255615234375,0.3860015869140625,0.0,2.4244003657823576,0.9871024447960339,0.0,5001.289220319302,0,109,clean,,,,
33468,2090,32033,7672,0.478790283203125,0.3717193603515625,0.0,2.438416868067164,0.9904120646978836,0.0,4964.804516937212,1,109,v0,nsF5,3,0.25,0.0316
32743,2437,31183,7903,0.462432861328125,0.355224609375,0.0,2.4530585949959463,0.9932109028663514,0.0,4926.734010275437,1,109,v1,nsF5,3,0.55,0.0694
32512,2556,30885,7792,0.45709228515625,0.3523712158203125,0.0,2.46053162562998,0.9943405923166677,0.0,4814.13029079731,1,109,v2,nsF5,2,0.35,0.0882
30820,3711,29103,8577,0.4136505126953125,0.313201904296875,0.0,2.490473693501011,0.9987554076095277,0.0,4786.434582847723,1,109,v3,nsF5,2,0.85,0.2138
29920,3114,28942,8617,0.409027099609375,0.3101348876953125,0.0,2.4531385600262343,0.9927030161340392,0.0,3965.380570228574,1,109,v4,matrix,3,0.5,0.0627
23130,6765,22868,11364,0.2497100830078125,0.175537109375,8.500412687745e-311,2.5046659365468695,0.9984229514928639,9.854735189404946e-188,1880.5401924602338,1,109,v5,matrix,2,0.8,0.2001
34235,1965,33123,7347,0.492401123046875,0.393310546875,0.0,2.620856043972708,0.9843336398285585,0.0,4405.536661948992,0,110,clean,,,,
33460,2229,32321,7511,0.4765472412109375,0.378570556640625,0.0,2.637142167574982,0.9880649869697371,0.0,4206.777984176572,1,110,v0,nsF5,3,0.25,0.0322
32629,2605,31354,7724,0.4581298828125,0.360565185546875,0.0,2.6536957553339207,0.9916164906889555,0.0,4057.857451127842,1,110,v1,nsF5,3,0.55,0.0708
32323,2784,31064,7859,0.4507293701171875,0.3540802001953125,0.0,2.6598934380342096,0.9928248237383546,0.0,3940.513046393813,1,110,v2,nsF5,2,0.35,0.0897
30376,3995,28800,8629,0.4025421142578125,0.3077850341796875,0.0,2.691105495880543,0.9984819793321217,0.0,3540.5148446649846,1,110,v3,nsF5,2,0.85,0.2180
29972,3275,29208,8472,0.4073638916015625,0.31640625,0.0,2.6527326062746837,0.9908962621839519,0.0,3347.5443295135497,1,110,v4,matrix,3,0.5,0.0629
22818,6901,22877,11252,0.2428741455078125,0.1773834228515625,2.7381575093021343e-270,2.7061052318535292,0.9981697360818094,7.17559538887901e-198,1682.9621608276668,1,110,v5,matrix,2,0.8,0.2009
33817,1999,32896,7363,0.485504150390625,0.3896026611328125,0.0,2.640987616028277,0.9837089293529465,1.484261747525694e-284,2126.650074251482,0,111,clean,,,,
33127,2281,32163,7508,0.470672607421875,0.3762054443359375,0.0,2.6564572391771777,0.9873669579787608,1.3556828831862877e-282,2159.522256024667,1,111,v0,nsF5,3,0.25,0.0319
32324,2656,31302,7765,0.45269775390625,0.3591461181640625,0.0,2.6718364328513267,0.9909805801726415,3.7779569154378835e-273,2166.8766394921317,1,111,v1,nsF5,3,0.55,0.0701
32008,2804,30846,7787,0.44561767578125,0.3518524169921875,0.0,2.6774252641839307,0.9927701378290655,1.754430117514301e-276,2239.814448785944,1,111,v2,nsF5,2,0.35,0.0892
30446,3853,29069,8504,0.4057769775390625,0.3137969970703125,0.0,2.706034150956273,0.9983318984101432,2.3975214953585644e-295,2537.0148711533616,1,111,v3,nsF5,2,0.85,0.2161
29552,3382,29056,8500,0.399322509765625,0.31365966796875,9.687298535261862e-261,2.67065835847301,0.9902904864044937,2.1202730787017392e-200,1635.4414963887775,1,111,v4,matrix,3,0.5,0.0628
22657,6781,22952,11320,0.24224853515625,0.177490234375,1.3404276912440779e-118,2.720390718392584,0.9978476059675256,3.743491074294182e-85,908.0331822540569,1,111,v5,matrix,2,0.8,0.2008
33539,2323,32402,7630,0.476318359375,0.37799072265625,0.0,2.735268014267799,0.9827997002161445,0.0,6500.795248710264,0,112,clean,,,,
32811,2587,31642,7838,0.461181640625,0.36322021484375,0.0,2.7497478140586713,0.9869285435376318,0.0,6287.430479561955,1,112,v0,nsF5,3,0.25,0.0319
32107,2887,30876,7980,0.44586181640625,0.349365234375,0.0,2.763903204696181,0.9906510188611362,0.0,6003.3293720060665,1,112,v1,nsF5,3,0.55,0.0700
31771,3064,30554,8037,0.4380340576171875,0.3435821533203125,0.0,2.769987416564176,0.9921103542673073,0.0,5993.603117285952,1,112,v2,nsF5,2,0.35,0.0886
30054,4143,28718,8622,0.3953704833984375,0.306640625,0.0,2.796197554404864,0.9981574864677346,0.0,5353.272733592252,1,112,v3,nsF5,2,0.85,0.2147
29478,3615,28648,8686,0.3946380615234375,0.304595947265625,0.0,2.7638267434099224,0.9899374694427181,0.0,4949.901230496601,1,112,v4,matrix,3,0.5,0.0627
22406,7135,22606,11343,0.2330169677734375,0.1718597412109375,0.0,2.8087970557326627,0.9977367915152271,2.9648815277453227e-281,2418.7046512287484,1,112,v5,matrix,2,0.8,0.1999
33142,2139,32657,7455,0.4730682373046875,0.384552001953125,0.0,2.6893646132979008,0.9849003255407134,0.0,3073.900707509377,0,113,clean,,,,
32440,2425,31932,7655,0.4579925537109375,0.3704376220703125,0.0,2.7032492644698225,0.988588270077708,0.0,2980.9454318350186,1,113,v0,nsF5,3,0.25,0.0318
31662,2740,31093,7857,0.441314697265625,0.35455322265625,0.0,2.7171620398886907,0.9918667750594966,0.0,2894.455664986559,1,113,v1,nsF5,3,0.55,0.0697
31168,2928,30451,7905,0.430908203125,0.344024658203125,0.0,2.723468419436213,0.9933251665850056,0.0,2834.110642498775,1,113,v2,nsF5,2,0.35,0.0885
29532,4009,28511,8526,0.3894500732421875,0.3049468994140625,0.0,2.7494991948252463,0.9985820159129541,0.0,2696.1304771774217,1,113,v3,nsF5,2,0.85,0.2148
29184,3450,29066,8519,0.392669677734375,0.3135223388671875,0.0,2.717256433101949,0.9912268964992729,0.0,2384.894950100354,1,113,v4,matrix,3,0.5,0.0626
22278,6899,22838,11210,0.2346649169921875,0.17742919921875,3.375291869472103e-163,2.763371720387071,0.9981365121499655,1.0946945220772421e-138,1134.285757631279,1,113,v5,matrix,2,0.8,0.1994
23744,21969,17206,15646,0.0270843505859375,0.0238037109375,9.079949665693887e-21,6.0479854502349815,0.9999994991866945,8.459479849317727e-06,335.74658881631444,0,114,clean,,,,
23794,21955,17185,15692,0.0280609130859375,0.0227813720703125,2.886903128158517e-16,6.047361157896801,0.9999988731698999,0.00016117663637299598,301.8374783599178,1,114,v0,nsF5,3,0.25,0.0321
23793,21944,17226,15671,0.0282135009765625,0.0237274169921875,1.1573404449715305e-13,6.046517894960555,0.9999991797026473,0.00035755991313129716,281.02103039254075,1,114,v1,nsF5,3,0.55,0.0701
23674,22007,17139,15598,0.0254364013671875,0.0235137939453125,1.6878877574096383e-14,6.046283780721697,0.9999988314389532,9.00400309863165e-05,287.8266016770926,1,114,v2,nsF5,2,0.35,0.0892
23602,22058,17210,15651,0.0235595703125,0.0237884521484375,1.5430056357007023e-15,6.043877116261837,0.9999999878179422,0.000109581698498653,296.1220454171479,1,114,v3,nsF5,2,0.85,0.2156
23707,22044,17117,15782,0.0253753662109375,0.0203704833984375,3.327550745374037e-14,6.047975607792198,0.9999993777349192,0.00020491591296539926,285.44113592884935,1,114,v4,matrix,3,0.5,0.0626
23211,22487,16925,15906,0.01104736328125,0.0155487060546875,1.0995837409033915e-05,6.0482347702082295,0.99999999793453,0.02791506668117634,206.25817895797522,1,114,v5,matrix,2,0.8,0.1994
23865,22025,17034,15751,0.028076171875,0.0195770263671875,1.8500080321391068e-10,6.149972626058758,0.999998987287174,0.0007378185574667819,253.6114801016714,0,115,clean,,,,
23867,22031,17107,15748,0.02801513671875,0.0207366943359375,1.6886064610819084e-06,6.149206275581358,0.9999992821331352,0.006777951405927058,215.1955012780293,1,115,v0,nsF5,3,0.25,0.0320
23806,22076,17056,15817,0.026397705078125,0.0189056396484375,1.1912057073175533e-05,6.148253605059026,0.9999988102889503,0.004044252030796192,205.86473401173689,1,115,v1,nsF5,3,0.55,0.0703
23783,22102,16954,15815,0.0256500244140625,0.0173797607421875,5.740570359111632e-09,6.148122704086505,0.9999987311160679,0.00862915237137191,239.9029403825184,1,115,v2,nsF5,2,0.35,0.0893
23754,22255,16922,15888,0.0228729248046875,0.015777587890625,8.946199358012985e-10,6.1452292006250735,0.9999999342316404,0.007629943900546896,247.41268988400893,1,115,v3,nsF5,2,0.85,0.2175
23707,22182,16915,15847,0.0232696533203125,0.01629638671875,2.529998019661214e-05,6.150042622200701,0.999999185572378,0.005837282335618093,202.10875385855417,1,115,v4,matrix,3,0.5,0.0625
23511,22504,16771,16163,0.0153656005859375,0.00927734375,0.0001269236920890422,6.150423517003434,0.9999996623483185,0.11970151923375609,193.700661657367,1,115,v5,matrix,2,0.8,0.2006
23774,21860,16968,15822,0.029205322265625,0.017486572265625,1.175503932283876e-22,6.159590698291567,0.99999480676989,1.4943293847178737e-07,349.36672742924026,0,116,clean,,,,
23775,21859,16939,15816,0.02923583984375,0.0171356201171875,1.0615615739902815e-19,6.158862087885718,0.9999964304855158,6.116582484075673e-06,327.90105286173105,1,116,v0,nsF5,3,0.25,0.0318
23832,21788,16935,15750,0.03118896484375,0.0180816650390625,6.766730916970323e-17,6.15805914795298,0.9999994665080005,2.4180922135843262e-05,306.72538552497207,1,116,v1,nsF5,3,0.55,0.0703
23707,21885,16943,15946,0.027801513671875,0.0152130126953125,1.582082951682839e-18,6.157481258179373,0.999995269436232,6.065353168549163e-10,319.14928518848257,1,116,v2,nsF5,2,0.35,0.0898
23564,22077,17000,15957,0.0226898193359375,0.0159149169921875,1.7157424173675134e-18,6.154595505426404,0.9999986037418264,2.0749076153905305e-12,318.8842760150669,1,116,v3,nsF5,2,0.85,0.2175
23683,21882,16873,15886,0.0274810791015625,0.0150604248046875,4.038959057887996e-16,6.159588227234672,0.9999990641732757,3.2723353734160634e-05,300.6984382632077,1,116,v4,matrix,3,0.5,0.0625
23252,22442,16816,16187,0.012359619140625,0.0095977783203125,3.138693940949396e-07,6.1597369929614665,0.9999978660312133,0.00011186440485688253,222.83801657596527,1,116,v5,matrix,2,0.8,0.2005
25774,14341,21795,13063,0.1744537353515625,0.13323974609375,1.0543805322842495e-63,5.007804726982728,0.9988444941205247,2.078820510956249e-41,607.0377732371394,0,117,clean,,,,
25600,14384,21622,13114,0.171142578125,0.12982177734375,1.2415698066604377e-59,5.008873988858299,0.9991481410354853,3.4827784635427124e-38,583.3318659094389,1,117,v0,nsF5,3,0.25,0.0319
25416,14451,21363,13163,0.1673126220703125,0.1251220703125,9.357017596068785e-55,5.009879763139571,0.9994006495289841,1.4727740737590613e-36,554.582183760078,1,117,v1,nsF5,3,0.55,0.0699
25301,14492,21341,13015,0.1649322509765625,0.127044677734375,1.2099251016298875e-51,5.010238326739888,0.9995005469536811,1.0414143781690837e-38,536.016363919213,1,117,v2,nsF5,2,0.35,0.0892
24773,14823,20734,13323,0.151824951171875,0.1130828857421875,2.9372933118340894e-44,5.011019649917427,0.9998846797979268,6.516821691735366e-38,491.1299445628362,1,117,v3,nsF5,2,0.85,0.2160
24573,14860,20640,13567,0.1482086181640625,0.1079254150390625,2.307596213799582e-44,5.011026864112146,0.9993235991161604,1.5535638175092394e-25,491.7759299069637,1,117,v4,matrix,3,0.5,0.0626
22243,16367,18793,14556,0.08966064453125,0.0646514892578125,2.1138823838119058e-16,5.017744580604765,0.9998583678151961,2.7189879344390964e-13,302.8920054403973,1,117,v5,matrix,2,0.8,0.2004
32378,14138,27365,11310,0.2783203125,0.2449798583984375,0.0,4.313342847039602,0.9885952322755719,0.0,4017.499588831389,0,118,clean,,,,
31788,14128,26661,11375,0.26947021484375,0.233245849609375,0.0,4.321212392213071,0.9913029769473579,0.0,3859.8299953803084,1,118,v0,nsF5,3,0.25,0.0319
31214,14190,26016,11451,0.259765625,0.2222442626953125,0.0,4.3280787464691235,0.9938375192154554,0.0,3656.69923621176,1,118,v1,nsF5,3,0.55,0.0696
30838,14371,25667,11476,0.2512664794921875,0.2165374755859375,0.0,4.330867842422865,0.9947992084437287,0.0,3546.1720940072983,1,118,v2,nsF5,2,0.35,0.0885
29389,14842,24122,11952,0.2219696044921875,0.185699462890625,0.0,4.340128507472086,0.9988420641975859,0.0,2901.223223540838,1,118,v3,nsF5,2,0.85,0.2149
29663,14672,24620,11804,0.2287445068359375,0.195556640625,0.0,4.32770496417568,0.9933766381411872,0.0,3143.0585430861775,1,118,v4,matrix,3,0.5,0.0627
25143,16593,20459,13461,0.130462646484375,0.106781005859375,1.5200324742077946e-230,4.345099164482527,0.9985502864960726,5.986095812179939e-243,1487.083607212663,1,118,v5,matrix,2,0.8,0.2004
34130,9941,28978,9052,0.3690948486328125,0.304046630859375,9.82356157331529e-60,3.3405781361403437,0.9985739325364681,1.841345015540761e-49,583.927172797008,0,119,clean,,,,
33702,10136,28473,9190,0.359588623046875,0.2942352294921875,3.843860329118677e-61,3.3477869919696497,0.9988577032815044,1.0326994458953298e-48,592.1493048017181,1,119,v0,nsF5,3,0.25,0.0314
33194,10392,27913,9308,0.347930908203125,0.2838897705078125,5.1322691926569875e-61,3.3544788732145254,0.9992137374883274,4.5521206035010764e-48,591.4171737132979,1,119,v1,nsF5,3,0.55,0.0693
32838,10409,27556,9352,0.3422393798828125,0.27777099609375,9.029626109666393e-59,3.3576962004650883,0.9993894692599712,5.023772324036104e-47,578.2813446509617,1,119,v2,nsF5,2,0.35,0.0880
31656,10944,26167,9758,0.3160400390625,0.2503814697265625,2.1797614593273016e-56,3.3733903049747553,0.9998408581571139,2.0047333253377955e-44,564.2521121124331,1,119,v3,nsF5,2,0.85,0.2144
31241,11076,26235,9919,0.3076934814453125,0.24896240234375,1.4301355530847883e-46,3.3543870109940044,0.999160605369702,2.5817466939720104e-36,505.3217246263133,1,119,v4,matrix,3,0.5,0.0625
25947,13800,21532,12370,0.1853485107421875,0.139801025390625,4.981874823745487e-13,3.3816053447804917,0.9998174485481288,8.535944851890058e-11,275.7759476382975,1,119,v5,matrix,2,0.8,0.2008
33278,13773,28612,10600,0.2976226806640625,0.27484130859375,3.393419328675367e-95,4.327353272427168,0.9956606948510219,1.991813165699318e-80,783.9166737322961,0,120,clean,,,,
32720,13920,27952,10684,0.286865234375,0.26348876953125,1.4196886700912432e-86,4.336874688359118,0.9966136612827344,8.175181127153321e-76,736.4255556622032,1,120,v0,nsF5,3,0.25,0.0314
32121,13934,27186,10760,0.2775115966796875,0.250640869140625,6.10589663158327e-82,4.34639664476121,0.9974912057900105,1.002167249789529e-71,710.6481732430691,1,120,v1,nsF5,3,0.55,0.0689
31789,14059,26918,10888,0.270538330078125,0.244598388671875,3.283578941979081e-84,4.3507507259485445,0.9980373481771196,8.658187540157988e-69,723.2970859228601,1,120,v2,nsF5,2,0.35,0.0876
30520,14574,25227,11266,0.243316650390625,0.2130279541015625,4.719774104137948e-74,4.368504732911817,0.9995372865550838,4.652436493774991e-62,666.2944522076432,1,120,v3,nsF5,2,0.85,0.2128
30326,14408,25615,11198,0.242889404296875,0.2199859619140625,3.72401715161641e-62,4.345953961170655,0.9973127005533251,5.965048440617049e-57,598.0525892548166,1,120,v4,matrix,3,0.5,0.0625
25674,16340,21031,12977,0.142425537109375,0.122894287109375,1.0317484203171334e-27,4.373721457650779,0.9994318688571953,5.326495186033919e-24,384.55057286406293,1,120,v5,matrix,2,0.8,0.1997
32170,11660,25660,10005,0.312957763671875,0.2388763427734375,2.1552577985303557e-157,3.4432121296290665,0.9998676379363766,1.1327050435915867e-137,1114.1830474161115,0,121,clean,,,,
31924,11735,25366,10105,0.3080596923828125,0.2328643798828125,4.814099651502173e-147,3.4484812082197207,0.9998972179907655,4.5733081963211433e-128,1060.3461244790658,1,121,v0,nsF5,3,0.25,0.0315
31668,11871,25041,10270,0.3020782470703125,0.2253875732421875,1.3170499895450131e-133,3.454504125230939,0.999922205319016,4.314830463342038e-117,989.8905319919737,1,121,v1,nsF5,3,0.55,0.0690
31493,11920,24924,10326,0.2986602783203125,0.222747802734375,6.36468244582062e-138,3.4562447548701183,0.9999526369899139,1.625274206140734e-118,1012.5937033749467,1,121,v2,nsF5,2,0.35,0.0876
30816,12208,24095,10662,0.283935546875,0.2049713134765625,1.5688238627111419e-108,3.4700683440414863,0.999991157915608,2.414694694948367e-92,856.3410373046803,1,121,v3,nsF5,2,0.85,0.2129
30160,12609,23891,10877,0.2678070068359375,0.198577880859375,1.0773800706512127e-111,3.4549442547312497,0.9999156593042795,3.22864770250323e-95,873.3616556424442,1,121,v4,matrix,3,0.5,0.0625
26237,14974,20761,12733,0.1718597412109375,0.12249755859375,3.135270456722454e-46,3.4781380163216946,0.9999920786024286,9.011355262835615e-40,503.2380104468148,1,121,v5,matrix,2,0.8,0.1998
32765,11310,26202,9904,0.3273773193359375,0.248687744140625,1.3138719036814826e-170,3.365929093221108,0.9998204190690037,4.468613295539709e-146,1182.4601041704143,0,122,clean,,,,
32431,11404,25953,9980,0.3208465576171875,0.2437286376953125,2.890256641466583e-159,3.3716115917984655,0.9998680857491874,1.2415762194148043e-136,1123.8884823861074,1,122,v0,nsF5,3,0.25,0.0316
32101,11548,25676,10117,0.3136138916015625,0.2374114990234375,1.9155496022407132e-141,3.377975500021831,0.9999062896623508,1.666838026927533e-119,1031.0654182167682,1,122,v1,nsF5,3,0.55,0.0692
32100,11626,25524,10069,0.312408447265625,0.2358245849609375,5.171823872002615e-154,3.3810971054034265,0.9998865546588133,1.0596594955408183e-127,1096.6367558551121,1,122,v2,nsF5,2,0.35,0.0882
31175,11967,24764,10269,0.2930908203125,0.2211761474609375,1.5532142971216088e-117,3.395615673939578,0.999973123336726,3.924204898173031e-99,904.6493456797596,1,122,v3,nsF5,2,0.85,0.2130
30487,12249,24293,10717,0.278289794921875,0.2071533203125,3.5618837619848906e-123,3.3777400127026103,0.999898922294558,6.323484840498317e-104,934.6942240089359,1,122,v4,matrix,3,0.5,0.0628
26313,14732,21026,12477,0.1767120361328125,0.1304473876953125,2.8829597615507954e-49,3.4047288758156644,0.9999676160438475,7.148709071447095e-40,521.7027005516868,1,122,v5,matrix,2,0.8,0.2001
34442,9408,28339,8837,0.381988525390625,0.297576904296875,2.2020632068903973e-113,3.0038765644220464,0.9992111859992996,9.789029678391333e-92,882.4300907635285,0,123,clean,,,,
34090,9599,27914,8991,0.3737030029296875,0.2887420654296875,3.673016693582955e-104,3.0124039404576513,0.9994025557683607,7.808543326217613e-85,832.7343865591357,1,123,v0,nsF5,3,0.25,0.0317
33738,9734,27466,9197,0.36627197265625,0.2787628173828125,5.636553522872113e-90,3.020655961120106,0.9995575917900426,1.0965781383713576e-74,755.2303138271405,1,123,v1,nsF5,3,0.55,0.0694
33446,9827,27368,9112,0.3603973388671875,0.278564453125,6.061818812337301e-96,3.0241359058333455,0.9996704432452019,6.441816824405244e-74,788.0106539347298,1,123,v2,nsF5,2,0.35,0.0880
32573,10284,26336,9541,0.3401031494140625,0.2562713623046875,6.176237410942821e-80,3.0436555347394814,0.9998924913439868,2.8344291762771433e-60,699.4333538535687,1,123,v3,nsF5,2,0.85,0.2132
31777,10571,25907,9939,0.323577880859375,0.24365234375,6.051138933753592e-74,3.0205295026797403,0.999542301402514,2.653558194593566e-61,665.6831691941552,1,123,v4,matrix,3,0.5,0.0630
26825,13217,21878,12022,0.2076416015625,0.150390625,7.098349083100075e-30,3.0539732480707036,0.9998625858085136,6.3650932061619085e-21,399.12450497961794,1,123,v5,matrix,2,0.8,0.2000
31698,14143,26002,10805,0.2678680419921875,0.2318878173828125,1.0258298181182533e-82,4.054548420277345,0.9978036753714157,1.1854703054293123e-89,714.9712237189195,0,124,clean,,,,
31377,14204,25539,10880,0.2620391845703125,0.2236785888671875,1.8446487566434937e-77,4.060065407326587,0.9982508076665584,3.0479533300297644e-86,685.5344894877585,1,124,v0,nsF5,3,0.25,0.0313
31073,14349,25041,11003,0.25518798828125,0.214202880859375,7.975776814058551e-75,4.0648999119918185,0.9987688904810956,1.6429120965051952e-82,670.6645130572492,1,124,v1,nsF5,3,0.55,0.0689
30805,14418,24878,11095,0.2500457763671875,0.2103118896484375,2.6519372189224492e-68,4.06727336995115,0.9990551254531237,9.178753316423114e-87,633.5388817054119,1,124,v2,nsF5,2,0.35,0.0880
29954,14870,23909,11315,0.23016357421875,0.192169189453125,3.235193198896253e-66,4.077675784583666,0.9997262087510179,5.287848106337583e-79,621.5527884525593,1,124,v3,nsF5,2,0.85,0.2136
29589,14897,23864,11463,0.22418212890625,0.1892242431640625,1.1086269643674113e-56,4.065449619050718,0.9986793480297328,4.2332445615527246e-63,565.986126350684,1,124,v4,matrix,3,0.5,0.0625
25774,16893,20436,13058,0.1355133056640625,0.112579345703125,1.185633234328967e-22,4.082981969152451,0.9996722090160377,3.208214917925007e-32,349.3401349834875,1,124,v5,matrix,2,0.8,0.2003
31794,11604,24974,10118,0.308074951171875,0.2266845703125,0.0,3.357053567133816,0.9999657803291314,6.318912809845634e-155,2019.496436802172,0,125,clean,,,,
31623,11710,24719,10137,0.3038482666015625,0.222503662109375,1.93e-322,3.3647278466631296,0.999977072898043,5.1650402018029676e-145,1943.7283933151784,1,125,v0,nsF5,3,0.25,0.0314
31406,11904,24607,10206,0.297576904296875,0.2197418212890625,2.64942181496e-313,3.372331580238057,0.9999789300379087,2.415110685316755e-131,1898.7067357383798,1,125,v1,nsF5,3,0.55,0.0689
31386,11939,24590,10189,0.2967376708984375,0.2197418212890625,3.45871533148404e-291,3.3750303690055756,0.9999907280852858,1.73955021515904e-132,1789.4611778825583,1,125,v2,nsF5,2,0.35,0.0876
30940,12244,24098,10387,0.2852783203125,0.2092132568359375,9.006457402288607e-256,3.393219335793315,0.9999951128289974,5.933420497911553e-113,1613.4392299425301,1,125,v3,nsF5,2,0.85,0.2124
30048,12656,23505,10867,0.265380859375,0.192840576171875,4.304866391412958e-257,3.3710550917717708,0.9999756526084485,4.895413722122387e-113,1620.0296589514512,1,125,v4,matrix,3,0.5,0.0625
26467,14914,20748,12524,0.1762847900390625,0.12548828125,4.342428038277068e-93,3.4025415956918272,0.9999969611329693,5.2251759342423045e-46,772.3627308574672,1,125,v5,matrix,2,0.8,0.1996
46843,2376,45791,3383,0.6785125732421875,0.6470947265625,0.0,1.8529700171555836,0.9162967645306606,2.7748826796884424e-240,2178.314500654171,0,126,clean,,,,
45160,2657,43949,3604,0.6485443115234375,0.6156158447265625,0.0,1.9064012482187402,0.935597461647764,1.7932761264166244e-238,2164.1967403237363,1,126,v0,nsF5,3,0.25,0.0318
43363,3077,41843,3977,0.614715576171875,0.577789306640625,0.0,1.9568961508984022,0.9546084718398683,1.8990271771766737e-232,2114.295671828558,1,126,v1,nsF5,3,0.55,0.0698
42723,3227,41012,4126,0.6026611328125,0.562835693359375,0.0,1.9798033479491917,0.9618838233997598,2.9360353417200805e-228,2075.846734301426,1,126,v2,nsF5,2,0.35,0.0887
38798,4864,36350,5507,0.517791748046875,0.4706268310546875,5.597517766717542e-304,2.0726021568927333,0.9912804918662965,1.8822416106701865e-203,1846.9234774120337,1,126,v3,nsF5,2,0.85,0.2154
39324,3816,38069,4741,0.54180908203125,0.508544921875,8.485080349254961e-278,1.952190827137219,0.9514616485129253,7.27717997217223e-191,1717.4264351443194,1,126,v4,matrix,3,0.5,0.0627
27691,8298,26277,9023,0.2959136962890625,0.263275146484375,3.640617603385801e-96,2.091880108190866,0.9893533853252097,1.5443091861140102e-77,784.8489517297486,1,126,v5,matrix,2,0.8,0.2003
23618,21938,16738,16043,0.025634765625,0.0106048583984375,2.725367840985046e-139,6.422409758016746,0.9999994665080005,9.47621647688893e-32,1019.7768139167969,0,127,clean,,,,
23637,21958,16709,16107,0.0256195068359375,0.009185791015625,5.65459749475046e-113,6.421665989947066,0.999999372602857,5.7340956098833976e-27,880.2331700588758,1,127,v0,nsF5,3,0.25,0.0319
23680,21939,16725,16108,0.0265655517578125,0.0094146728515625,2.1694258766984856e-92,6.420990257672228,0.9999993466264026,9.961651359949494e-23,768.5247225182654,1,127,v1,nsF5,3,0.55,0.0700
23626,21958,16888,16135,0.02545166015625,0.0114898681640625,2.618501680658584e-83,6.4207291541385105,0.9999965520955285,8.70032318093527e-19,718.2768592649883,1,127,v2,nsF5,2,0.35,0.0887
23727,21941,16913,16140,0.027252197265625,0.0117950439453125,1.1000689199228415e-31,6.418398916687556,0.9999963067678703,1.1585575963164159e-09,411.140361113916,1,127,v3,nsF5,2,0.85,0.2157
23556,22042,16676,16126,0.023101806640625,0.008392333984375,2.456852650517864e-98,6.422269902467431,0.99999915003785,4.895101125872377e-25,801.0768066864389,1,127,v4,matrix,3,0.5,0.0626
23392,22197,16657,16299,0.0182342529296875,0.005462646484375,3.179187889300504e-31,6.422257417854797,0.9999949682457658,1.0175365263462627e-05,408.0948901930548,1,127,v5,matrix,2,0.8,0.1999
23286,21965,16784,15837,0.0201568603515625,0.0144500732421875,1.4864076417324856e-127,6.365708636765291,0.99999999793453,2.2158010916101117e-07,957.9239454359259,0,128,clean,,,,
23283,21886,16715,15912,0.0213165283203125,0.0122528076171875,1.429852342803313e-110,6.365151199799898,0.9999993466264026,2.027353836822027e-07,867.3258439825274,1,128,v0,nsF5,3,0.25,0.0319
23390,21793,16710,15931,0.0243682861328125,0.0118865966796875,4.881480000112982e-84,6.3644537728958275,0.9999978374834388,8.102161316135283e-07,722.3389044526596,1,128,v1,nsF5,3,0.55,0.0701
23351,21900,16648,15915,0.0221405029296875,0.0111846923828125,1.2093473636832603e-81,6.3640320692288395,0.9999989073660915,1.2263844022246786e-05,708.9904067678075,1,128,v2,nsF5,2,0.35,0.0890
23383,21869,16717,15894,0.023101806640625,0.0125579833984375,6.551288788310223e-35,6.361685396493091,0.9999986794055199,0.0010193514366767737,432.1934643126962,1,128,v3,nsF5,2,0.85,0.2154
23242,21946,16637,16055,0.019775390625,0.008880615234375,4.059841910472663e-91,6.365684789467306,0.9999977798188302,8.472384448508393e-08,761.5262204301641,1,128,v4,matrix,3,0.5,0.0628
23022,22211,16473,16124,0.0123748779296875,0.0053253173828125,7.431260751398618e-33,6.365717323783924,0.9999999048935346,0.02957480979709267,418.8309796400006,1,128,v5,matrix,2,0.8,0.2002
23280,21224,17063,15762,0.0313720703125,0.0198516845703125,9.02862466122055e-164,6.16432463892249,0.999999156012962,6.571169970575661e-22,1147.1970540058123,0,129,clean,,,,
23232,21238,16993,15756,0.030426025390625,0.0188751220703125,5.049053918643036e-144,6.163768535288994,0.9999994853079974,3.5553939794420394e-20,1044.564972353703,1,129,v0,nsF5,3,0.25,0.0319
23232,21240,16926,15760,0.0303955078125,0.017791748046875,9.059920631595903e-117,6.163103548926514,0.9999995083337782,2.6617691651958767e-16,900.5569814273096,1,129,v1,nsF5,3,0.55,0.0699
23249,21343,17082,15698,0.029083251953125,0.0211181640625,9.26412895889437e-100,6.162954927577838,1.0,4.917488610611001e-11,808.8336452588628,1,129,v2,nsF5,2,0.35,0.0884
23353,21290,17123,15745,0.0314788818359375,0.021026611328125,3.1250513805583886e-48,6.1608688264863565,0.9999998246352666,2.1846931449869574e-06,515.4323718210517,1,129,v3,nsF5,2,0.85,0.2149
23071,21430,16810,15844,0.0250396728515625,0.014739990234375,6.4955018849246835e-121,6.164364013750782,0.9999990325062345,2.4467364552943115e-16,922.6674244484427,1,129,v4,matrix,3,0.5,0.0627
22803,21788,16805,16047,0.0154876708984375,0.011566162109375,1.2258211700919572e-52,6.164204754966395,0.9999995657348879,1.5401990976606666e-05,541.9694620597829,1,129,v5,matrix,2,0.8,0.2001
39255,6020,36934,6716,0.5071258544921875,0.461090087890625,0.0,3.0435674140014872,0.9574400988371636,0.0,39258.029625367766,0,130,clean,,,,
38259,6212,35714,6913,0.4889984130859375,0.4394683837890625,0.0,3.070244644699132,0.9671219674002016,0.0,37563.07578311858,1,130,v0,nsF5,3,0.25,0.0316
37086,6487,34408,7120,0.4669036865234375,0.4163818359375,0.0,3.097002888520917,0.976989327060281,0.0,35592.30554114883,1,130,v1,nsF5,3,0.55,0.0692
36594,6698,33800,7205,0.4561767578125,0.4058074951171875,0.0,3.108559359850726,0.981010841771295,0.0,34580.90261888454,1,130,v2,nsF5,2,0.35,0.0884
33918,7741,30714,8056,0.3994293212890625,0.345733642578125,0.0,3.1561521269237027,0.995780217760609,0.0,28800.03593115649,1,130,v3,nsF5,2,0.85,0.2139
34125,7143,31729,7710,0.411712646484375,0.3665008544921875,0.0,3.0972048179197,0.9755227313482301,0.0,29940.449511340812,1,130,v4,matrix,3,0.5,0.0626
25737,10607,23594,10756,0.230865478515625,0.195892333984375,0.0,3.1725821935684024,0.9949338810063779,0.0,14005.660481774828,1,130,v5,matrix,2,0.8,0.2003
44707,3401,42126,3647,0.630279541015625,0.5871429443359375,2.42771503381183e-187,1.725804129586315,0.9639483494589285,2.8224141423053513e-175,1250.1964166385244,0,131,clean,,,,
43518,3701,40664,3886,0.6075592041015625,0.561187744140625,1.0424062615642674e-173,1.7750447442020323,0.9719812010251052,9.906507258492143e-167,1178.1222790396623,1,131,v0,nsF5,3,0.25,0.0317
42288,4060,39119,4209,0.58331298828125,0.532684326171875,2.2397226919508875e-173,1.8233752532865943,0.9801638938594148,4.782062088501862e-163,1176.4241962031465,1,131,v1,nsF5,3,0.55,0.0696
41556,4259,38409,4426,0.5691070556640625,0.5185394287109375,2.5270360754567347e-163,1.8405132265968727,0.9834209626096122,2.0671548707532864e-161,1124.9014695956362,1,131,v2,nsF5,2,0.35,0.0880
38805,5491,34827,5474,0.508331298828125,0.4478912353515625,1.840449920617599e-138,1.932064145222572,0.996035966367389,9.3237575685489e-133,996.2232800889911,1,131,v3,nsF5,2,0.85,0.2133
38498,4933,35837,5169,0.5121612548828125,0.46795654296875,7.062842495601922e-138,1.8192859737304035,0.9788031278281848,2.0261396668326854e-125,995.5900679988098,1,131,v4,matrix,3,0.5,0.0630
28396,9194,25774,9344,0.292999267578125,0.250701904296875,2.1172376345726137e-52,1.959659661082553,0.9952768961319066,1.3034440942992879e-52,527.1845712200019,1,131,v5,matrix,2,0.8,0.2000
43917,3951,40654,4272,0.609832763671875,0.555145263671875,7.6803e-320,1.6075755545734787,0.9668211540693239,1.890959555944e-312,1925.0646562745994,0,132,clean,,,,
42761,4219,39339,4507,0.588104248046875,0.531494140625,2.012877855330174e-306,1.6499305869284244,0.9744402034695037,1.4155759621704417e-304,1858.9786423465,1,132,v0,nsF5,3,0.25,0.0319
41570,4517,37946,4764,0.5653839111328125,0.506317138671875,3.7068953960775446e-308,1.6926341120265709,0.9817553240156071,1.3585776292037204e-306,1867.5316948857505,1,132,v1,nsF5,3,0.55,0.0700
41168,4663,37220,4950,0.5570220947265625,0.492401123046875,9.964533094553284e-307,1.7112424606436354,0.9851860677859121,9.991788798107284e-305,1860.4843502589347,1,132,v2,nsF5,2,0.35,0.0889
38444,5792,34046,5988,0.49822998046875,0.428131103515625,4.5103194460850557e-293,1.789269487238009,0.9965719248926139,2.7642054993713456e-286,1793.062458477697,1,132,v3,nsF5,2,0.85,0.2157
38188,5393,34908,5655,0.5004119873046875,0.4463653564453125,7.238769955408012e-224,1.6878823520511426,0.9803311149390407,6.819021629029863e-224,1448.1143220149434,1,132,v4,matrix,3,0.5,0.0625
28781,9335,25670,9492,0.296722412109375,0.246856689453125,9.988096453622854e-107,1.8179880342067345,0.9954148648114913,5.617168332322374e-104,842.1263623031443,1,132,v5,matrix,2,0.8,0.1996
65003,102,64969,100,0.9903106689453125,0.9898223876953125,0.0,0.11951804629896615,0.06176770464083577,0.0,245463.7317606376,0,133,clean,,,,
56509,416,56471,413,0.8559112548828125,0.855377197265625,0.0,0.448863890144843,0.3820646881654248,0.0,211161.59680646792,1,133,v0,nsF5,3,0.25,0.0352
47943,1514,47898,1509,0.7084503173828125,0.7078399658203125,0.0,0.6736897528312749,0.604199006965271,0.0,173498.39893297985,1,133,v1,nsF5,3,0.55,0.0773
46742,1872,46701,1863,0.684661865234375,0.684173583984375,0.0,0.7107447704517985,0.6389106998868148,0.0,167274.61004531482,1,133,v2,nsF5,2,0.35,0.0873
30933,7424,30874,7402,0.3587188720703125,0.358154296875,0.0,0.98797978170116,0.9108151894553291,0.0,81653.39943989743,1,133,v3,nsF5,2,0.85,0.2115
49244,1282,49202,1277,0.731842041015625,0.7312774658203125,0.0,0.6427574173057838,0.5735752605982741,0.0,179547.95505201642,1,133,v4,matrix,3,0.5,0.0702
31582,6890,31541,6887,0.37677001953125,0.376190185546875,0.0,0.9719430829856929,0.8960273629199209,0.0,89158.33119221068,1,133,v5,matrix,2,0.8,0.1990
49378,1903,48663,2448,0.7244110107421875,0.7051849365234375,0.0,1.0654042273692663,0.8768755786361708,7.125377122883948e-263,2278.8514844799734,0,134,clean,,,,
47698,2181,46700,2676,0.6945343017578125,0.6717529296875,0.0,1.1374351379823084,0.9052904759198523,2.8392162248477956e-261,2258.064513500268,1,134,v0,nsF5,3,0.25,0.0314
45938,2572,44577,3040,0.661712646484375,0.6338043212890625,0.0,1.2060624195690177,0.9325581705287064,2.363509287264499e-254,2220.3781903574086,1,134,v1,nsF5,3,0.55,0.0690
45056,2790,43478,3259,0.644927978515625,0.6136932373046875,0.0,1.2336235086025327,0.9434718641596449,1.978918218128617e-250,2120.611660109668,1,134,v2,nsF5,2,0.35,0.0869
40982,4349,38470,4623,0.5589752197265625,0.5164642333984375,0.0,1.3573527931575977,0.9868142034342524,4.155434615227236e-245,2084.849160712634,1,134,v3,nsF5,2,0.85,0.2120
41417,3402,40333,3945,0.5800628662109375,0.55523681640625,9.488083009489596e-305,1.1972382103648724,0.9283335442765523,4.0036679954411224e-196,1797.6224813098315,1,134,v4,matrix,3,0.5,0.0627
28655,8098,27251,8531,0.3136749267578125,0.28564453125,3.6419718073268167e-127,1.3793371205040084,0.9844567746638493,2.1135185426920692e-79,908.2595934938053,1,134,v5,matrix,2,0.8,0.1994
45706,2844,42915,3368,0.654022216796875,0.6034393310546875,0.0,1.6722771068857065,0.9632570642276396,0.0,2345.254676697561,0,135,clean,,,,
44462,3123,41479,3697,0.6307830810546875,0.576507568359375,0.0,1.718715118219248,0.9717821944850159,0.0,2299.2570777716533,1,135,v0,nsF5,3,0.25,0.0315
43240,3521,39857,4063,0.6060638427734375,0.546173095703125,0.0,1.7644467876422993,0.9796541926896516,0.0,2266.390476165628,1,135,v1,nsF5,3,0.55,0.0690
42422,3710,39048,4174,0.5906982421875,0.532135009765625,0.0,1.7852142752554085,0.983205851586719,0.0,2283.40511286989,1,135,v2,nsF5,2,0.35,0.0883
39173,5098,35000,5262,0.5199432373046875,0.453765869140625,0.0,1.8722669055907544,0.9961955991242111,0.0,2205.355144376951,1,135,v3,nsF5,2,0.85,0.2145
39299,4394,36374,4939,0.5326080322265625,0.4796600341796875,1.6112074466920159e-295,1.7606166676996458,0.9784732973588661,6.371373701086709e-298,1799.3963491003524,1,135,v4,matrix,3,0.5,0.0625
28547,8995,25912,9208,0.29833984375,0.2548828125,1.9853476454583576e-130,1.9026651172075872,0.9953436966576257,7.974197290026259e-133,963.6984570467639,1,135,v5,matrix,2,0.8,0.2008
56646,866,56469,1249,0.85113525390625,0.84259033203125,0.0,0.7975601784994334,0.6154710748757878,0.0,23010.340798712365,0,136,clean,,,,
53817,1063,53489,1447,0.804962158203125,0.794097900390625,0.0,0.9192313989677275,0.7103170430277452,0.0,22245.93169927641,1,136,v0,nsF5,3,0.25,0.0313
50850,1521,50330,1876,0.7527008056640625,0.739349365234375,0.0,1.0317461713192286,0.7966688516623597,0.0,21301.513829098625,1,136,v1,nsF5,3,0.55,0.0687
49187,1851,48595,2183,0.7222900390625,0.70819091796875,0.0,1.0792362625340712,0.8329184816077999,0.0,20249.390576525082,1,136,v2,nsF5,2,0.35,0.0877
42641,4325,41541,4500,0.58465576171875,0.5652008056640625,0.0,1.260718499454996,0.9625119254784968,0.0,17374.184756555384,1,136,v3,nsF5,2,0.85,0.2133
45621,2071,45176,2461,0.664520263671875,0.6517791748046875,0.0,1.0165647574885448,0.7842229478470604,0.0,17712.342238794503,1,136,v4,matrix,3,0.5,0.0625
28991,7495,28471,7796,0.3280029296875,0.3154754638671875,0.0,1.2614287026355917,0.9552275583190986,0.0,7905.0655627316055,1,136,v5,matrix,2,0.8,0.2006
33987,3688,30674,7618,0.4623260498046875,0.351806640625,1.2037121668198662e-261,2.826834538619015,0.9962431663174172,9.12199729321026e-102,1642.7365886230184,0,137,clean,,,,
33519,3928,30153,7783,0.4515228271484375,0.341339111328125,6.086016115168113e-261,2.841407581142189,0.9972017536973365,2.276241167174496e-103,1639.228552461423,1,137,v0,nsF5,3,0.25,0.0315
32801,4257,29422,7985,0.435546875,0.3271026611328125,2.407351020309163e-260,2.8567508324278506,0.9979948095412122,1.2700411955493527e-104,1636.2513837277793,1,137,v1,nsF5,3,0.55,0.0691
32699,4423,29406,8073,0.43145751953125,0.3255157470703125,2.2059879053196537e-257,2.8638432730989076,0.9982673422128828,1.3777493550908057e-99,1621.4783836234124,1,137,v2,nsF5,2,0.35,0.0879
31306,5299,27820,8571,0.3968353271484375,0.2937164306640625,8.482541124853316e-255,2.8965760567464036,0.9995676410261056,1.5110986780898988e-101,1608.5771768703585,1,137,v3,nsF5,2,0.85,0.2132
30361,5053,27534,8791,0.38616943359375,0.2859954833984375,9.645197962068567e-191,2.8566572418303045,0.9978788410960331,6.148598764991305e-71,1285.6182367654453,1,137,v4,matrix,3,0.5,0.0627
24219,8495,22501,11410,0.23992919921875,0.1692352294921875,1.0377010925532606e-76,2.9111309351537193,0.999496766647101,4.39005931831278e-25,681.309939526944,1,137,v5,matrix,2,0.8,0.2002
27819,9631,24403,11202,0.27752685546875,0.2014312744140625,9.845044556231611e-115,3.8058207300321603,0.9994341882184405,1.8692972917859014e-99,889.6630176295594,0,138,clean,,,,
27582,9805,24156,11213,0.2712554931640625,0.1974945068359375,4.8219276114685995e-108,3.808346382479232,0.9995389612078087,1.5069187110408478e-97,853.7120443967813,1,138,v0,nsF5,3,0.25,0.0317
27270,9971,23786,11289,0.2639617919921875,0.1906890869140625,9.863711454898167e-104,3.810774181837397,0.9996470564871408,1.0166585628416915e-92,830.4103224114887,1,138,v1,nsF5,3,0.55,0.0697
27118,9976,23802,11271,0.261566162109375,0.1912078857421875,2.669449780914554e-100,3.811259722462603,0.9997034053173849,1.7398817243412653e-88,811.7745602934103,1,138,v2,nsF5,2,0.35,0.0882
26369,10465,23059,11530,0.24267578125,0.1759185791015625,7.431466818759672e-101,3.8155485309790653,0.9999534821543125,2.2093392545167001e-91,814.7949103685914,1,138,v3,nsF5,2,0.85,0.2142
25906,10586,22854,11810,0.2337646484375,0.16851806640625,1.2987680566326433e-73,3.8117083426387257,0.9996172991028855,6.913625960878124e-68,663.803499644521,1,138,v4,matrix,3,0.5,0.0629
22406,12626,20192,13185,0.14923095703125,0.1069183349609375,2.060380637033585e-29,3.8212946264087035,0.9999332369833998,2.809657644059196e-28,396.02612445906163,1,138,v5,matrix,2,0.8,0.1995
24842,9265,22256,11943,0.2376861572265625,0.1573638916015625,2.752486274088549e-57,3.886982585490081,0.9999180862931496,1.3465128249156506e-55,569.5546756979525,0,139,clean,,,,
24682,9367,22046,11949,0.2336883544921875,0.1540679931640625,3.872187959457549e-49,3.8886032757802256,0.9999530827617733,1.223902696696436e-46,520.9278227195608,1,139,v0,nsF5,3,0.25,0.0317
24504,9509,21895,11962,0.2288055419921875,0.1515655517578125,1.6290708802463962e-40,3.8904682010776184,0.9999550191177888,7.902766361889047e-39,467.8525230389689,1,139,v1,nsF5,3,0.55,0.0696
24580,9588,21902,12046,0.228759765625,0.150390625,2.6043932362037785e-32,3.8909146968775423,0.9999593923838674,5.453678072444095e-31,415.2595224002516,1,139,v2,nsF5,2,0.35,0.0888
24253,9812,21465,12189,0.2203521728515625,0.14154052734375,1.5303530701892664e-16,3.8940361440067175,0.9999921697047407,8.647678994844906e-15,303.9823842329987,1,139,v3,nsF5,2,0.85,0.2155
23459,10102,21200,12425,0.2038116455078125,0.1338958740234375,5.215720953118883e-43,3.8915906849374133,0.9999515133388087,6.106502637330152e-42,483.40558971046687,1,139,v4,matrix,3,0.5,0.0626
20778,11918,19214,13734,0.13519287109375,0.0836181640625,5.648690396596282e-10,3.8995938135354318,0.999989292577006,5.069953764483005e-10,249.23617925950575,1,139,v5,matrix,2,0.8,0.2007
26299,18066,20628,13602,0.1256256103515625,0.107208251953125,1.9054719320205225e-211,5.555295272371775,0.9994524203129312,2.852155368075595e-62,1390.7767771043966,0,140,clean,,,,
26189,18120,20426,13679,0.1231231689453125,0.1029510498046875,2.3369250438013485e-171,5.555965583367757,0.9996064255616957,4.958239599801606e-57,1186.3201849051088,1,140,v0,nsF5,3,0.25,0.0315
26075,18201,20224,13722,0.120147705078125,0.099212646484375,1.6079196067002707e-140,5.556779754879425,0.9997016134233476,3.0748620541612106e-54,1026.2232538001438,1,140,v1,nsF5,3,0.55,0.0695
26084,18136,20216,13664,0.12127685546875,0.0999755859375,3.227711918109431e-120,5.55696766363701,0.999769670712261,2.774748439917505e-45,918.958730729435,1,140,v2,nsF5,2,0.35,0.0886
25737,18264,19862,13699,0.1140289306640625,0.0940399169921875,5.032966638559039e-56,5.557222562256339,0.9999287063779599,2.5558508763916416e-43,562.1038598863701,1,140,v3,nsF5,2,0.85,0.2146
25375,18552,19650,14013,0.1041107177734375,0.0860137939453125,1.9938730517254733e-142,5.557375103540586,0.999665117466741,7.705793159872315e-41,1036.211390824824,1,140,v4,matrix,3,0.5,0.0627
23650,19447,18176,14705,0.0641326904296875,0.0529632568359375,7.2007497200926e-52,5.560270890206551,0.9999180275198718,4.470926108325524e-14,537.3674503767332,1,140,v5,matrix,2,0.8,0.2006
25339,19362,18598,14498,0.0912017822265625,0.06256103515625,1.6009581574085305e-22,5.172455532917903,0.999997291187084,0.00011003332772921449,348.4086347946934,0,141,clean,,,,
25351,19350,18574,14528,0.0915679931640625,0.061737060546875,1.4260779112496164e-20,5.172367932181859,0.9999996393330776,0.00021149450897445476,334.3142267629244,1,141,v0,nsF5,3,0.25,0.0316
25328,19407,18512,14471,0.0903472900390625,0.0616607666015625,2.3234232104169807e-19,5.172375240002393,0.9999999953526926,0.0011027562889512799,325.3783214779278,1,141,v1,nsF5,3,0.55,0.0693
25159,19446,18435,14538,0.0871734619140625,0.0594635009765625,4.926048196039949e-18,5.172019088840742,0.9999991972486109,0.006201045490612135,315.4253458875414,1,141,v2,nsF5,2,0.35,0.0886
25159,19520,18486,14496,0.0860443115234375,0.060882568359375,1.7672061819920441e-22,5.171939768332444,0.9999998630466886,0.0003708898327482211,348.10190423810144,1,141,v3,nsF5,2,0.85,0.2144
24935,19681,18244,14684,0.080169677734375,0.0543212890625,9.748549262820159e-16,5.173037554191615,0.9999998353419897,0.01009043305961221,297.6954277802379,1,141,v4,matrix,3,0.5,0.0627
23860,20617,17550,15213,0.0494842529296875,0.0356597900390625,2.3991463816238486e-05,5.174601028665215,0.9999989276308916,0.31472389251037847,202.37681972107342,1,141,v5,matrix,2,0.8,0.2009
47560,4602,44622,4136,0.655487060546875,0.617767333984375,0.0,2.049523283856077,0.8640157831990798,0.0,7011.351010280236,0,142,clean,,,,
45730,4835,42649,4331,0.6240081787109375,0.584686279296875,0.0,2.102343202834296,0.8960664906632057,0.0,7591.238020540007,1,142,v0,nsF5,3,0.25,0.0314
43789,5207,40601,4737,0.588714599609375,0.5472412109375,0.0,2.1535725723136903,0.9258014405551838,0.0,8219.925653750428,1,142,v1,nsF5,3,0.55,0.0691
42804,5480,39579,4913,0.56951904296875,0.528961181640625,0.0,2.175571206270375,0.9393813612469512,0.0,8646.482517154911,1,142,v2,nsF5,2,0.35,0.0881
38521,7185,34881,6469,0.4781494140625,0.43353271484375,0.0,2.2603003636465946,0.9864931969459221,0.0,11994.862079062712,1,142,v3,nsF5,2,0.85,0.2136
39946,5913,37051,5415,0.5193023681640625,0.48272705078125,0.0,2.1438780548615815,0.9213132694185066,0.0,5464.071911848389,1,142,v4,matrix,3,0.5,0.0627
28132,10205,25414,9569,0.2735443115234375,0.2417755126953125,0.0,2.2626937171844803,0.9839066688007323,0.0,2913.8175443791797,1,142,v5,matrix,2,0.8,0.2011
25186,20238,18311,14800,0.07550048828125,0.0535736083984375,2.1078249188209857e-17,5.285067435591452,0.9999998050870667,1.0534793575113688e-05,310.617848511435,0,143,clean,,,,
25145,20298,18351,14841,0.0739593505859375,0.053558349609375,3.100539239980836e-18,5.284996662155178,0.9999998815937674,1.2951499033596053e-06,316.94658412724465,1,143,v0,nsF5,3,0.25,0.0319
25155,20261,18330,14773,0.074676513671875,0.0542755126953125,1.0629809001070028e-16,5.284835858710332,0.9999997369265492,7.463603026424886e-06,305.20933357265943,1,143,v1,nsF5,3,0.55,0.0694
25176,20338,18310,14885,0.073822021484375,0.0522613525390625,2.7080863545289206e-18,5.284620034374797,0.9999999238621375,0.00014215195306851335,317.390405646402,1,143,v2,nsF5,2,0.35,0.0879
25187,20251,18317,14829,0.0753173828125,0.05322265625,2.3281436775470376e-14,5.28398848683814,0.9999954788816611,0.001127765026377977,286.69821245684585,1,143,v3,nsF5,2,0.85,0.2132
24779,20555,18019,14907,0.064453125,0.0474853515625,1.8555307314927752e-14,5.285368904486528,0.9999999767213099,2.3999012791763893e-06,287.49468850288224,1,143,v4,matrix,3,0.5,0.0629
23999,21213,17526,15432,0.042510986328125,0.031951904296875,0.008164699399305905,5.286041145690409,0.9999960142188165,0.22794370946010178,168.42598653997442,1,143,v5,matrix,2,0.8,0.1998
21862,9032,21024,12951,0.195770263671875,0.1231842041015625,8.984167095641371e-29,4.096974926552904,0.9999600106137365,2.994439202972167e-24,391.7263239198362,0,144,clean,,,,
21742,9148,20870,13021,0.192169189453125,0.1197662353515625,5.0393293036154686e-23,4.097653948150256,0.9999748451163601,1.7727323516697145e-18,351.98652888678896,1,144,v0,nsF5,3,0.25,0.0318
21673,9244,20746,12934,0.1896514892578125,0.11920166015625,1.267896559471586e-22,4.098710902154035,0.9999838226620883,2.0812610816559932e-16,349.13218725841773,1,144,v1,nsF5,3,0.55,0.0697
21675,9295,20838,12975,0.18890380859375,0.1199798583984375,1.8861615154260297e-18,4.098688417703281,0.999973825531368,7.270293484117724e-14,318.5746726774071,1,144,v2,nsF5,2,0.35,0.0891
21469,9626,20651,13022,0.1807098388671875,0.1164093017578125,2.1348434767622345e-13,4.099695686233452,0.9999827342879815,2.698780759571156e-09,278.8303199593463,1,144,v3,nsF5,2,0.85,0.2154
20766,9658,20202,13342,0.16949462890625,0.10467529296875,1.4809218106958046e-19,4.099837687098933,0.9999829226160801,4.150424510352746e-16,326.83025451535593,1,144,v4,matrix,3,0.5,0.0626
18682,11213,18816,14284,0.1139678955078125,0.06915283203125,1.8450396622660704e-05,4.105807873832139,0.9999896297982408,3.290024351862098e-05,203.69499873895083,1,144,v5,matrix,2,0.8,0.1998
23770,20015,17802,15156,0.0572967529296875,0.040374755859375,4.805141116516067e-31,5.7469131080839055,0.9999998353419897,1.7133927683521094e-21,406.9068775278709,0,145,clean,,,,
23762,20006,17821,15158,0.05731201171875,0.0406341552734375,1.6512715832326502e-25,5.746324665606511,0.9999996033875702,2.553599770864133e-17,369.42142943506576,1,145,v0,nsF5,3,0.25,0.0316
23799,19986,17835,15155,0.0581817626953125,0.0408935546875,5.706201424271065e-21,5.745709641578284,0.9999997130998746,8.906454152631425e-13,337.2167566321959,1,145,v1,nsF5,3,0.55,0.0697
23851,20021,17640,15263,0.058441162109375,0.0362701416015625,6.3493608216638165e-25,5.745890475861755,0.9999999220601201,3.5632068116423105e-18,365.35557757739826,1,145,v2,nsF5,2,0.35,0.0884
23748,20026,17522,15196,0.056793212890625,0.035491943359375,1.4228161091694528e-18,5.744074423573841,0.9999966597425143,6.241080053594965e-11,319.4957780177813,1,145,v3,nsF5,2,0.85,0.2148
23541,20223,17667,15300,0.050628662109375,0.0361175537109375,4.3021341935609346e-19,5.7470798894828,0.9999998701599148,3.039837615007828e-13,323.3858493331137,1,145,v4,matrix,3,0.5,0.0625
22957,20760,17019,15681,0.0335235595703125,0.020416259765625,3.470831107835276e-08,5.747872863176806,0.9999971175187695,8.677619552070603e-07,232.3979405366992,1,145,v5,matrix,2,0.8,0.1996
23485,20326,17480,15245,0.0482025146484375,0.0341033935546875,3.5763277713540446e-49,6.017678843585626,0.9999979967460829,2.382220617520306e-30,521.1366353077353,0,146,clean,,,,
23490,20297,17478,15188,0.0487213134765625,0.034942626953125,7.52386025817131e-42,6.017187337625644,0.9999977213954749,2.5031325247207847e-25,476.2010538364219,1,146,v0,nsF5,3,0.25,0.0317
23471,20304,17460,15254,0.0483245849609375,0.033660888671875,6.484508979096558e-36,6.016557759785204,0.9999990578820199,4.393896683552836e-21,438.6652833044028,1,146,v1,nsF5,3,0.55,0.0699
23519,20248,17518,15302,0.0499114990234375,0.0338134765625,3.394179136393463e-37,6.016639186270933,0.9999999839715312,2.162566755633537e-20,446.86613745995055,1,146,v2,nsF5,2,0.35,0.0884
23527,20277,17423,15357,0.049591064453125,0.031524658203125,1.6245342131996098e-18,6.014814559466766,0.9999998379659796,5.437654135975674e-09,319.06277963965084,1,146,v3,nsF5,2,0.85,0.2152
23216,20485,17290,15432,0.0416717529296875,0.028350830078125,5.127446952447718e-38,6.017779359398703,0.9999989208970346,5.586621188190592e-23,452.0902532915708,1,146,v4,matrix,3,0.5,0.0627
22817,20854,16987,15813,0.0299530029296875,0.017913818359375,3.0395930365103874e-15,6.018344155260292,0.9999998654388402,4.2394164959726943e-10,293.7881777339418,1,146,v5,matrix,2,0.8,0.2000
25832,9582,23811,11609,0.247955322265625,0.186187744140625,0.0,4.099136912117751,0.9983659492306276,0.0,2461.1469199641865,0,147,clean,,,,
25682,9710,23688,11716,0.24371337890625,0.18267822265625,0.0,4.101010647062427,0.9986897138021747,0.0,2373.5625389843744,1,147,v0,nsF5,3,0.25,0.0320
25468,9786,23518,11788,0.239288330078125,0.178985595703125,0.0,4.102486979095786,0.9990555246846595,0.0,2287.564059843714,1,147,v1,nsF5,3,0.55,0.0699
25350,9782,23270,11706,0.237548828125,0.17645263671875,0.0,4.102596235053493,0.9992681214229437,0.0,2323.256826218239,1,147,v2,nsF5,2,0.35,0.0886
24953,10139,22527,11816,0.226043701171875,0.1634368896484375,0.0,4.104240010441818,0.9998625858085136,4.830679105732475e-302,2089.65209295804,1,147,v3,nsF5,2,0.85,0.2162
24058,10362,22485,12290,0.208984375,0.1555633544921875,1.18175004623e-312,4.103285757104024,0.9989887158542743,1.4294337803234248e-264,1895.505568632206,1,147,v4,matrix,3,0.5,0.0626
20869,12169,19731,13558,0.13275146484375,0.0941925048828125,2.0046870837407124e-128,4.11048993793298,0.9998254301828284,4.1179893274358436e-110,962.5288996752001,1,147,v5,matrix,2,0.8,0.2006
23950,21847,17252,15803,0.0320892333984375,0.0221099853515625,2.421294617955298e-44,6.372170077866644,0.9999107603714713,9.637412480798605e-31,491.6471851746756,0,148,clean,,,,
23971,21846,17243,15760,0.0324249267578125,0.0226287841796875,2.915098492964953e-35,6.3714445026615465,0.9999204778488624,1.4519783273757181e-24,434.46368891117464,1,148,v0,nsF5,3,0.25,0.0320
23973,21809,17206,15698,0.03302001953125,0.02301025390625,2.498839945122115e-28,6.370600987538169,0.9999348714206532,2.4579364241152095e-19,388.7266334303571,1,148,v1,nsF5,3,0.55,0.0699
23889,21926,17308,15766,0.0299530029296875,0.023529052734375,9.500956830027873e-24,6.370147845117058,0.9999544074307996,1.0701852415412402e-18,357.1168823691073,1,148,v2,nsF5,2,0.35,0.0890
23862,22013,17193,15721,0.0282135009765625,0.0224609375,3.4327476366415014e-14,6.366999127177643,0.999991968584131,1.4961800744091895e-09,285.3313949256245,1,148,v3,nsF5,2,0.85,0.2153
23770,21896,17024,15807,0.028594970703125,0.0185699462890625,2.275706386813548e-31,6.371813108303935,0.9999307203293176,1.1121828905674784e-22,409.0553836241456,1,148,v4,matrix,3,0.5,0.0628
23301,22361,16831,15980,0.01434326171875,0.0129852294921875,8.856079159841442e-11,6.371037222541946,0.9999841086369599,5.430333821052587e-09,256.4612742300294,1,148,v5,matrix,2,0.8,0.2001
23361,22317,16580,15962,0.01593017578125,0.009429931640625,2.966744635159674e-64,6.434474770852622,0.9999988731698999,5.715145485850277e-37,610.226043734211,0,149,clean,,,,
23355,22280,16566,15994,0.0164031982421875,0.00872802734375,1.3950615340860486e-52,6.433885625925365,0.9999999468773753,2.338979196535247e-28,541.6337127775356,1,149,v0,nsF5,3,0.25,0.0319
23372,22245,16645,15958,0.0171966552734375,0.0104827880859375,4.63592335095661e-45,6.433178961588594,0.9999995037707745,2.1407640435569308e-26,496.0656849841573,1,149,v1,nsF5,3,0.55,0.0702
23433,22197,16698,15820,0.01885986328125,0.013397216796875,4.737492837633599e-43,6.4326448724754846,0.9999988173600274,3.501500711804238e-25,483.6644892086234,1,149,v2,nsF5,2,0.35,0.0894
23307,22252,16773,15838,0.0160980224609375,0.0142669677734375,1.4829930490800485e-27,6.430241070951213,0.9999998838173092,1.0769529201641033e-15,383.4786834373929,1,149,v3,nsF5,2,0.85,0.2167
23267,22362,16605,16024,0.0138092041015625,0.0088653564453125,1.1864119963797426e-46,6.434534401647671,0.9999997130998746,1.9729931705366803e-27,505.81728633975916,1,149,v4,matrix,3,0.5,0.0627
23030,22549,16510,16080,0.0073394775390625,0.006561279296875,6.962020122889753e-24,6.434466366244352,0.9999999984825118,9.588329812438476e-15,358.0686334315905,1,149,v5,matrix,2,0.8,0.2008
22472,21421,17042,15749,0.0160369873046875,0.0197296142578125,1.8183288646439742e-76,6.300952512621284,0.9999994712396142,5.360385690171827e-19,679.936842781935,0,150,clean,,,,
22468,21424,17016,15726,0.01593017578125,0.019683837890625,2.3717851690406012e-56,6.3002590832178305,0.9999999839715312,3.503859984735844e-13,564.0354711414327,1,150,v0,nsF5,3,0.25,0.0317
22506,21384,16939,15729,0.017120361328125,0.018463134765625,3.240512446479252e-44,6.2995058897901925,0.9999993828459051,5.953383367670571e-11,490.8668365040405,1,150,v1,nsF5,3,0.55,0.0698
22623,21292,17175,15702,0.0203094482421875,0.0224761962890625,6.768920630642415e-44,6.299147863726336,0.9999997845061315,9.187958286690004e-14,488.8925754377974,1,150,v2,nsF5,2,0.35,0.0893
22559,21274,17067,15680,0.0196075439453125,0.0211639404296875,1.2554741916052377e-20,6.296492662367474,0.9999990452362798,1.5184368652199678e-06,334.71885223210757,1,150,v3,nsF5,2,0.85,0.2164
22379,21555,16868,15815,0.0125732421875,0.0160675048828125,1.0671829980437879e-46,6.300887231462399,0.9999992487483841,1.026903843169372e-11,506.09813468098764,1,150,v4,matrix,3,0.5,0.0624
22215,21602,16775,15866,0.0093536376953125,0.0138702392578125,2.2960163090727063e-15,6.301010262916622,0.9999995308326528,0.0002177314344387302,294.7555019486219,1,150,v5,matrix,2,0.8,0.2005
24107,21564,17450,15624,0.0388031005859375,0.027862548828125,3.631093517520634e-37,6.222627036587219,0.9999951128289974,9.507501565465385e-21,446.67921540759505,0,151,clean,,,,
24176,21543,17415,15636,0.0401763916015625,0.0271453857421875,1.0777021535216869e-30,6.221967255819742,0.9999981850728534,4.6300356792583873e-17,404.5793727731369,1,151,v0,nsF5,3,0.25,0.0318
24052,21649,17297,15522,0.0366668701171875,0.0270843505859375,4.08848294527015e-25,6.221227356407819,0.9999993201230422,2.4141289569627063e-15,366.6869253736859,1,151,v1,nsF5,3,0.55,0.0699
24051,21663,17453,15650,0.03643798828125,0.0275115966796875,3.561281637063262e-23,6.220939205501252,0.9999974697977649,4.462122575553276e-13,353.05724719227135,1,151,v2,nsF5,2,0.35,0.0885
23986,21752,17361,15616,0.034088134765625,0.0266265869140625,7.070639789701999e-16,6.218762097842828,0.99999977228192,3.966253823765388e-09,298.79242571982707,1,151,v3,nsF5,2,0.85,0.2151
23868,21758,17133,15623,0.032196044921875,0.023040771484375,7.117800379785287e-25,6.222478526151521,0.9999994425337893,2.7624236721162923e-16,365.0096369685042,1,151,v4,matrix,3,0.5,0.0628
23462,22148,17004,15851,0.020050048828125,0.0175933837890625,5.27803881829226e-10,6.222881848956697,0.9999980333344423,1.765779959506639e-05,249.50425923267738,1,151,v5,matrix,2,0.8,0.2000
27207,6742,26147,10469,0.3122711181640625,0.239227294921875,1.0434248757557871e-125,3.831534251732749,0.9974921821295113,3.229155038773283e-109,948.1412876311878,0,152,clean,,,,
26856,6838,25695,10558,0.305450439453125,0.2309722900390625,5.7420428308008956e-129,3.83553964964535,0.9980235082252709,1.3929571825859505e-106,965.4009611682934,1,152,v0,nsF5,3,0.25,0.0321
26430,7036,25193,10748,0.295928955078125,0.2204132080078125,5.568303921609503e-136,3.8391975701057786,0.9985942196338935,1.2072961737122365e-108,1002.3872314504464,1,152,v1,nsF5,3,0.55,0.0702
26221,7186,25094,10667,0.2904510498046875,0.2201385498046875,4.170991272772955e-136,3.8406462484539277,0.9989177003141678,6.243627487932154e-110,1003.0471897598562,1,152,v2,nsF5,2,0.35,0.0889
25394,7859,24178,10994,0.2675628662109375,0.201171875,1.9044907520237829e-143,3.8467661199026915,0.9997225436345738,3.196975212479045e-109,1041.5491404497361,1,152,v3,nsF5,2,0.85,0.2149
24770,7635,23923,11283,0.2614593505859375,0.19287109375,1.099147565198863e-102,3.8396571965758723,0.9985214545217012,3.8029347209166296e-82,824.7336260883284,1,152,v4,matrix,3,0.5,0.0630
20596,10139,20658,13045,0.1595611572265625,0.1161651611328125,3.7004540829633735e-37,3.8548090750993533,0.999671385580051,1.640917654259057e-30,446.62678998309894,1,152,v5,matrix,2,0.8,0.1996
23814,21987,16945,15693,0.0278778076171875,0.01910400390625,2.4561505129214757e-10,6.100082071180378,0.9999995868638072,8.085355161746357e-05,252.50730145009675,0,153,clean,,,,
23818,22034,16961,15763,0.0272216796875,0.018280029296875,6.355375462072232e-09,6.099354368687295,0.9999993980524053,0.0003306651135536334,239.48511873562757,1,153,v0,nsF5,3,0.25,0.0322
23800,22005,16991,15703,0.0273895263671875,0.0196533203125,6.806883897395683e-07,6.098565325475779,0.9999988731698999,0.0006498615194589617,219.36230152832545,1,153,v1,nsF5,3,0.55,0.0705
23789,22042,16941,15706,0.0266571044921875,0.0188446044921875,4.560835289623044e-06,6.097982808600353,0.9999995742496843,0.005241392875381697,210.5184359346511,1,153,v2,nsF5,2,0.35,0.0895
23738,22062,16899,15613,0.02557373046875,0.019622802734375,6.881539399096311e-09,6.095094272617848,0.99999996454979,0.0003237077493396408,239.15794976827834,1,153,v3,nsF5,2,0.85,0.2165
23644,22151,16951,15806,0.0227813720703125,0.0174713134765625,1.8553052628951335e-06,6.100259039027669,0.9999994806396125,0.00042729531127683824,214.75794635100715,1,153,v4,matrix,3,0.5,0.0628
23306,22423,16596,15945,0.0134735107421875,0.0099334716796875,0.043606639464198266,6.100602906778774,0.9999999996206279,0.16105345734235138,155.4911330485948,1,153,v5,matrix,2,0.8,0.1999
23984,21508,17362,15640,0.03778076171875,0.026275634765625,3.8677476545337956e-26,6.023683747723072,0.9999905093447412,1.5577737422615687e-10,373.778349446079,0,154,clean,,,,
23937,21539,17382,15610,0.036590576171875,0.02703857421875,2.696048173534452e-21,6.022916937208646,0.9999973125162499,3.009879576487756e-08,339.58203686261436,1,154,v0,nsF5,3,0.25,0.0322
23918,21556,17367,15577,0.036041259765625,0.027313232421875,1.3039214054782345e-17,6.02197237018575,0.9999992088405386,4.39830525204883e-07,312.2114346693415,1,154,v1,nsF5,3,0.55,0.0705
23844,21655,17348,15688,0.0334014892578125,0.02532958984375,6.918055786977006e-20,6.021383940355033,0.999999330787615,2.583226332467452e-05,329.2752025609614,1,154,v2,nsF5,2,0.35,0.0896
23890,21620,17279,15672,0.034637451171875,0.0245208740234375,1.2411675175641516e-19,6.018398216256526,0.9999997268415747,1.4803747470124272e-05,327.3985621289392,1,154,v3,nsF5,2,0.85,0.2167
23697,21702,17188,15705,0.0304412841796875,0.0226287841796875,2.249053655900841e-16,6.023603252224047,0.9999983223213383,9.166480591606339e-07,302.68247746067004,1,154,v4,matrix,3,0.5,0.0629
23262,22079,16924,15970,0.0180511474609375,0.014556884765625,5.5974075753567e-10,6.023453816030554,0.9999956970631823,0.0003480024015010452,249.27221941027557,1,154,v5,matrix,2,0.8,0.2005
25297,18791,19155,14293,0.099273681640625,0.074188232421875,1.859085113351708e-77,5.310082538016297,0.99996627228755,2.3855032183694403e-69,685.5154363776887,0,155,clean,,,,
25201,18809,19049,14347,0.0975341796875,0.071746826171875,4.697561636483834e-67,5.3095341670227745,0.9999705748508079,4.524093895709727e-58,626.3740805153789,1,155,v0,nsF5,3,0.25,0.0320
25137,18841,18899,14318,0.0960693359375,0.0699005126953125,9.970359357279979e-57,5.309086730105848,0.9999796977678027,9.917806380026831e-48,566.2580879248201,1,155,v1,nsF5,3,0.55,0.0702
24911,18992,19017,14359,0.0903167724609375,0.071075439453125,1.38942149632835e-46,5.3082289938180125,0.999992931433732,2.9049271352138747e-39,505.39834073368354,1,155,v2,nsF5,2,0.35,0.0884
24711,19200,18775,14300,0.0840911865234375,0.0682830810546875,3.128123078751939e-25,5.306524199025331,0.9999953817305989,6.772583497263796e-18,367.49552817226044,1,155,v3,nsF5,2,0.85,0.2151
24620,19138,18585,14575,0.083648681640625,0.061187744140625,3.261330314909775e-56,5.310359462502061,0.9999814150740076,8.092772429966916e-46,563.2180084942894,1,155,v4,matrix,3,0.5,0.0631
23307,20282,17777,15102,0.0461578369140625,0.0408172607421875,3.470525256874204e-18,5.3113210431349,0.9999945824656205,2.028538745140107e-15,316.5765919754548,1,155,v5,matrix,2,0.8,0.1997
24107,19699,18150,14947,0.0672607421875,0.0488739013671875,7.631901005583721e-25,5.793845051190277,0.9999904492456225,6.155221722761896e-11,364.79838286076324,0,156,clean,,,,
24139,19710,18121,14943,0.0675811767578125,0.048492431640625,1.753530755574349e-23,5.793398957143549,0.9999925465805806,6.930138181457378e-10,355.237080597113,1,156,v0,nsF5,3,0.25,0.0317
24176,19652,18093,14913,0.06903076171875,0.04852294921875,4.20727225700741e-19,5.792790463687409,0.9999975821236322,3.6417543882385415e-08,323.458090776817,1,156,v1,nsF5,3,0.55,0.0697
24097,19641,17996,14943,0.0679931640625,0.0465850830078125,1.9828595748238846e-18,5.7924813295860895,0.9999993622755039,6.670070336901324e-08,318.41114030365816,1,156,v2,nsF5,2,0.35,0.0888
24109,19676,17810,15022,0.0676422119140625,0.04254150390625,9.196459501020374e-15,5.791070345115981,0.9999996809480893,4.148785375464432e-05,289.9484468098056,1,156,v3,nsF5,2,0.85,0.2147
23817,19869,17847,15099,0.06024169921875,0.04193115234375,4.994341772475338e-16,5.7938785899082506,0.9999968699149397,1.1168435821962533e-07,299.97672746979663,1,156,v4,matrix,3,0.5,0.0626
23103,20388,17136,15555,0.0414276123046875,0.0241241455078125,2.6061860163767776e-07,5.7944051869882784,0.9999999999894619,0.003326650334805656,223.66323589844205,1,156,v5,matrix,2,0.8,0.2000
23984,20922,17374,15454,0.046722412109375,0.029296875,3.777435046492727e-62,6.07855322286683,0.9999986493929577,1.9961984093929933e-54,598.0166174442197,0,157,clean,,,,
23960,20926,17398,15472,0.046295166015625,0.029388427734375,6.597536911046863e-55,6.078028530820574,0.9999988454335738,2.0073608681629042e-48,555.4829825313645,1,157,v0,nsF5,3,0.25,0.0317
23977,20911,17444,15510,0.046783447265625,0.029510498046875,4.7191781522977234e-45,6.077244090914109,0.9999995657348879,3.7809682265372105e-39,496.0181787303409,1,157,v1,nsF5,3,0.55,0.0697
23913,20970,17368,15474,0.0449066162109375,0.028900146484375,1.2159308187840364e-40,6.077171971496013,0.9999881146206675,3.916339993946878e-33,468.64889602077915,1,157,v2,nsF5,2,0.35,0.0889
23931,20951,17326,15483,0.04547119140625,0.0281219482421875,4.904722462292299e-22,6.075035840302542,0.9999938166905636,2.1886888969310258e-13,344.92397574745803,1,157,v3,nsF5,2,0.85,0.2150
23752,21084,17296,15633,0.04071044921875,0.0253753662109375,2.1849392314114696e-47,6.0785000065320896,0.9999999540959825,3.02634198271975e-41,510.2978538303529,1,157,v4,matrix,3,0.5,0.0627
23313,21503,16861,15861,0.027618408203125,0.0152587890625,8.305391632856192e-18,6.078665811851599,0.9999936050319637,5.625814510340889e-15,313.7032882457195,1,157,v5,matrix,2,0.8,0.2003
30202,8262,26994,9680,0.33477783203125,0.264190673828125,0.0,3.6872478615959414,0.9984786873479186,0.0,2349.57241499951,0,158,clean,,,,
29780,8392,26545,9815,0.32635498046875,0.255279541015625,0.0,3.693989246286862,0.9988394104593672,0.0,2321.3701579329177,1,158,v0,nsF5,3,0.25,0.0316
29329,8645,26020,9985,0.31561279296875,0.2446746826171875,0.0,3.70117392284805,0.9992276967572606,0.0,2225.9652220044773,1,158,v1,nsF5,3,0.55,0.0695
29178,8744,25887,10054,0.311798095703125,0.2415924072265625,0.0,3.704269903791771,0.9993628707308908,0.0,2372.0006947250486,1,158,v2,nsF5,2,0.35,0.0885
28380,9262,24794,10570,0.291717529296875,0.217041015625,0.0,3.718089188967084,0.999868830417466,1.84e-320,2152.5619261932757,1,158,v3,nsF5,2,0.85,0.2150
27683,9287,24635,10551,0.28070068359375,0.21490478515625,8.229955719352392e-287,3.701616156645842,0.9991506034009108,1.463978918166618e-249,1767.7851800569192,1,158,v4,matrix,3,0.5,0.0625
23556,11735,21110,12683,0.1803741455078125,0.1285858154296875,1.0243034255065773e-107,3.729225377875219,0.99981657022758,2.4455520617296332e-98,851.947232239562,1,158,v5,matrix,2,0.8,0.2002
26531,15298,21405,12984,0.1714019775390625,0.1284942626953125,9.354188185837013e-107,5.5186960181926095,0.9997601135450933,1.0157194445694001e-108,846.7626884285633,0,159,clean,,,,
26381,15350,21238,12993,0.1683197021484375,0.1258087158203125,5.471531935045101e-108,5.520853522065331,0.9998014992284545,1.3083618886645565e-107,853.4160453800718,1,159,v0,nsF5,3,0.25,0.0319
26137,15502,21049,13070,0.1622772216796875,0.1217498779296875,3.8674157801917435e-91,5.522673450701579,0.9998728151998859,1.1557362758776202e-92,761.6423338965747,1,159,v1,nsF5,3,0.55,0.0699
26158,15462,20991,13144,0.1632080078125,0.1197357177734375,4.415529684264472e-86,5.523265992523496,0.9998907338782073,1.5957752984447173e-93,733.6930040755867,1,159,v2,nsF5,2,0.35,0.0887
25641,15746,20471,13327,0.1509857177734375,0.1090087890625,4.3908073326208474e-69,5.526375523877531,0.9999897756358704,4.3091056919208707e-75,638.0115782509013,1,159,v3,nsF5,2,0.85,0.2146
25294,15883,20420,13406,0.1436004638671875,0.107025146484375,3.0417973655002915e-77,5.523434522984792,0.9998511697171295,6.970406646836288e-77,684.3118203766362,1,159,v4,matrix,3,0.5,0.0630
23031,17256,18615,14466,0.0881195068359375,0.0633087158203125,1.2238811938178164e-22,5.532585226038191,0.9999858687246803,4.560136517479044e-24,349.2417214802,1,159,v5,matrix,2,0.8,0.2002
28048,7923,24812,10264,0.3070831298828125,0.22198486328125,4.525640146219615e-118,3.4935009351898634,0.9999402569202376,2.426225347133373e-65,907.5091812958684,0,160,clean,,,,
27864,8075,24547,10345,0.3019561767578125,0.216705322265625,1.0378145827133287e-118,3.4982301104310007,0.9999537916126091,8.271574992445581e-62,910.9225494692148,1,160,v0,nsF5,3,0.25,0.0318
27643,8245,24384,10425,0.295989990234375,0.2129974365234375,2.227558144101481e-110,3.5034392199336617,0.9999728195507696,5.028379379515085e-56,866.2902317029725,1,160,v1,nsF5,3,0.55,0.0695
27582,8369,24323,10530,0.2931671142578125,0.2104644775390625,5.889307869550941e-115,3.5046935208105765,0.9999828420304981,8.989535783192224e-60,890.8580311527069,1,160,v2,nsF5,2,0.35,0.0881
27157,8818,23814,10828,0.2798309326171875,0.198150634765625,4.430798327176003e-111,3.5160385345397276,0.9999949682457658,1.477052538227511e-56,870.0616054684816,1,160,v3,nsF5,2,0.85,0.2136
26195,8955,23326,11018,0.2630615234375,0.18780517578125,4.057607986521355e-83,3.5030669026143775,0.9999702570275351,8.671800476169427e-45,717.2168951315621,1,160,v4,matrix,3,0.5,0.0629
22688,11433,20538,12877,0.1717376708984375,0.1168975830078125,7.101487042961121e-37,3.523729196946244,0.9999957908209515,8.717896613882413e-21,444.8193020651186,1,160,v5,matrix,2,0.8,0.2003
28817,13267,23338,11575,0.237274169921875,0.1794891357421875,1.287591615268713e-115,4.260665397642678,0.9998436308522769,2.876471708475774e-103,894.3924234067694,0,161,clean,,,,
28618,13298,23192,11647,0.2337646484375,0.1761627197265625,1.5797212753292116e-108,4.263719428918443,0.9998672641793317,1.2656655578871893e-96,856.3248340951978,1,161,v0,nsF5,3,0.25,0.0315
28424,13449,23047,11817,0.2285003662109375,0.171356201171875,2.5939048379794186e-107,4.267177710278395,0.9999058491817532,2.294385453305458e-92,849.7699372314008,1,161,v1,nsF5,3,0.55,0.0687
28263,13504,22850,11695,0.2252044677734375,0.1702117919921875,2.3164935726983837e-106,4.26858398544493,0.9999332900233545,3.0680735133993266e-102,844.6355132660931,1,161,v2,nsF5,2,0.35,0.0878
27785,13864,22419,11952,0.2124176025390625,0.1597137451171875,2.2119122518475203e-89,4.2752813299963925,0.9999820532569352,7.634101599176944e-86,751.9542879246617,1,161,v3,nsF5,2,0.85,0.2128
27250,14065,22090,12282,0.2011871337890625,0.149658203125,1.1127529223709343e-82,4.267394593419758,0.9998960297407674,1.1624670908166355e-70,714.7742222321807,1,161,v4,matrix,3,0.5,0.0623
24315,15791,19672,13595,0.13006591796875,0.0927276611328125,1.2504561431819566e-32,4.280176827905324,0.9999775676043701,5.29357912460975e-32,417.35052246387613,1,161,v5,matrix,2,0.8,0.1999
29984,16712,24298,12927,0.2025146484375,0.1735076904296875,0.0,4.944312976346032,0.987211827011817,0.0,21695.199781725616,0,162,clean,,,,
28983,16834,23299,12945,0.1853790283203125,0.157989501953125,0.0,4.953746707284939,0.9903001127282068,0.0,18798.33607793434,1,162,v0,nsF5,3,0.25,0.0317
28033,16928,22380,13057,0.1694488525390625,0.1422576904296875,0.0,4.961573955155194,0.9932178719160145,0.0,15689.008204629736,1,162,v1,nsF5,3,0.55,0.0698
27743,16911,22111,13178,0.165283203125,0.1363067626953125,0.0,4.963951016015122,0.9942787611608827,0.0,14665.3199569265,1,162,v2,nsF5,2,0.35,0.0886
25521,17666,19994,13839,0.1198577880859375,0.0939178466796875,0.0,4.971906788580034,0.9988579227903394,0.0,6713.033368345829,1,162,v3,nsF5,2,0.85,0.2152
27719,17157,22128,13229,0.161163330078125,0.1357879638671875,0.0,4.960680075445649,0.9925835418341828,0.0,16635.639794992276,1,162,v4,matrix,3,0.5,0.0626
24281,18548,19104,14455,0.0874786376953125,0.0709381103515625,0.0,4.97491871446552,0.9985217042875592,0.0,7845.730472940131,1,162,v5,matrix,2,0.8,0.1999
29228,16468,23903,12683,0.1947021484375,0.17120361328125,1.1763939480782161e-70,4.894319785171719,0.9945988956055891,2.395828089411627e-62,646.9912142970959,0,163,clean,,,,
28913,16503,23529,12718,0.189361572265625,0.1649627685546875,2.6596534749653273e-68,4.8987328135786194,0.9958538078337926,1.0171945131764913e-58,633.5316494050794,1,163,v0,nsF5,3,0.25,0.0317
28579,16567,22960,12758,0.18328857421875,0.155670166015625,1.4931313678667705e-59,4.902358753263686,0.9971461314691437,4.0551945571588604e-50,582.8627331405769,1,163,v1,nsF5,3,0.55,0.0697
28274,16635,22819,12816,0.1775970458984375,0.1526336669921875,3.701218688689858e-52,4.904042668105816,0.9974713122688472,6.528579494740803e-42,539.0986253964471,1,163,v2,nsF5,2,0.35,0.0883
27295,17023,21834,13141,0.15673828125,0.1326446533203125,6.498527626585459e-39,4.907803820521839,0.9993227543803103,2.583117677065852e-29,457.77385798612323,1,163,v3,nsF5,2,0.85,0.2149
27447,16927,22012,13039,0.1605224609375,0.1369171142578125,5.644650661402298e-57,4.902699984446664,0.9968743440528651,1.789171725219922e-49,567.715850671764,1,163,v4,matrix,3,0.5,0.0627
24281,18375,19242,14314,0.090118408203125,0.0751953125,6.120012174170054e-18,4.911523164271878,0.999202223220847,1.226635830444182e-13,314.71061598443816,1,163,v5,matrix,2,0.8,0.2001
29343,16486,23660,12519,0.1961822509765625,0.1699981689453125,0.0,4.891199340654982,0.9941545843923443,0.0,3165.6878661594565,0,164,clean,,,,
28888,16588,23230,12630,0.18768310546875,0.1617431640625,0.0,4.895444328524751,0.9955806591641354,0.0,2862.68033867203,1,164,v0,nsF5,3,0.25,0.0316
28487,16671,22721,12706,0.1802978515625,0.1528167724609375,0.0,4.8990875418856215,0.996979546686551,0.0,2492.696398043624,1,164,v1,nsF5,3,0.55,0.0692
28309,16662,22631,12608,0.1777191162109375,0.1529388427734375,0.0,4.900844229522269,0.9973579864934705,0.0,2370.493461119475,1,164,v2,nsF5,2,0.35,0.0883
27323,16992,21600,13037,0.1576385498046875,0.1306610107421875,5.760860396974115e-239,4.904249339702801,0.999340216284562,1.0569331655695563e-225,1529.3648283026764,1,164,v3,nsF5,2,0.85,0.2143
27393,17003,21806,12981,0.158538818359375,0.1346588134765625,0.0,4.899498080959421,0.9966690362837439,0.0,2443.199303143815,1,164,v4,matrix,3,0.5,0.0625
24403,18235,19080,14160,0.0941162109375,0.0750732421875,8.086582539732835e-184,4.9079090135181165,0.9992249872301786,1.511410890054185e-178,1250.2540090713983,1,164,v5,matrix,2,0.8,0.2001
59521,711,59366,782,0.897369384765625,0.8939208984375,0.0,0.8988332958914148,0.5726363826804702,0.0,14898.555165842661,0,165,clean,,,,
56780,912,56500,969,0.85247802734375,0.8473358154296875,0.0,1.0331565399809564,0.681460915609811,0.0,14570.497148081542,1,165,v0,nsF5,3,0.25,0.0316
53864,1296,53402,1328,0.8021240234375,0.794586181640625,0.0,1.1536996555646275,0.777615584827706,0.0,14261.31528415961,1,165,v1,nsF5,3,0.55,0.0691
52481,1526,51887,1564,0.7775115966796875,0.7678680419921875,0.0,1.2038878223182863,0.8162706237521582,0.0,14194.96791500881,1,165,v2,nsF5,2,0.35,0.0879
46120,3819,44999,3728,0.6454620361328125,0.6297454833984375,0.0,1.3924885474585433,0.9586480511277786,0.0,13693.963251755787,1,165,v3,nsF5,2,0.85,0.2127
47540,1863,47179,1933,0.6969757080078125,0.690399169921875,0.0,1.1378502205146004,0.7637417806957646,0.0,11367.422086607452,1,165,v4,matrix,3,0.5,0.0628
29903,7383,29281,7436,0.3436279296875,0.3333282470703125,0.0,1.3954832913979915,0.9509026610452407,0.0,5721.680284053277,1,165,v5,matrix,2,0.8,0.2003
32658,6989,28946,8754,0.3916778564453125,0.30810546875,1.140764014981373e-184,3.476389333231378,0.9956186169459255,1.9926636240142004e-143,1254.6044594600544,0,166,clean,,,,
32179,7194,28478,8941,0.3812408447265625,0.2981109619140625,1.5182332538077503e-172,3.487176505390384,0.9966941234318032,1.8409311398878594e-136,1192.4287231648375,1,166,v0,nsF5,3,0.25,0.0323
31643,7444,27914,9055,0.3692474365234375,0.2877655029296875,3.58037883595535e-165,3.498071798985629,0.9976440529853943,3.1925212033458372e-136,1154.436949600201,1,166,v1,nsF5,3,0.55,0.0712
31516,7706,27658,9150,0.363311767578125,0.28240966796875,2.137344237408992e-180,3.5027365139512687,0.9979535780525004,2.695680192784226e-146,1232.733695526925,1,166,v2,nsF5,2,0.35,0.0904
30277,8432,26153,9569,0.3333282470703125,0.2530517578125,2.8119983899274124e-167,3.524100983565328,0.9995665601896955,3.321810435434002e-138,1165.2987817227638,1,166,v3,nsF5,2,0.85,0.2192
29591,8114,26262,9711,0.3277130126953125,0.2525482177734375,1.242442464047048e-128,3.497750529536564,0.9975019350554526,1.6693018266834523e-98,963.6280382450668,1,166,v4,matrix,3,0.5,0.0627
24265,11313,21392,12099,0.1976318359375,0.1417999267578125,1.6908628915411216e-55,3.538659904960502,0.9994709513352962,9.278018519603937e-44,558.9887148684518,1,166,v5,matrix,2,0.8,0.2006
36197,7072,32916,7529,0.4444122314453125,0.3873748779296875,4.3140188491584774e-257,3.3517977110092616,0.9854918550045431,4.082290346835643e-180,1620.0250566870645,0,167,clean,,,,
35491,7305,32083,7707,0.430084228515625,0.3719482421875,4.784373479440988e-239,3.3694465081186515,0.988830673012633,3.1952106259517014e-164,1529.7692992591105,1,167,v0,nsF5,3,0.25,0.0321
34638,7597,31125,7935,0.4126129150390625,0.353851318359375,8.713639720516329e-212,3.387103445356392,0.9922588391160133,4.671639233381926e-141,1392.495790365063,1,167,v1,nsF5,3,0.55,0.0704
34238,7721,30682,7968,0.4046173095703125,0.346588134765625,6.593144020601462e-179,3.3947303100615387,0.9932996220958923,3.990312881045381e-124,1225.1005851840278,1,167,v2,nsF5,2,0.35,0.0896
32567,8648,28552,8653,0.3649749755859375,0.3036346435546875,4.653411226373124e-129,3.4286316578515015,0.9984144269374469,8.083313938991073e-91,965.8837363226061,1,167,v3,nsF5,2,0.85,0.2176
32110,8279,28968,8632,0.3636322021484375,0.310302734375,8.47065414937745e-189,3.3870264616933654,0.9916432980192855,2.351583771690488e-126,1275.7013147259036,1,167,v4,matrix,3,0.5,0.0626
25621,11498,22654,11369,0.2154998779296875,0.1721954345703125,1.0632444723982842e-63,3.4443495172873577,0.9980554392200889,1.211941317062797e-44,607.0167105079906,1,167,v5,matrix,2,0.8,0.2004
38347,5897,35771,6538,0.495147705078125,0.4460601806640625,0.0,3.2637286108322985,0.9826726842424953,2.4004530851237953e-280,2068.5576091676644,0,168,clean,,,,
37421,6122,34684,6734,0.4775848388671875,0.426483154296875,0.0,3.2830117596198605,0.986449949768899,9.90425728788276e-279,2036.6805859923873,1,168,v0,nsF5,3,0.25,0.0317
36451,6480,33571,7029,0.4573211669921875,0.404998779296875,2.04963e-319,3.3027685368976196,0.9904075991791629,1.9196038947123045e-263,1928.8155641758422,1,168,v1,nsF5,3,0.55,0.0696
36034,6534,32954,7080,0.45013427734375,0.394805908203125,1.8224653413733278e-300,3.310584628173466,0.992216395492007,8.917822847096254e-258,1835.350495330742,1,168,v2,nsF5,2,0.35,0.0882
33656,7632,30174,8028,0.3970947265625,0.337921142578125,2.141295407480416e-267,3.3483155275634475,0.9982543380140312,2.0521630730630997e-239,1671.373041824138,1,168,v3,nsF5,2,0.85,0.2140
33682,7201,31119,7759,0.4040679931640625,0.3564453125,5.009236538593644e-252,3.3007691459987454,0.9896551247366017,1.246771946598427e-203,1594.736377545306,1,168,v4,matrix,3,0.5,0.0629
25650,10683,23519,10943,0.2283782958984375,0.19189453125,1.310469938513933e-89,3.3597178555960783,0.9978506192805656,1.3959065865618062e-73,753.2089681083752,1,168,v5,matrix,2,0.8,0.2005
40017,5308,37469,6159,0.5296173095703125,0.477752685546875,0.0,2.8357405492051764,0.9660327166922458,1.6502457648041747e-295,3084.9364677350777,0,169,clean,,,,
39037,5513,36299,6321,0.51153564453125,0.457427978515625,0.0,2.8651247533555098,0.9738068174119233,2.4496572627950986e-282,2953.6459580267365,1,169,v0,nsF5,3,0.25,0.0320
37859,5781,34969,6515,0.489471435546875,0.434173583984375,0.0,2.894558152450822,0.9812693252829803,5.6591614176798055e-261,2833.4439786962594,1,169,v1,nsF5,3,0.55,0.0702
37322,6036,34320,6783,0.477386474609375,0.4201812744140625,0.0,2.9055735272693366,0.9843197462053517,6.558113011577349e-243,2734.6768139429137,1,169,v2,nsF5,2,0.35,0.0883
34786,7280,31238,7654,0.419708251953125,0.35986328125,0.0,2.9597956220173733,0.9963664558600365,3.9950582838187007e-193,2367.6661228118924,1,169,v3,nsF5,2,0.85,0.2144
34854,6510,32257,7277,0.4324951171875,0.38116455078125,0.0,2.8903832450190112,0.9799672784799554,1.343810535094286e-219,2427.500805410904,1,169,v4,matrix,3,0.5,0.0631
26372,10275,23924,10641,0.2456207275390625,0.2026824951171875,2.639919271231854e-169,2.9732754342862546,0.99555468470421,2.1040339607088684e-91,1175.7493070967112,1,169,v5,matrix,2,0.8,0.1996
35676,6286,33225,7630,0.448455810546875,0.3905487060546875,0.0,3.5241145707068404,0.9875953221337663,1e-323,2055.0656004549296,0,170,clean,,,,
34847,6497,32290,7811,0.432586669921875,0.3735198974609375,0.0,3.540113999205093,0.9904088751484523,3.2679240560197393e-306,1965.7806733868554,1,170,v0,nsF5,3,0.25,0.0314
33984,6862,31365,8015,0.413848876953125,0.356292724609375,9.791171817035253e-309,3.5557292352843883,0.993108637196332,1.2046867291273352e-289,1876.1816768208732,1,170,v1,nsF5,3,0.55,0.0690
33605,6916,30710,8110,0.4072418212890625,0.3448486328125,1.0250907558061704e-284,3.563445835083744,0.9945898089443156,1.1319712534890608e-265,1757.4000695144882,1,170,v2,nsF5,2,0.35,0.0881
31699,7871,28524,8935,0.36358642578125,0.2989044189453125,9.165189083123335e-232,3.5941802593621333,0.9988077770686566,4.2225061908570167e-215,1493.214086239438,1,170,v3,nsF5,2,0.85,0.2142
31567,7507,29144,8717,0.36712646484375,0.3116912841796875,4.384787941441241e-259,3.5550854201489233,0.9926802017124541,8.226177070889383e-242,1629.9665741013023,1,170,v4,matrix,3,0.5,0.0624
24609,10653,22759,11500,0.21295166015625,0.1717987060546875,5.33262309280627e-94,3.6052089225684987,0.9984847620692895,1.6046087097452248e-87,777.3609252659754,1,170,v5,matrix,2,0.8,0.2003
24674,15961,19777,13651,0.1329498291015625,0.093475341796875,2.04145349568181e-48,5.105959152813454,0.9999870627002678,3.549981204977557e-25,516.5543866735131,0,171,clean,,,,
24623,15983,19687,13635,0.1318359375,0.09234619140625,1.698978633717616e-43,5.106185898044926,0.99999042917043,8.224420059108533e-21,486.42226603356556,1,171,v0,nsF5,3,0.25,0.0317
24574,16007,19633,13640,0.1307220458984375,0.0914459228515625,1.0364604457461009e-43,5.106314070461801,0.9999927926674119,8.94116827889645e-19,487.74943213007316,1,171,v1,nsF5,3,0.55,0.0694
24564,16081,19634,13645,0.1294403076171875,0.0913848876953125,7.216008132971712e-34,5.106138802719088,0.9999923862004916,3.2287809152657195e-16,425.43868223216924,1,171,v2,nsF5,2,0.35,0.0884
24481,16135,19402,13852,0.127349853515625,0.084686279296875,2.0823728024087433e-24,5.105749085815809,0.9999968813909605,1.0510320756875988e-10,361.7508022618128,1,171,v3,nsF5,2,0.85,0.2143
23942,16421,19149,13942,0.1147613525390625,0.0794525146484375,7.158822666029188e-36,5.107212048937666,0.9999918392704716,4.977473205577012e-17,438.38923011414863,1,171,v4,matrix,3,0.5,0.0626
22466,17497,18188,14784,0.0758209228515625,0.05194091796875,4.051180678365821e-09,5.1097286616645174,0.9999966715979088,3.3440517984403323e-06,241.32874814918853,1,171,v5,matrix,2,0.8,0.2001
35304,4439,32671,7305,0.4709625244140625,0.387054443359375,3.02866857562072e-125,2.9453480459374117,0.9906686450396058,1.6258166016429098e-132,945.6868354544175,0,172,clean,,,,
34538,4668,31895,7463,0.455780029296875,0.372802734375,1.5206226424686144e-127,2.9584318654682047,0.99300342595668,7.712036776623542e-137,957.8716180157954,1,172,v0,nsF5,3,0.25,0.0316
33822,4985,31063,7685,0.4400177001953125,0.356719970703125,5.92335709581956e-122,2.9713699119299952,0.9950489497084996,6.914555971625985e-131,928.202828309911,1,172,v1,nsF5,3,0.55,0.0691
33371,5201,30481,7810,0.429840087890625,0.3459320068359375,3.146944262024312e-124,2.976255400498929,0.9959292380403799,4.962854779435327e-126,940.2916084709212,1,172,v2,nsF5,2,0.35,0.0880
31548,6284,28410,8611,0.385498046875,0.3021087646484375,6.038650341776252e-109,3.0016704656535507,0.9991022359418404,1.1472239340775104e-109,858.5753297654347,1,172,v3,nsF5,2,0.85,0.2130
31218,5736,28849,8389,0.388824462890625,0.31219482421875,2.4037454960375945e-93,2.9702864162569735,0.9947620862645215,5.349347001244954e-99,773.772850507487,1,172,v4,matrix,3,0.5,0.0627
24432,9334,22588,11345,0.230377197265625,0.1715545654296875,9.752835742816454e-31,3.0130670129424684,0.998941287901638,2.4227042597547956e-31,404.86743427020383,1,172,v5,matrix,2,0.8,0.1999
24928,3711,24819,10770,0.3237457275390625,0.2143707275390625,7.617622147343746e-37,3.3244928030535092,0.9996459577410637,3.98609603014749e-32,444.6245898801391,0,173,clean,,,,
24634,3911,24605,10880,0.3162078857421875,0.2094268798828125,1.571508428581132e-26,3.3277497550646236,0.9997185274312257,1.8057059264071866e-24,376.4693123463604,1,173,v0,nsF5,3,0.25,0.0320
24300,4116,24247,10956,0.3079833984375,0.2028045654296875,4.944866894543818e-23,3.3307402864689335,0.9998299472933483,1.077340985372671e-20,352.04493763557167,1,173,v1,nsF5,3,0.55,0.0699
24279,4289,24174,10952,0.305023193359375,0.201751708984375,8.883017219200906e-26,3.3326166427082433,0.9998083907634019,3.8509507399841294e-21,371.285581805205,1,173,v2,nsF5,2,0.35,0.0882
23644,4918,23442,11142,0.285736083984375,0.18768310546875,4.9068463081238723e-23,3.3391180262808744,0.9999689324841319,1.3837144883443142e-18,352.0687608873032,1,173,v3,nsF5,2,0.85,0.2148
22708,4715,23163,11492,0.2745513916015625,0.1780853271484375,1.7626279156202567e-18,3.33179383700169,0.9998133021110909,2.1875499020354968e-17,318.7961528856366,1,173,v4,matrix,3,0.5,0.0628
18784,7267,20229,13114,0.1757354736328125,0.1085662841796875,1.2451029909496503e-09,3.348087172405783,0.9999511509882073,2.974338813070698e-08,246.0936879342597,1,173,v5,matrix,2,0.8,0.1998
30580,16231,25372,11879,0.2189483642578125,0.2058868408203125,2.623180397582037e-142,5.0954358658591605,0.9891758045794459,1.3337182858750144e-142,1035.5876758272434,0,174,clean,,,,
30085,16262,24814,11991,0.2109222412109375,0.1956634521484375,8.387709818223551e-133,5.103798933169874,0.9919493555460903,1.214381535067808e-133,985.6527396207592,1,174,v0,nsF5,3,0.25,0.0321
29666,16338,24320,12106,0.203369140625,0.186370849609375,7.173430686430138e-122,5.110954144916505,0.9943013735283217,2.3378224996862617e-125,927.7604220433061,1,174,v1,nsF5,3,0.55,0.0703
29476,16397,24095,12172,0.1995697021484375,0.1819305419921875,1.3265116823924264e-123,5.112860377594849,0.9951758003223319,6.928147511116393e-124,936.9733796672698,1,174,v2,nsF5,2,0.35,0.0889
28442,16795,22868,12525,0.1777191162109375,0.1578216552734375,1.3376787313195303e-108,5.120813113963749,0.9990192557570512,1.8743557444837163e-101,856.7141166488934,1,174,v3,nsF5,2,0.85,0.2158
28266,16744,23125,12428,0.175811767578125,0.1632232666015625,3.7991881698755434e-94,5.110669728761549,0.9936760916946357,7.835570128722815e-98,778.1684204125329,1,174,v4,matrix,3,0.5,0.0628
24745,18284,19790,13831,0.0985870361328125,0.0909271240234375,3.164043267940342e-42,5.126245825989661,0.998652539540545,9.113201456034492e-40,478.54343637418486,1,174,v5,matrix,2,0.8,0.1999
23441,21658,17073,15687,0.0272064208984375,0.021148681640625,4.4238051113774755e-31,6.191844186268318,0.9999963812513736,1.2264629479942717e-16,407.1448134888014,0,175,clean,,,,
23436,21671,17097,15668,0.0269317626953125,0.0218048095703125,9.213268941992976e-26,6.19113661913798,0.9999929141617095,8.828752776390837e-16,371.17595412068187,1,175,v0,nsF5,3,0.25,0.0320
23381,21681,17134,15667,0.02593994140625,0.0223846435546875,1.5178155101693056e-24,6.1903925471625385,0.9999941196305215,1.376609838126309e-14,362.7123644667069,1,175,v1,nsF5,3,0.55,0.0702
23379,21708,17037,15599,0.0254974365234375,0.021942138671875,3.782734089362108e-18,6.1898926484472385,0.9999999238621375,1.0915339591051025e-11,316.2936831926984,1,175,v2,nsF5,2,0.35,0.0894
23314,21756,17194,15723,0.023773193359375,0.0224456787109375,1.049317625055715e-15,6.187224260711537,0.999999999905157,1.832976285507476e-08,297.4436162935204,1,175,v3,nsF5,2,0.85,0.2166
23239,21842,17058,15793,0.0213165283203125,0.0193023681640625,1.9835265532141502e-20,6.191903004258968,0.9999944149619002,1.5462346894806093e-12,333.26509887450146,1,175,v4,matrix,3,0.5,0.0627
22838,22241,16895,16029,0.0091094970703125,0.013214111328125,3.653182030920079e-06,6.191939313677463,0.9999999202370268,1.6575762137533838e-05,211.57465496520473,1,175,v5,matrix,2,0.8,0.2001
23908,21610,17096,15604,0.035064697265625,0.02276611328125,8.805539618018374e-30,6.007203903423959,0.9999997165669139,4.021276902907056e-24,398.49873470030894,0,176,clean,,,,
23876,21624,17088,15642,0.03436279296875,0.022064208984375,2.1902238098704846e-24,6.0066115059638605,0.9999997369265492,2.388741113544981e-19,361.59714080312784,1,176,v0,nsF5,3,0.25,0.0321
23894,21676,17147,15571,0.033843994140625,0.0240478515625,3.67508647990619e-20,6.005837904508385,0.9999997335859673,5.122302464240119e-15,331.2990062125895,1,176,v1,nsF5,3,0.55,0.0702
23924,21599,17164,15715,0.0354766845703125,0.0221099853515625,2.8875747227786064e-18,6.005210776491041,0.9999997435444847,7.820646724441283e-16,317.1799961117688,1,176,v2,nsF5,2,0.35,0.0887
23914,21661,17246,15572,0.0343780517578125,0.025543212890625,3.2777739643690076e-18,6.002896723197953,0.9999982629390288,1.8028649682662438e-13,316.764170599791,1,176,v3,nsF5,2,0.85,0.2156
23673,21824,17042,15697,0.0282135009765625,0.0205230712890625,1.661132431117837e-19,6.007334971435753,0.9999999953526926,1.7669690758726527e-15,326.4604174991076,1,176,v4,matrix,3,0.5,0.0627
23411,22156,16804,15827,0.0191497802734375,0.0149078369140625,3.5682786458790656e-09,6.007583779122931,0.9999990953134108,3.404556161587315e-09,241.84585052844164,1,176,v5,matrix,2,0.8,0.2002
23998,21486,17353,15309,0.038330078125,0.03118896484375,8.971288012662764e-25,6.097298885777382,0.999997500685008,3.498555033410041e-15,364.3083377357025,0,177,clean,,,,
23958,21522,17409,15301,0.03717041015625,0.03216552734375,3.062027441374923e-19,6.096624915638155,0.9999969724403798,2.2851741126037895e-11,324.4864952147718,1,177,v0,nsF5,3,0.25,0.0321
23969,21523,17442,15236,0.037322998046875,0.033660888671875,5.146350263504801e-20,6.095829217185681,0.9999986794055199,3.707541129562952e-11,330.2226464271854,1,177,v1,nsF5,3,0.55,0.0702
23918,21602,17434,15339,0.03533935546875,0.0319671630859375,9.067559561067539e-24,6.09537654954941,0.9999999669524797,9.471195931992512e-12,357.2598856839555,1,177,v2,nsF5,2,0.35,0.0891
23900,21634,17424,15385,0.034576416015625,0.0311126708984375,8.220366330593381e-25,6.092377706197014,0.9999999468773753,8.038517288382632e-10,364.57330877208403,1,177,v3,nsF5,2,0.85,0.2167
23770,21697,17260,15335,0.0316314697265625,0.0293731689453125,2.0559007920098096e-17,6.09751347523873,0.999998005924787,1.296371616083303e-10,310.70073895574524,1,177,v4,matrix,3,0.5,0.0626
23301,22139,17015,15832,0.017730712890625,0.0180511474609375,2.188357187355017e-08,6.097353081359274,0.999999998219059,0.0012198060498342573,234.34586204515332,1,177,v5,matrix,2,0.8,0.2003
23997,21820,17059,15753,0.0332183837890625,0.019927978515625,8.670764383856479e-57,5.828480321684516,0.99999633168001,1.894254543761679e-24,564.6821381080526,0,178,clean,,,,
23910,21876,17077,15687,0.031036376953125,0.021209716796875,1.4612558703717781e-47,5.827614309490792,0.9999937843595427,2.3308012854286104e-18,509.50208661545753,1,178,v0,nsF5,3,0.25,0.0321
23886,21883,17135,15657,0.0305633544921875,0.022552490234375,1.2187546003875464e-40,5.82670675594585,0.9999957507655084,9.688367642253945e-17,466.8456617085663,1,178,v1,nsF5,3,0.55,0.0704
24010,21767,17097,15876,0.0342254638671875,0.0186309814453125,2.447540913021229e-35,5.826350416267758,0.9999970398422391,9.829172691355427e-11,433.20872997609035,1,178,v2,nsF5,2,0.35,0.0898
24101,21618,17098,15806,0.0378875732421875,0.01971435546875,1.4528355423030706e-26,5.823561871939229,0.9999994130692195,7.696309762645377e-11,375.05785060323456,1,178,v3,nsF5,2,0.85,0.2175
23668,22096,16994,15802,0.02398681640625,0.0181884765625,2.1185586552630586e-38,5.828512381162465,0.9999956294610566,1.4733876452499512e-17,452.7501770630769,1,178,v4,matrix,3,0.5,0.0626
23588,22120,16811,16105,0.02239990234375,0.010772705078125,1.1319490855657403e-10,5.828708292940062,0.999999914641289,2.652307463380974e-06,254.12076545267027,1,178,v5,matrix,2,0.8,0.2002
30321,15034,25124,11697,0.2332611083984375,0.2048797607421875,7.911971758561566e-260,5.007964525833764,0.9903852558860983,5.639093911130555e-237,1633.6749654486698,0,179,clean,,,,
29888,15127,24660,11791,0.2252349853515625,0.1963653564453125,2.936928300258296e-246,5.014157423831117,0.9927035721362256,9.832353660063875e-224,1565.8949554606943,1,179,v0,nsF5,3,0.25,0.0315
29462,15283,24085,11883,0.2163543701171875,0.186187744140625,3.916269889869836e-235,5.020066590536825,0.9949213742190173,2.331832543233862e-211,1510.1367674143187,1,179,v1,nsF5,3,0.55,0.0693
29276,15277,23814,11813,0.2136077880859375,0.1831207275390625,9.240090934023554e-237,5.022425558387115,0.9954144244701973,8.334657066373711e-210,1518.3034864450854,1,179,v2,nsF5,2,0.35,0.0881
28361,15766,22758,12201,0.1921844482421875,0.1610870361328125,8.139934336787292e-201,5.030170834538012,0.9988934205836479,1.166774114507011e-175,1336.8893038522115,1,179,v3,nsF5,2,0.85,0.2138
28240,15694,23029,12215,0.191436767578125,0.165008544921875,5.925502071027489e-196,5.020077862358767,0.9944907982578957,1.0676094823281865e-176,1312.169399276845,1,179,v4,matrix,3,0.5,0.0625
24790,17381,19687,13652,0.1130523681640625,0.0920867919921875,2.976912230766784e-85,5.034416325341082,0.9986603964405789,4.0567662725610814e-78,729.0926557486216,1,179,v5,matrix,2,0.8,0.1997
25224,19244,18895,14657,0.09124755859375,0.064666748046875,1.3125621238500653e-137,5.82178624583303,0.9998475037584666,1.3846144313420982e-94,1010.9425658738487,0,180,clean,,,,
25177,19245,18829,14692,0.09051513671875,0.0631256103515625,4.1665982280550635e-120,5.821607874507004,0.9998835615178756,6.141047122104248e-82,918.3678844567564,1,180,v0,nsF5,3,0.25,0.0318
25089,19274,18695,14691,0.0887298583984375,0.06109619140625,4.017512346230042e-100,5.821183153877276,0.9999252108208265,6.510953459129358e-71,810.8085756410148,1,180,v1,nsF5,3,0.55,0.0700
24936,19319,18738,14547,0.0857086181640625,0.0639495849609375,3.3420039228299034e-94,5.820932726721076,0.9999170251491217,3.6876738371818533e-65,778.4737399439912,1,180,v2,nsF5,2,0.35,0.0884
24732,19460,18608,14614,0.0804443359375,0.060943603515625,8.334711423622802e-51,5.818638056620009,0.9999762891174973,2.583971330262486e-34,530.9829860617526,1,180,v3,nsF5,2,0.85,0.2147
24639,19531,18360,14931,0.07794189453125,0.0523223876953125,2.9945003640188832e-96,5.822172853886479,0.9999114948659085,3.5633956039524787e-71,789.6857604971435,1,180,v4,matrix,3,0.5,0.0630
23371,20366,17654,15238,0.0458526611328125,0.036865234375,1.4793931638828156e-37,5.822720339109885,0.9999734588743621,1.0571750427695132e-27,449.1643019731647,1,180,v5,matrix,2,0.8,0.2000
35303,5570,32135,7864,0.4536895751953125,0.3703460693359375,0.0,3.1855949467332403,0.9859549369872944,5.012035125852425e-260,3899.1877257744286,0,181,clean,,,,
34562,5817,31353,8025,0.4386138916015625,0.35595703125,0.0,3.202916708002865,0.9894412860273307,1.7265415203935885e-249,3797.237683015111,1,181,v0,nsF5,3,0.25,0.0317
33829,6115,30496,8157,0.422882080078125,0.3408660888671875,0.0,3.220375139668036,0.9925947489659745,2.6847535714025838e-238,3662.731134044245,1,181,v1,nsF5,3,0.55,0.0697
33411,6230,30114,8230,0.4147491455078125,0.33392333984375,0.0,3.2280814998012355,0.9936595227818834,1.0087393875071987e-228,3547.7935989501607,1,181,v2,nsF5,2,0.35,0.0893
31926,7142,28373,8821,0.378173828125,0.29833984375,0.0,3.261100444079847,0.9985019077150245,3.4087867218676015e-216,3327.391198848545,1,181,v3,nsF5,2,0.85,0.2162
31274,6901,28334,8891,0.3719024658203125,0.2966766357421875,0.0,3.2202180440922272,0.9920117402153583,1.4666305715368761e-190,2990.3251818883036,1,181,v4,matrix,3,0.5,0.0624
24858,9946,22546,11398,0.2275390625,0.17010498046875,5.024766117611222e-251,3.275307439205659,0.998166955670704,3.851210657987731e-81,1589.73273397679,1,181,v5,matrix,2,0.8,0.2002
30404,11818,26092,10606,0.283599853515625,0.236297607421875,1.5832005806938183e-94,4.0948249113768895,0.9962096206204347,8.434027188760713e-104,780.2523920165596,0,182,clean,,,,
29986,11965,25636,10696,0.2749786376953125,0.22796630859375,3.410432573103006e-94,4.0988178664029915,0.997160001861541,5.8619749855871164e-102,778.4254764944372,1,182,v0,nsF5,3,0.25,0.0320
29607,12065,25196,10808,0.267669677734375,0.21954345703125,3.645353743173259e-91,4.102776316200525,0.9980101992461583,8.594192157088613e-99,761.7837317023741,1,182,v1,nsF5,3,0.55,0.0697
29506,12131,24929,10892,0.2651214599609375,0.2141876220703125,2.5588059549329863e-85,4.10390155818446,0.9982972279894177,1.779207113887331e-92,729.45771416105,1,182,v2,nsF5,2,0.35,0.0879
28720,12654,23859,11301,0.245147705078125,0.191619873046875,1.314297029049654e-84,4.1096636437232625,0.9996463241795353,3.3425226512335845e-86,725.5087170462579,1,182,v3,nsF5,2,0.85,0.2143
28204,12617,24054,11315,0.2378387451171875,0.1943817138671875,7.975556323642212e-72,4.102898443524054,0.9978173565696795,6.064315149823387e-78,653.6485017926407,1,182,v4,matrix,3,0.5,0.0628
24298,14699,20369,13019,0.1464691162109375,0.112152099609375,7.500347634206456e-31,4.117071493426397,0.9995431345531236,4.016267512470226e-31,405.6245559785512,1,182,v5,matrix,2,0.8,0.1997
27418,17879,21322,13535,0.1455535888671875,0.1188201904296875,2.7404656373946994e-102,5.6711941204337295,0.9993477011931664,1.5344340785149795e-92,822.5806250673029,0,183,clean,,,,
27142,17939,21059,13595,0.1404266357421875,0.1138916015625,7.310344395229444e-92,5.671915324925726,0.9994667609434245,3.23913525518253e-83,765.6238033461934,1,183,v0,nsF5,3,0.25,0.0318
26876,18028,20836,13664,0.135009765625,0.10943603515625,4.717095194870116e-84,5.672469709490831,0.9996357443517027,2.7679219676643673e-77,722.4216930728916,1,183,v1,nsF5,3,0.55,0.0698
26819,18145,20717,13735,0.132354736328125,0.106536865234375,2.9204722833060894e-70,5.672591566486571,0.9997182005280514,9.429206814322709e-66,644.7382536185157,1,183,v2,nsF5,2,0.35,0.0888
26366,18401,20012,13952,0.1215362548828125,0.09246826171875,5.193491844201323e-61,5.672121959617776,0.9999366924078013,1.1368478180088613e-58,591.3871348156159,1,183,v3,nsF5,2,0.85,0.2150
26125,18267,20217,13909,0.119903564453125,0.09625244140625,1.492993405818882e-75,5.673773204634744,0.9996073267867123,1.3744475757202958e-68,674.7771883648402,1,183,v4,matrix,3,0.5,0.0627
24237,19403,18391,14768,0.073760986328125,0.0552825927734375,4.8806386072859254e-29,5.678063385390716,0.9999158976435025,3.8754875904056515e-26,393.5106203057378,1,183,v5,matrix,2,0.8,0.1999
24390,20233,18427,15019,0.0634307861328125,0.052001953125,7.182227408004303e-95,6.08779998930441,0.9997906518647302,1.5200375332752547e-73,782.1332961369645,0,184,clean,,,,
24311,20244,18347,15026,0.0620574951171875,0.0506744384765625,4.920556885076057e-76,6.08743006367237,0.9998397915687611,1.7549622992573748e-59,677.498341787188,1,184,v0,nsF5,3,0.25,0.0320
24237,20178,18232,15068,0.0619354248046875,0.04827880859375,6.307420435423168e-64,6.0867285255005585,0.9998959635266258,9.706498114810489e-49,608.3301464995504,1,184,v1,nsF5,3,0.55,0.0703
24081,20350,18204,14975,0.0569305419921875,0.0492706298828125,6.871179300107756e-62,6.086389542805494,0.9998625096868936,3.186067422416913e-45,596.5049965915375,1,184,v2,nsF5,2,0.35,0.0894
24023,20305,18108,15135,0.056732177734375,0.0453643798828125,6.288835125654881e-31,6.083677091001872,0.9999643993926225,2.1110321523854127e-18,406.132132407569,1,184,v3,nsF5,2,0.85,0.2163
23895,20346,17985,15238,0.0541534423828125,0.0419158935546875,1.4056831425711844e-65,6.0877712984473265,0.9998915467869284,2.449677238717429e-51,617.8761068651036,1,184,v4,matrix,3,0.5,0.0631
22915,20903,17373,15554,0.03070068359375,0.0277557373046875,8.280441779730198e-24,6.087539570420136,0.9999564874440696,8.784535778614119e-15,357.53792909440347,1,184,v5,matrix,2,0.8,0.2010
35408,5918,30297,7728,0.449981689453125,0.3443756103515625,1.8863727815966494e-147,2.79436202821055,0.9963117835009677,2.131431686236385e-141,1062.4694381425873,0,185,clean,,,,
34915,6136,29820,7973,0.4391326904296875,0.3333587646484375,2.629610660370497e-143,2.807910961006006,0.9972058774906909,6.051554185577215e-135,1040.8160813364748,1,185,v0,nsF5,3,0.25,0.0319
34401,6461,29282,8131,0.42633056640625,0.3227386474609375,1.8816423233493812e-141,2.8222689775515484,0.9981320222457445,6.734750548976991e-131,1031.1060528030007,1,185,v1,nsF5,3,0.55,0.0699
33962,6578,28750,8127,0.4178466796875,0.3146820068359375,1.2315634069812317e-131,2.82897628025279,0.9983183394947729,9.825987743636203e-131,979.4982218178247,1,185,v2,nsF5,2,0.35,0.0883
32649,7476,27372,8741,0.3841094970703125,0.2842864990234375,2.9792808682430676e-124,2.8602479342534,0.9995921277539181,1.5512512053629938e-124,940.4178483313117,1,185,v3,nsF5,2,0.85,0.2148
32085,7248,27465,8914,0.3789825439453125,0.2830657958984375,1.9970947745423387e-102,2.8224974248968784,0.9979781920910027,2.6717182002988675e-97,823.3264571667563,1,185,v4,matrix,3,0.5,0.0629
25856,10653,22319,11522,0.2319793701171875,0.1647491455078125,1.180008125243232e-27,2.8758043167848646,0.9994964752637417,3.6969837062068384e-28,384.15405651778036,1,185,v5,matrix,2,0.8,0.2002
35709,2922,34150,6853,0.5002899169921875,0.4165191650390625,0.0,2.6626349497793647,0.9799358028575373,3.880087051317222e-225,2296.519417058212,0,186,clean,,,,
34882,3145,33227,6990,0.4842681884765625,0.4003448486328125,0.0,2.6830139567075437,0.984584281513505,2.4571413737385827e-214,2199.1653486251603,1,186,v0,nsF5,3,0.25,0.0318
34120,3423,32350,7229,0.4683990478515625,0.3833160400390625,0.0,2.7032240628729665,0.9889755403224479,8.102529970328436e-200,2028.4692034337845,1,186,v1,nsF5,3,0.55,0.0695
33732,3804,31934,7530,0.4566650390625,0.37237548828125,0.0,2.711647107632958,0.9907552723631561,8.361516253804318e-217,2061.2814580135737,1,186,v2,nsF5,2,0.35,0.0883
31832,4844,29729,8262,0.41180419921875,0.3275604248046875,2.7801497885099345e-291,2.7513968418908608,0.9976936208148917,2.276207063891568e-205,1789.9307181204813,1,186,v3,nsF5,2,0.85,0.2139
31406,4183,30012,7935,0.4153900146484375,0.3368682861328125,3.886667005935316e-283,2.7016764601574894,0.9882077150185189,5.7205061495817086e-157,1749.5720043970575,1,186,v4,matrix,3,0.5,0.0629
24080,7946,23311,11151,0.246185302734375,0.185546875,1.6261857296541957e-114,2.7651935896733097,0.9972288460090915,7.433310225769426e-60,888.4956041007042,1,186,v5,matrix,2,0.8,0.2002
32837,11026,26537,9602,0.3328094482421875,0.2584075927734375,1.6979678302288994e-93,3.6206690619292674,0.9994341882184405,3.887376359328837e-42,774.6014127616374,0,187,clean,,,,
32448,11194,26181,9707,0.324310302734375,0.251373291015625,2.190443477646786e-86,3.6282228827084992,0.9995308389191819,1.3378562673408266e-41,735.3814474762395,1,187,v0,nsF5,3,0.25,0.0313
32099,11381,25750,9790,0.316131591796875,0.2435302734375,2.0589521501288947e-85,3.636548341740235,0.9996563870529729,3.2694616878163616e-40,729.9818986991852,1,187,v1,nsF5,3,0.55,0.0691
32104,11369,25775,9859,0.3163909912109375,0.24285888671875,6.698501210766028e-90,3.6406510785075796,0.9997286742737767,1.7537330673641111e-37,754.8168564131109,1,187,v2,nsF5,2,0.35,0.0879
31369,11804,24905,10117,0.2985382080078125,0.22564697265625,2.487140445348067e-76,3.65840951854251,0.9999631883641134,2.950061815985182e-34,679.1698275184266,1,187,v3,nsF5,2,0.85,0.2139
30519,12151,24471,10492,0.2802734375,0.2133026123046875,4.55461582730115e-64,3.6380861690288784,0.9996327640070377,1.8612041633229465e-28,609.1487171166983,1,187,v4,matrix,3,0.5,0.0624
26564,14593,21157,12508,0.1826629638671875,0.1319732666015625,1.6534116317825517e-21,3.6697665908051738,0.9999500099480436,2.325533155208278e-07,341.1194898734916,1,187,v5,matrix,2,0.8,0.2004
35621,9044,29599,8321,0.4055328369140625,0.324676513671875,6.107141725771102e-190,3.380265792812989,0.9965951012657945,1.940683681191789e-114,1281.5295827155046,0,188,clean,,,,
35029,9278,29102,8459,0.3929290771484375,0.3149871826171875,1.0543775582431186e-177,3.391690222008788,0.9973626607495134,1.2673850148252589e-102,1218.9259444461388,1,188,v0,nsF5,3,0.25,0.0315
34512,9518,28525,8690,0.381378173828125,0.3026580810546875,6.035278417707973e-161,3.4024072380157104,0.998260304314202,1.5108379231046528e-89,1132.5882246982474,1,188,v1,nsF5,3,0.55,0.0692
34322,9551,28325,8680,0.3779754638671875,0.2997589111328125,1.9435339162870333e-161,3.408188310952222,0.9984030250817637,8.142545709609861e-87,1135.1346205771342,1,188,v2,nsF5,2,0.35,0.0874
32880,10376,26804,9203,0.3433837890625,0.2685699462890625,8.326813077012022e-139,3.4324632330435025,0.999584883162878,1.7399268598740996e-69,1017.2313527729434,1,188,v3,nsF5,2,0.85,0.2135
32521,10306,26810,9378,0.3389739990234375,0.2659912109375,1.0152328993667087e-131,3.4021392384751636,0.9980751569791582,1.9635996864048007e-72,979.9409038264821,1,188,v4,matrix,3,0.5,0.0627
26898,13241,22140,11762,0.2083892822265625,0.158355712890625,4.713268535743041e-51,3.4454029113071107,0.9995106538371996,2.3883597241624177e-23,532.4712468753994,1,188,v5,matrix,2,0.8,0.2000
25379,8992,23700,11797,0.2500457763671875,0.1816253662109375,9.035047536479526e-171,4.204678197322428,0.9990029167446337,1.084025821587682e-130,1183.2973139288058,0,189,clean,,,,
25214,9125,23388,11841,0.2454986572265625,0.1761932373046875,2.6263392842236356e-170,4.205660026548326,0.9992698772440893,1.1804444434086641e-130,1180.9113600021365,1,189,v0,nsF5,3,0.25,0.0321
24969,9287,23048,11883,0.239288330078125,0.1703643798828125,3.929827472621312e-162,4.206719927000359,0.9994409642997384,3.047925324576416e-125,1138.725656080852,1,189,v1,nsF5,3,0.55,0.0701
24803,9332,22989,11967,0.2360687255859375,0.168182373046875,3.5044576590267094e-138,4.206876219055696,0.9995015622925361,3.5445570444792905e-114,1013.954677563194,1,189,v2,nsF5,2,0.35,0.0891
24287,9744,22454,12121,0.2219085693359375,0.1576690673828125,1.038794566030078e-117,4.207286794515422,0.9998751475464103,5.992434288412138e-95,905.582407880987,1,189,v3,nsF5,2,0.85,0.2157
23615,9864,22006,12358,0.2098236083984375,0.147216796875,1.019747784054472e-134,4.2082328386367625,0.9994191057957793,3.1950040834410724e-101,995.7424793777682,1,189,v4,matrix,3,0.5,0.0628
20403,11718,19517,13695,0.1325225830078125,0.088836669921875,2.9686638097073247e-52,4.214758071761435,0.9998517236699522,8.167747436166923e-42,539.6719599778997,1,189,v5,matrix,2,0.8,0.1998
25866,13258,21453,12447,0.1923828125,0.137420654296875,1.1865587959014041e-65,4.634662202078875,0.9999757805847199,3.0980228829993257e-47,618.3005276865581,0,190,clean,,,,
25782,13316,21372,12507,0.190216064453125,0.1352691650390625,2.929367668764281e-52,4.6354259194670595,0.9999717946008542,4.471519585121148e-40,539.7065943294904,1,190,v0,nsF5,3,0.25,0.0317
25556,13358,21199,12507,0.186126708984375,0.13262939453125,1.1294881412495991e-45,4.636340416680494,0.9999720697756107,6.192933973059551e-34,499.8297224817966,1,190,v1,nsF5,3,0.55,0.0697
25698,13467,21103,12548,0.1866302490234375,0.1305389404296875,4.116566538779538e-41,4.636860856226852,0.999991968584131,1.6521795010395133e-31,471.59352658895915,1,190,v2,nsF5,2,0.35,0.0887
25606,13552,20946,12702,0.183929443359375,0.12579345703125,3.356949416725271e-28,4.638168597899315,0.9999933228731555,4.091522321765393e-22,387.8589807424717,1,190,v3,nsF5,2,0.85,0.2151
24642,13838,20618,12924,0.16485595703125,0.117401123046875,2.8664524305708e-41,4.637259369599113,0.9999718979494656,8.926285193393967e-32,472.5761103161633,1,190,v4,matrix,3,0.5,0.0628
22716,15441,19040,14006,0.1110076904296875,0.076812744140625,7.31789748261979e-10,4.6427022919890355,0.9999882707858052,4.975277490746403e-09,248.21101312298336,1,190,v5,matrix,2,0.8,0.2005
30931,9734,25539,10012,0.3234405517578125,0.2369232177734375,0.0,3.3124254288133037,0.9997351592514163,4.233346401210902e-277,2125.3846794170786,0,191,clean,,,,
30761,9846,25280,10146,0.3191375732421875,0.230926513671875,0.0,3.3201009846554053,0.9997950440329306,1.7186134257417205e-267,2047.5698532927677,1,191,v0,nsF5,3,0.25,0.0313
30575,10030,25012,10313,0.3134918212890625,0.2242889404296875,3.506776e-317,3.328126469483273,0.9998509319925684,5.047995120631859e-246,1917.81713457282,1,191,v1,nsF5,3,0.55,0.0690
30341,10136,24915,10142,0.3083038330078125,0.2254180908203125,0.0,3.3317059033551755,0.9998793199060647,2.1885917188103443e-258,1959.9349855018472,1,191,v2,nsF5,2,0.35,0.0888
29857,10577,24254,10406,0.294189453125,0.2113037109375,9.47375340940346e-292,3.3502298685322693,0.9999678005162556,2.288988474447437e-226,1792.2451804824684,1,191,v3,nsF5,2,0.85,0.2152
28989,10794,23836,10918,0.2776336669921875,0.197113037109375,3.016500520544001e-262,3.3285449093459776,0.9998289297373308,6.586232050513457e-202,1645.731790626556,1,191,v4,matrix,3,0.5,0.0622
25118,13320,20643,12634,0.180023193359375,0.1222076416015625,2.8298685684782516e-111,3.364096880401615,0.9999614347073854,2.1933067400209582e-84,871.108171589455,1,191,v5,matrix,2,0.8,0.2004
35609,8171,31384,7694,0.418670654296875,0.361480712890625,9.977502058772202e-250,3.2977679353424123,0.9914794021449816,1.876371397945476e-197,1583.2451976277969,0,192,clean,,,,
35055,8392,30764,7889,0.4068450927734375,0.3490447998046875,9.289357953790835e-234,3.316530482613244,0.993489486122942,6.207842996647606e-186,1503.232129434241,1,192,v0,nsF5,3,0.25,0.0315
34407,8636,29984,8119,0.3932342529296875,0.3336334228515625,4.451388973526196e-214,3.3353490134880897,0.9954399292040259,1.4717919996366473e-175,1404.0837682248512,1,192,v1,nsF5,3,0.55,0.0690
34118,8748,29684,8228,0.387115478515625,0.327392578125,1.0472706778603775e-213,3.3422335716038205,0.9961642578426435,3.061422003160742e-165,1402.205598542936,1,192,v2,nsF5,2,0.35,0.0878
32524,9604,27855,8910,0.3497314453125,0.2890777587890625,4.0630624339614717e-184,3.37847896261066,0.9991267791010245,2.162503610824041e-140,1251.7830576118035,1,192,v3,nsF5,2,0.85,0.2133
32064,9451,28004,8882,0.3450469970703125,0.291778564453125,6.2638268571610344e-177,3.333108215981488,0.9950590122558288,1.6764414226641245e-143,1214.9551390249876,1,192,v4,matrix,3,0.5,0.0623
25925,12456,22380,11606,0.2055206298828125,0.164398193359375,3.276526584219606e-69,3.392152640806624,0.9989568684806709,1.1125358141361511e-50,638.7389046590738,1,192,v5,matrix,2,0.8,0.1996
36168,7083,32162,7746,0.4438018798828125,0.37255859375,3.1245933154834715e-265,3.1302101079073936,0.9848947109069789,6.50926537000513e-193,1660.5996220677946,0,193,clean,,,,
35462,7223,31349,7854,0.4308929443359375,0.3585052490234375,4.282878637562843e-255,3.150563660129532,0.9885373811579499,3.2142980757558524e-178,1610.05887943315,1,193,v0,nsF5,3,0.25,0.0315
34812,7479,30537,8059,0.4170684814453125,0.342987060546875,3.044635096648469e-241,3.17024988257177,0.9917625102880435,3.892100109686444e-170,1540.7786947886677,1,193,v1,nsF5,3,0.55,0.0693
34465,7716,30133,8192,0.4081573486328125,0.3347930908203125,2.625889765459744e-234,3.177264506371477,0.9933012200624064,3.96944991773834e-175,1505.9876185242379,1,193,v2,nsF5,2,0.35,0.0884
32696,8782,28153,8792,0.364898681640625,0.2954254150390625,7.920135581279261e-214,3.2159955848288466,0.9985222037559165,6.807784142185186e-157,1402.8189028779104,1,193,v3,nsF5,2,0.85,0.2135
32376,8242,28499,8773,0.368255615234375,0.300994873046875,1.184941448237987e-194,3.168643976366447,0.9911517079343822,8.501147320818011e-135,1305.5467861632421,1,193,v4,matrix,3,0.5,0.0626
25865,11633,22530,11584,0.2171630859375,0.167022705078125,1.165931675045135e-77,3.231765530612053,0.9981811136762089,3.8422308316725814e-57,686.655551384442,1,193,v5,matrix,2,0.8,0.1997
37165,7059,34100,7232,0.459381103515625,0.40997314453125,0.0,3.4887218199412424,0.985308136506652,1.419811775546801e-211,2203.0682755142475,0,194,clean,,,,
36432,7241,33235,7345,0.4454193115234375,0.395050048828125,0.0,3.5071271692035233,0.9883706767236462,2.760758200717526e-210,2162.3344099565184,1,194,v0,nsF5,3,0.25,0.0313
35616,7500,32174,7530,0.42901611328125,0.37603759765625,0.0,3.5260558592369144,0.991559755632346,1.2625676969392495e-204,2075.574125521047,1,194,v1,nsF5,3,0.55,0.0687
35149,7710,31646,7758,0.4186859130859375,0.364501953125,0.0,3.5351412177644055,0.9932596107068765,2.1758288345856441e-187,2033.8863007124082,1,194,v2,nsF5,2,0.35,0.0879
33347,8646,29189,8519,0.3769073486328125,0.315399169921875,7.961642890042235e-306,3.57241109483991,0.9981993542202123,4.946364006088356e-174,1861.8204647288148,1,194,v3,nsF5,2,0.85,0.2138
33087,8169,29959,8240,0.380218505859375,0.3314056396484375,1.4958588026413983e-279,3.525077710140963,0.9909626337160292,7.395110569597041e-164,1731.7853109479533,1,194,v4,matrix,3,0.5,0.0622
26033,11485,23216,11326,0.22198486328125,0.181427001953125,2.530984830019741e-120,3.584130999359409,0.997916377361767,2.4521942132699473e-63,919.5213792141031,1,194,v5,matrix,2,0.8,0.2004
34760,6863,30455,7915,0.4256744384765625,0.34393310546875,7.107149368596282e-159,3.200991440649266,0.9869561189633064,5.289872549280207e-122,1121.8640587371353,0,195,clean,,,,
34194,7120,29852,8093,0.413116455078125,0.3320159912109375,8.945216622032829e-153,3.2182891192238783,0.9901027844949646,1.383254000789443e-116,1090.2016450479641,1,195,v0,nsF5,3,0.25,0.0317
33551,7450,29229,8380,0.3982696533203125,0.3181304931640625,9.82686914200085e-143,3.236034439943875,0.9929532519838244,3.458854988992051e-111,1037.8199477531723,1,195,v1,nsF5,3,0.55,0.0697
33461,7548,29092,8414,0.3954010009765625,0.315521240234375,8.205205122509962e-154,3.242598723191806,0.9939615125546941,1.232854704844111e-114,1095.5951262949634,1,195,v2,nsF5,2,0.35,0.0883
32030,8375,27456,8985,0.3609466552734375,0.2818450927734375,3.170895956545729e-153,3.27694588637281,0.9985618875210815,8.266622018474824e-96,1092.5435290130652,1,195,v3,nsF5,2,0.85,0.2143
31304,8210,27369,9104,0.352386474609375,0.2787017822265625,6.695275533750156e-104,3.2347228801071077,0.9924935781236705,1.420782204927106e-83,831.3220174509927,1,195,v4,matrix,3,0.5,0.0629
25471,11227,22199,11660,0.21734619140625,0.1608123779296875,3.2277100934951226e-45,3.2900153768088662,0.9982565087608558,7.318259902563743e-28,497.03170223191984,1,195,v5,matrix,2,0.8,0.2002
33109,9785,29045,9356,0.35589599609375,0.3004302978515625,0.0,3.4193018204680152,0.9879271248585412,2.0925762665617148e-187,2415.380953459746,0,196,clean,,,,
32578,9958,28488,9455,0.34515380859375,0.2904205322265625,0.0,3.429407052798171,0.9908296462724853,2.6956004042721244e-188,2350.3356927456452,1,196,v0,nsF5,3,0.25,0.0316
32103,10185,27842,9669,0.334442138671875,0.2772979736328125,0.0,3.4384594324447,0.9936034419512823,9.299990010141257e-185,2270.8260210681933,1,196,v1,nsF5,3,0.55,0.0694
31683,10231,27502,9710,0.32733154296875,0.271484375,0.0,3.4430307258011053,0.9944574329928293,1.6964111675336911e-190,2316.594203043406,1,196,v2,nsF5,2,0.35,0.0878
30337,10916,25877,10245,0.2963409423828125,0.238525390625,0.0,3.459248701611309,0.9988285428123573,4.4929734628574016e-210,2240.722758152778,1,196,v3,nsF5,2,0.85,0.2139
30142,10760,26234,10272,0.295745849609375,0.243560791015625,1.4250803458066884e-299,3.4378881180879337,0.9931813786386426,4.4111456533907045e-133,1830.9366235037048,1,196,v4,matrix,3,0.5,0.0626
24910,13363,21401,12322,0.1761932373046875,0.1385345458984375,4.1163579391485755e-143,3.4685797186039173,0.9985154538052433,2.717660759651689e-57,1039.7977181028373,1,196,v5,matrix,2,0.8,0.2000
41488,5286,37591,5180,0.552398681640625,0.4945526123046875,4.16524672724415e-236,2.708015394287244,0.9646341385249886,4.379880339005974e-193,1512.3074366526678,0,197,clean,,,,
40468,5536,36443,5406,0.53302001953125,0.4735870361328125,8.144082186774805e-223,2.733318637436958,0.9730257802730224,6.735338236951272e-184,1445.5054211957497,1,197,v0,nsF5,3,0.25,0.0316
39385,5858,35220,5745,0.5115814208984375,0.4497528076171875,2.1307753850948344e-211,2.7586522940823817,0.9807051928509747,1.5009422835985662e-176,1387.8890567739832,1,197,v1,nsF5,3,0.55,0.0692
38970,6100,34607,5898,0.501556396484375,0.4380645751953125,8.382489863828455e-198,2.7697667243643007,0.983846977293813,2.4800920558998875e-171,1318.977837326939,1,197,v2,nsF5,2,0.35,0.0883
36598,7310,31694,6946,0.4468994140625,0.37762451171875,2.992437617998976e-191,2.816723578710357,0.9963476224613628,5.445727754269364e-155,1285.6318954201697,1,197,v3,nsF5,2,0.85,0.2142
36296,6688,32438,6511,0.4517822265625,0.3956146240234375,7.978845412671038e-168,2.756241252171417,0.9795065567685519,5.774145038811653e-138,1165.622159327923,1,197,v4,matrix,3,0.5,0.0626
27949,10751,24410,10276,0.262420654296875,0.215667724609375,1.2461247187278428e-64,2.8290304392946894,0.9954219073875217,2.3511930532630218e-52,610.41314907983,1,197,v5,matrix,2,0.8,0.2006
32970,10033,28542,9524,0.3499908447265625,0.290191650390625,3.749780148838172e-235,3.8590929144428667,0.9964129365137047,6.15672337994962e-60,1510.2314805256628,0,198,clean,,,,
32530,10181,28061,9573,0.3410186767578125,0.2821044921875,3.2949464682695755e-214,3.864855393165297,0.9971752201904904,5.318734266415875e-49,1404.7441022707715,1,198,v0,nsF5,3,0.25,0.0319
32074,10349,27534,9670,0.3314971923828125,0.2725830078125,8.880786612625985e-197,3.87085419549819,0.9979985898695385,1.9316517607347519e-44,1316.3635588928398,1,198,v1,nsF5,3,0.55,0.0700
31793,10464,27083,9752,0.3254547119140625,0.2644500732421875,2.5091550712168466e-167,3.8735789570590913,0.9982640957266256,1.658428096235373e-36,1165.5540021318313,1,198,v2,nsF5,2,0.35,0.0890
30764,11088,25727,10202,0.30023193359375,0.2368927001953125,2.7326512068432383e-111,3.883948055288087,0.9995413284338923,1.1119810413064169e-26,871.1897639685799,1,198,v3,nsF5,2,0.85,0.2162
30261,10980,26042,10263,0.2942047119140625,0.2407684326171875,1.5109488530046066e-185,3.8711426401576854,0.9979208236118466,4.578566182948507e-41,1259.0931924298911,1,198,v4,matrix,3,0.5,0.0624
25308,13533,21421,12378,0.1796722412109375,0.1379852294921875,9.354573234992519e-62,3.893422400645007,0.9994846033401068,3.399056378325806e-11,595.725083534145,1,198,v5,matrix,2,0.8,0.1999
26743,14318,21545,12570,0.1895904541015625,0.1369476318359375,1.3408075653145726e-40,4.529036001978605,0.9997401023623922,2.419229998809972e-13,468.382778441485,0,199,clean,,,,
26553,14407,21475,12667,0.185333251953125,0.1343994140625,2.719031058380405e-38,4.530822595738019,0.9997727153789031,7.663365701199963e-13,453.8384593426417,1,199,v0,nsF5,3,0.25,0.0318
26387,14422,21282,12618,0.1825714111328125,0.1322021484375,1.3266088441381864e-38,4.532248440998748,0.9998372337885781,3.185037653065876e-11,455.8132562361731,1,199,v1,nsF5,3,0.55,0.0697
26285,14634,21083,12786,0.1777801513671875,0.1266021728515625,3.408132859064167e-34,4.533256972105401,0.9998783908878459,2.139733528189197e-11,427.5552538941335,1,199,v2,nsF5,2,0.35,0.0886
25957,14936,20638,13068,0.1681671142578125,0.115509033203125,1.2463728162184949e-36,4.53599144291969,0.9999806231068481,1.4190020620961072e-11,443.2572438771621,1,199,v3,nsF5,2,0.85,0.2150
25487,14936,20622,13013,0.1609954833984375,0.1161041259765625,7.41297068639729e-27,4.533589309072013,0.9998179745285432,4.2350661536960977e-10,378.70721534063335,1,199,v4,matrix,3,0.5,0.0626
23217,16591,18686,14374,0.101104736328125,0.0657958984375,6.466175241291437e-07,4.542584021487115,0.9999775060611555,0.0028220509808396053,219.5949016999341,1,199,v5,matrix,2,0.8,0.1998
34349,8108,31893,8473,0.4004058837890625,0.35736083984375,0.0,3.439167790744798,0.9715725197213316,3.3930137319177827e-298,3250.0160869850083,0,200,clean,,,,
33546,8256,30995,8572,0.385894775390625,0.3421478271484375,0.0,3.4598469690226166,0.9780246523778167,7.02773228922617e-287,3079.5434020403127,1,200,v0,nsF5,3,0.25,0.0315
32746,8460,30091,8733,0.370574951171875,0.325897216796875,0.0,3.479837516923557,0.9844868718610886,3.166212901092337e-269,2864.8720889511837,1,200,v1,nsF5,3,0.55,0.0692
32396,8526,29539,8861,0.364227294921875,0.315521240234375,0.0,3.4883506340808967,0.9868650832940788,1.5032585081413206e-277,2867.162644940185,1,200,v2,nsF5,2,0.35,0.0880
30531,9325,27355,9704,0.323577880859375,0.2693328857421875,0.0,3.5248501120325146,0.9969268106668825,1.2625997479858755e-244,2380.826968700953,1,200,v3,nsF5,2,0.85,0.2134
30641,9047,28220,9251,0.329498291015625,0.2894439697265625,0.0,3.478321075184692,0.9833898374241379,6.307471928101126e-221,2506.2049099059664,1,200,v4,matrix,3,0.5,0.0624
24480,11661,22216,11758,0.1956024169921875,0.159576416015625,1.2021499332849784e-204,3.534699456115008,0.9962626656040985,2.779014694280471e-94,1356.3320256790707,1,200,v5,matrix,2,0.8,0.1994
32522,4804,31591,8498,0.422943115234375,0.3523712158203125,0.0,3.458066360673918,0.9900632086476647,0.0,5635.604583217066,0,201,clean,,,,
31819,5019,30815,8624,0.408935546875,0.3386077880859375,0.0,3.470265655035491,0.9922783011251791,0.0,5329.26667040602,1,201,v0,nsF5,3,0.25,0.0316
31034,5351,29904,8822,0.3918914794921875,0.321685791015625,0.0,3.4820372767817935,0.9944088980636346,0.0,5100.221597064812,1,201,v1,nsF5,3,0.55,0.0698
30604,5380,29469,8904,0.3848876953125,0.3137969970703125,0.0,3.486131114047199,0.9956426863993086,0.0,5031.350658309907,1,201,v2,nsF5,2,0.35,0.0891
29014,6320,27513,9501,0.346282958984375,0.27484130859375,0.0,3.507404591584147,0.9989729580008043,0.0,4125.429142681,1,201,v3,nsF5,2,0.85,0.2155
28800,5934,28045,9405,0.348907470703125,0.284423828125,0.0,3.4821111713333264,0.9940436391548346,0.0,4412.240490259241,1,201,v4,matrix,3,0.5,0.0627
22388,9070,22137,11991,0.203216552734375,0.154815673828125,0.0,3.521355404116035,0.9987133533511876,1.4579769410014647e-176,2137.1838952418148,1,201,v5,matrix,2,0.8,0.2007
37515,7198,33512,6872,0.4626007080078125,0.406494140625,2.0584412777094544e-178,2.756797571348784,0.9846506664222188,7.971183791985745e-165,1222.5650746313604,0,202,clean,,,,
36890,7437,32736,7021,0.4494171142578125,0.3923797607421875,4.197306262279451e-167,2.7781021383476125,0.9880870562165804,5.196131235801549e-155,1164.401593819427,1,202,v0,nsF5,3,0.25,0.0315
36121,7666,31852,7267,0.4341888427734375,0.3751373291015625,3.0793148501654653e-155,2.800204890893213,0.9913217933141323,5.2174103156198126e-148,1103.0007926170072,1,202,v1,nsF5,3,0.55,0.0688
35784,7787,31447,7436,0.4272003173828125,0.3663787841796875,1.0524204102436769e-138,2.8095476575287393,0.9927906004150924,1.9726617708653917e-127,1016.6974849819958,1,202,v2,nsF5,2,0.35,0.0875
34069,8579,29481,7943,0.388946533203125,0.328643798828125,1.0356544903386478e-111,2.8528166982675973,0.9982513510293402,1.665869949473512e-101,873.4538062916174,1,202,v3,nsF5,2,0.85,0.2134
33649,8499,29663,8054,0.383758544921875,0.3297271728515625,1.750972757791936e-129,2.7981190358051977,0.9908371293832138,3.21458286127986e-121,968.1280159738731,1,202,v4,matrix,3,0.5,0.0626
26799,11683,23493,11004,0.23065185546875,0.1905670166015625,4.4358638338412995e-38,2.8668646393103523,0.9978961613783166,6.637083788498361e-35,452.4897777178221,1,202,v5,matrix,2,0.8,0.2003
33211,10429,27681,9076,0.347625732421875,0.2838897705078125,4.3631338787072106e-170,3.4015446750103497,0.9968192333462488,1.2674003568767143e-174,1179.7761694265223,0,203,clean,,,,
32836,10555,27288,9198,0.3399810791015625,0.276031494140625,1.7388787225202631e-165,3.412654501235876,0.9975674296939956,8.155703690774409e-168,1156.056282238986,1,203,v0,nsF5,3,0.25,0.0315
32472,10686,26836,9370,0.332427978515625,0.266510009765625,8.866860635793545e-154,3.423937870957039,0.9982453693906943,6.02572537840695e-157,1095.4200911857142,1,203,v1,nsF5,3,0.55,0.0689
32195,10913,26542,9415,0.324737548828125,0.2613372802734375,1.0565826881099071e-163,3.4280998830519906,0.9985638575175866,4.252214025140079e-166,1146.8442290337075,1,203,v2,nsF5,2,0.35,0.0873
31272,11442,25501,9909,0.302581787109375,0.2379150390625,2.120444799323119e-139,3.4528665730267343,0.999658670169647,4.1880928121186527e-141,1020.3486919597399,1,203,v3,nsF5,2,0.85,0.2123
30627,11395,25338,9972,0.29345703125,0.234466552734375,3.597276735803018e-116,3.4233566736603733,0.9981311797864728,4.869165277125722e-121,897.3550985829883,1,203,v4,matrix,3,0.5,0.0625
25839,14138,21280,12374,0.1785430908203125,0.135894775390625,8.344468216808056e-52,3.465470772946525,0.9995660192653569,7.3415468984917095e-56,536.9837686871045,1,203,v5,matrix,2,0.8,0.1995
31181,12361,24368,10531,0.28717041015625,0.2111358642578125,4.676653196816551e-247,3.5259604053588984,0.9994953088866672,3.863765861872838e-38,1569.887558937579,0,204,clean,,,,
30967,12483,24224,10602,0.28204345703125,0.207855224609375,1.6056982871899324e-234,3.530735653136515,0.9996333859138051,4.4129187796616316e-36,1507.0602075824702,1,204,v0,nsF5,3,0.25,0.0319
30785,12585,23985,10694,0.2777099609375,0.2028045654296875,4.005102618037999e-237,3.5358470176858146,0.9997505672122959,3.847650719666517e-36,1520.12512004335,1,204,v1,nsF5,3,0.55,0.0701
30666,12609,23812,10638,0.2755279541015625,0.201019287109375,5.151941935856371e-214,3.538859385118524,0.9997604151476653,2.6783518310198693e-32,1403.7629315846984,1,204,v2,nsF5,2,0.35,0.0893
30084,12895,23575,10781,0.2622833251953125,0.195220947265625,4.4434884714116235e-216,3.5502604773507387,0.9999313673057217,2.8400684998283317e-33,1414.1930327006842,1,204,v3,nsF5,2,0.85,0.2164
29402,13378,22918,11322,0.2445068359375,0.17694091796875,4.519494937946741e-177,3.5363772675114333,0.9997215693768782,2.553140470618965e-27,1215.6826072463823,1,204,v4,matrix,3,0.5,0.0627
25898,15450,20424,12807,0.159423828125,0.1162261962890625,3.453196634304354e-53,3.5598361959583515,0.9999353421406296,9.066010733663616e-05,545.2552300602922,1,204,v5,matrix,2,0.8,0.2003
34509,10053,30300,8848,0.3731689453125,0.32733154296875,1.3266402603788433e-261,3.6726476245681883,0.9843279196788757,5.9107513931125526e-130,1642.5261143805442,0,205,clean,,,,
33893,10252,29639,9024,0.3607330322265625,0.3145599365234375,1.8538877841125233e-253,3.6849924099732814,0.9878143890689751,7.905918103106054e-127,1601.8881076870746,1,205,v0,nsF5,3,0.25,0.0315
33337,10442,28846,9208,0.3493499755859375,0.299652099609375,7.887924806793437e-247,3.6969300027312135,0.9914607583614693,1.3118041640637571e-118,1568.751710088345,1,205,v1,nsF5,3,0.55,0.0693
32979,10504,28611,9333,0.3429412841796875,0.294158935546875,7.488114177821018e-249,3.70157334124177,0.9927551872778353,1.2174864555115295e-111,1578.8685069358908,1,205,v2,nsF5,2,0.35,0.0881
31459,11134,26835,9683,0.3101348876953125,0.26171875,1.0931805976341318e-254,3.7219368650848628,0.9982535236353711,1.0752272196724342e-113,1608.0271526063962,1,205,v3,nsF5,2,0.85,0.2144
31221,11119,27004,9873,0.306732177734375,0.2613983154296875,1.6215413195751237e-193,3.6964246192060237,0.9908564465250278,1.0718241976793867e-93,1299.7598879345417,1,205,v4,matrix,3,0.5,0.0623
25422,13684,21709,12064,0.179107666015625,0.1471710205078125,1.1566244441512886e-86,3.731459596148112,0.9978674547686335,1.3606825002972483e-39,736.9188510449175,1,205,v5,matrix,2,0.8,0.1998
35221,8063,31026,8115,0.414398193359375,0.3495941162109375,0.0,3.2434285753989625,0.9881439139677897,2.2002441698862802e-91,2144.423994004338,0,206,clean,,,,
34627,8261,30302,8220,0.402313232421875,0.336944580078125,0.0,3.2608023430743005,0.9910275271103066,6.934259707188179e-81,2046.827750616376,1,206,v0,nsF5,3,0.25,0.0319
33946,8519,29489,8419,0.3879852294921875,0.321502685546875,1.5e-323,3.27755995005412,0.9936595227818834,6.43479184699202e-76,1948.9210264214505,1,206,v1,nsF5,3,0.55,0.0697
33732,8584,29368,8447,0.38372802734375,0.3192291259765625,0.0,3.282419250726678,0.9944724356939941,2.509242040032284e-81,1961.3636586980954,1,206,v2,nsF5,2,0.35,0.0888
32335,9355,27647,9084,0.35064697265625,0.2832489013671875,3.468698378186766e-292,3.314928949639369,0.9987309995143834,5.954026632587431e-67,1794.4050405626963,1,206,v3,nsF5,2,0.85,0.2161
31637,9292,27648,9140,0.3409576416015625,0.28240966796875,2.4163360949280195e-261,3.2752406993546335,0.9932542668134025,3.6060821717207536e-56,1641.228227576786,1,206,v4,matrix,3,0.5,0.0625
25805,12209,22222,11628,0.20745849609375,0.161651611328125,9.309653952325642e-125,3.329335202928227,0.9984432653169666,1.4954527062061396e-23,943.0993257553916,1,206,v5,matrix,2,0.8,0.2005
33919,8709,29311,8539,0.384674072265625,0.31695556640625,0.0,3.345423831049533,0.9952760022336522,7.732428782990046e-67,2608.8897263405906,0,207,clean,,,,
33450,8947,28789,8717,0.3738861083984375,0.3062744140625,0.0,3.3595287363287567,0.9963957853401098,2.375588099243362e-66,2521.8349847019417,1,207,v0,nsF5,3,0.25,0.0319
32958,9220,28200,8936,0.362213134765625,0.2939453125,0.0,3.3737458314403894,0.9973932741459146,7.301470608193464e-66,2465.9584912240853,1,207,v1,nsF5,3,0.55,0.0700
32694,9251,28007,9026,0.3577117919921875,0.2896270751953125,0.0,3.3797627669838555,0.9977448212588047,1.4654145860414364e-62,2367.8974953042652,1,207,v2,nsF5,2,0.35,0.0892
31558,9929,26463,9487,0.3300323486328125,0.259033203125,0.0,3.408625184444552,0.9994757201065598,1.7116609548814725e-66,2108.0511257120975,1,207,v3,nsF5,2,0.85,0.2164
30951,9972,26542,9666,0.3201141357421875,0.25750732421875,0.0,3.3738288352494465,0.9972534227242238,4.3499468165970465e-49,2103.396648588459,1,207,v4,matrix,3,0.5,0.0626
25706,12623,21718,11944,0.1996307373046875,0.149139404296875,4.7074372960403136e-144,3.4233432672990545,0.9993605738408592,2.8130086631013994e-16,1044.7240846410045,1,207,v5,matrix,2,0.8,0.2005
36023,7915,31825,8000,0.42889404296875,0.3635406494140625,0.0,3.287632750684627,0.9849299853691138,2.666373206420691e-114,2134.9568567018546,0,208,clean,,,,
35317,8149,31118,8132,0.41455078125,0.350738525390625,0.0,3.305512095733289,0.9884478757756547,7.355832350551462e-109,2072.7408790782065,1,208,v0,nsF5,3,0.25,0.0318
34648,8354,30373,8290,0.401214599609375,0.3369598388671875,0.0,3.3236940811236786,0.9917879015647286,2.696099596898486e-108,2013.2247877276484,1,208,v1,nsF5,3,0.55,0.0697
34466,8462,30024,8394,0.39678955078125,0.330047607421875,7.4e-323,3.331785711324859,0.9931577129152287,1.4464678174831082e-105,1945.697836126048,1,208,v2,nsF5,2,0.35,0.0894
32797,9279,28271,8936,0.358856201171875,0.2950286865234375,6.640575e-317,3.3666222562109533,0.9984224355079384,1.447547460519317e-101,1916.4511678977804,1,208,v3,nsF5,2,0.85,0.2164
32247,9092,28286,8943,0.3533172607421875,0.2951507568359375,4.637127612270089e-265,3.322634733647037,0.991193315495078,6.246458882645309e-85,1659.7458394279454,1,208,v4,matrix,3,0.5,0.0625
26006,12171,22391,11570,0.2111053466796875,0.1651153564453125,9.036698150018904e-100,3.380664400543078,0.998068310039916,2.3906052865051277e-27,808.8924126319085,1,208,v5,matrix,2,0.8,0.2008
24657,12428,20753,12836,0.1865997314453125,0.1208038330078125,1.016833934651667e-82,4.430178906810653,0.9999973865044267,2.355520461338834e-68,714.9925569586667,0,209,clean,,,,
24562,12469,20686,12841,0.1845245361328125,0.1197052001953125,8.643027763640051e-78,4.431534141894847,0.9999961172395894,8.368093905213853e-64,687.386841773809,1,209,v0,nsF5,3,0.25,0.0315
24475,12565,20563,12917,0.181732177734375,0.116668701171875,2.0751496752686926e-70,4.432563516272334,0.9999989141421013,8.91494729285977e-60,645.5851361853412,1,209,v1,nsF5,3,0.55,0.0692
24395,12639,20672,12796,0.17938232421875,0.12017822265625,1.471172786147566e-70,4.433552130159052,0.9999990515696879,1.718790414903634e-63,646.4373563188409,1,209,v2,nsF5,2,0.35,0.0881
24354,12700,20298,12896,0.177825927734375,0.112945556640625,2.076005139619052e-68,4.436235178209539,0.9999988384468015,3.40222144731186e-60,634.1482837019918,1,209,v3,nsF5,2,0.85,0.2141
23656,13140,19983,13343,0.16046142578125,0.101318359375,1.5839824439223396e-52,4.433159169552271,0.999998709080862,2.228828358388014e-42,541.30393651147,1,209,v4,matrix,3,0.5,0.0626
21840,14672,18626,14256,0.109375,0.066680908203125,2.7603011466286825e-24,4.4397412480564125,0.9999969270842806,2.0231110299787935e-19,360.8927405148697,1,209,v5,matrix,2,0.8,0.2008
32315,7729,29084,8977,0.375152587890625,0.3068084716796875,1.3120596118399814e-170,3.5865832717287933,0.9957285308880996,3.762014308616829e-107,1182.463190416575,0,210,clean,,,,
31856,7939,28572,9186,0.3649444580078125,0.295806884765625,1.3321476307759423e-165,3.5948195414370048,0.9968586994289121,4.281645798351585e-101,1156.6536255435847,1,210,v0,nsF5,3,0.25,0.0316
31306,8213,27941,9305,0.3523712158203125,0.28436279296875,3.689301449766687e-163,3.602652931469472,0.9978776439726704,1.9768631784970945e-96,1144.0377676033781,1,210,v1,nsF5,3,0.55,0.0693
31098,8321,27640,9450,0.3475494384765625,0.277557373046875,2.062692130224103e-161,3.6069393890840193,0.9979664897197833,3.614380197150636e-99,1135.0009173207,1,210,v2,nsF5,2,0.35,0.0887
29868,9038,26279,9934,0.317840576171875,0.2494049072265625,1.70855054424495e-144,3.6239999758236765,0.9994528760856551,1.091733935012409e-79,1047.025551677176,1,210,v3,nsF5,2,0.85,0.2141
29350,8902,26351,9952,0.31201171875,0.2502288818359375,1.1029342787835124e-126,3.603119756535163,0.9977216196874306,3.426104348469453e-75,953.3139873934807,1,210,v4,matrix,3,0.5,0.0625
24112,11545,21701,12294,0.1917572021484375,0.1435394287109375,3.689756491294528e-48,3.6332110772094235,0.999388506141772,2.2398704108750436e-26,514.9944394784347,1,210,v5,matrix,2,0.8,0.2002
29818,12598,24750,11210,0.26275634765625,0.20660400390625,0.0,4.085212009295965,0.9967684451298666,9.005436304982324e-93,2526.579260604558,0,211,clean,,,,
29521,12699,24487,11256,0.256683349609375,0.2018890380859375,0.0,4.089222707700036,0.997469024372027,1.806736445163682e-88,2448.9785380228045,1,211,v0,nsF5,3,0.25,0.0317
29242,12787,24192,11327,0.2510833740234375,0.1963043212890625,0.0,4.093384839907204,0.9980754420041351,8.109628548794436e-83,2340.9917083577125,1,211,v1,nsF5,3,0.55,0.0696
29275,12768,23880,11294,0.2518768310546875,0.192047119140625,0.0,4.094527698119987,0.9984794473533916,6.04939728087434e-76,2278.3251476015594,1,211,v2,nsF5,2,0.35,0.0884
28646,13177,23039,11646,0.2360382080078125,0.1738433837890625,0.0,4.101020964222117,0.9997157974398747,1.046552597580222e-61,2008.8544648985903,1,211,v3,nsF5,2,0.85,0.2158
27960,13367,23098,11774,0.2226715087890625,0.17279052734375,0.0,4.0939171509241215,0.9980067199837923,3.356919445665991e-66,1973.2824321222085,1,211,v4,matrix,3,0.5,0.0625
24636,15213,19972,13412,0.1437835693359375,0.10009765625,2.5839700872167537e-136,4.1083070527639185,0.9996364875400487,6.647394836588114e-21,1004.1407388748602,1,211,v5,matrix,2,0.8,0.2008
28306,19125,19813,13555,0.1400909423828125,0.095489501953125,5.41042801143776e-33,4.17327348693598,0.999999958174232,2.009085031504583e-18,407.6375803150187,0,212,clean,,,,
28221,19122,19761,13543,0.1388397216796875,0.094879150390625,5.2239696526734934e-36,4.175218669158229,0.99999998141077,2.988200143246405e-20,426.94917770858757,1,212,v0,nsF5,3,0.25,0.0318
28202,19046,19715,13493,0.13970947265625,0.094940185546875,2.5421324709607024e-34,4.177460853418248,0.9999999202370268,3.2220338292724133e-19,416.18598254324843,1,212,v1,nsF5,3,0.55,0.0700
28256,19218,19654,13437,0.137908935546875,0.0948638916015625,6.665843478932868e-28,4.1777983667908725,0.9999999870908125,2.953461631772033e-15,374.15292774442304,1,212,v2,nsF5,2,0.35,0.0897
28158,19258,19510,13554,0.13580322265625,0.09088134765625,1.1293343005211405e-34,4.182008283418571,0.9999994130692195,3.2255591343611997e-19,418.4426410112515,1,212,v3,nsF5,2,0.85,0.2170
27628,19608,19265,13776,0.12237548828125,0.0837554931640625,5.165345471243573e-27,4.177651292314474,0.9999999892089729,2.1836014721040996e-14,368.1705297885039,1,212,v4,matrix,3,0.5,0.0623
26253,20917,18183,14693,0.0814208984375,0.053253173828125,2.3045715101745778e-08,4.18871460984629,0.9999987817938789,0.004149255897434696,224.71281057427154,1,212,v5,matrix,2,0.8,0.2003
30606,13648,23456,11201,0.258758544921875,0.1869964599609375,5.3675329087872375e-81,4.313228000859557,0.9999511055995328,8.37990779254825e-70,705.3725182812701,0,213,clean,,,,
30427,13768,23356,11327,0.2541961669921875,0.1835479736328125,7.149813690713353e-73,4.32029229689364,0.9999438155253064,2.867114388513799e-63,659.6012563227245,1,213,v0,nsF5,3,0.25,0.0320
30245,13938,23192,11414,0.2488250732421875,0.179718017578125,5.19311455792601e-71,4.3275453821652325,0.9999544512597314,5.074958738848968e-62,649.0156620879019,1,213,v1,nsF5,3,0.55,0.0698
30198,13955,23119,11263,0.2478485107421875,0.180908203125,1.131810769803897e-64,4.330906085738403,0.9999720697756107,2.3914915629712755e-58,612.6460651328872,1,213,v2,nsF5,2,0.35,0.0890
29824,14184,22754,11524,0.2386474609375,0.171356201171875,5.856277436849784e-49,4.346811607867821,0.9999925996612343,1.0085932570460628e-39,519.8405723087022,1,213,v3,nsF5,2,0.85,0.2155
29099,14560,22339,11988,0.2218475341796875,0.1579437255859375,1.0935359039187565e-61,4.327983686483124,0.9999566158324691,7.277337963547291e-57,595.3302943170738,1,213,v4,matrix,3,0.5,0.0627
26028,16586,19926,13277,0.144073486328125,0.1014556884765625,2.2577892902369894e-18,4.3573296475985135,0.9999954788816611,3.439643896155496e-14,317.98618151284404,1,213,v5,matrix,2,0.8,0.2004
29535,13806,22847,11470,0.2400054931640625,0.1735992431640625,7.52858785417707e-50,4.006943651351091,0.9999926173126326,4.2405052558458906e-50,525.2250396978818,0,214,clean,,,,
29421,13885,22682,11502,0.237060546875,0.17059326171875,2.507779060174453e-49,4.012038569732596,0.9999937194445836,8.551529424560955e-49,522.068788138284,1,214,v0,nsF5,3,0.25,0.0318
29354,13991,22679,11471,0.2344207763671875,0.1710205078125,2.511991018974388e-45,4.01769994764508,0.9999950118420373,4.257564783131494e-43,497.70022207434704,1,214,v1,nsF5,3,0.55,0.0698
29259,13988,22485,11529,0.2330169677734375,0.16717529296875,9.394825514113797e-40,4.01963280097705,0.9999962315256188,3.275406999946321e-40,463.0717631893731,1,214,v2,nsF5,2,0.35,0.0882
29147,14271,22405,11695,0.22698974609375,0.163421630859375,1.7464314832052615e-35,4.033870492884742,0.9999963688901472,6.06216541481206e-29,435.89761486212393,1,214,v3,nsF5,2,0.85,0.2146
28284,14700,21803,11992,0.207275390625,0.1497039794921875,1.6156099050816197e-34,4.017897438121063,0.999991369005387,1.1606211460285725e-33,429.6572162014249,1,214,v4,matrix,3,0.5,0.0627
25680,16501,19808,13360,0.1400604248046875,0.098388671875,8.457780011525528e-15,4.043468276057344,0.9999961936199628,4.586757491345899e-13,290.240134569955,1,214,v5,matrix,2,0.8,0.1994
35159,10511,28578,8702,0.3760986328125,0.30328369140625,0.0,3.2124345664020444,0.9962710068695346,2.0935991333625578e-279,2252.6747559524742,0,215,clean,,,,
34761,10699,28117,8824,0.367156982421875,0.2943878173828125,0.0,3.2231914714650594,0.9971461314691437,5.3746426819398474e-250,2102.8238078363797,1,215,v0,nsF5,3,0.25,0.0315
34241,10961,27631,9024,0.355224609375,0.2839202880859375,0.0,3.234284016398609,0.9979644383279996,3.6981365970509298e-230,1995.1594170329663,1,215,v1,nsF5,3,0.55,0.0689
34011,10956,27249,9121,0.3517913818359375,0.276611328125,2.701521471420118e-304,3.239957305303273,0.9982665308765328,6.113624132584263e-208,1848.4842743333188,1,215,v2,nsF5,2,0.35,0.0876
32900,11644,26157,9602,0.3243408203125,0.2526092529296875,2.748371551728736e-236,3.2650689162691493,0.9995867332929309,1.2005169677454507e-144,1510.4930057277315,1,215,v3,nsF5,2,0.85,0.2134
32392,11747,26080,9671,0.3150177001953125,0.2503814697265625,3.1024093757489427e-289,3.23581848836456,0.9978488115464124,7.445688489902997e-210,1774.0828290560894,1,215,v4,matrix,3,0.5,0.0625
27329,14526,21684,11965,0.1953582763671875,0.1483001708984375,8.198146531323376e-92,3.2793090444051707,0.999518379964743,8.150399066789352e-68,761.0248364487488,1,215,v5,matrix,2,0.8,0.2003
35048,7921,32103,8643,0.4139251708984375,0.35797119140625,2.9243413747116615e-65,3.5594299963350244,0.9790585069637641,1.63708069810121e-47,616.0406316434916,0,216,clean,,,,
34292,8100,31189,8737,0.399658203125,0.34259033203125,1.5484430423717748e-62,3.5728436621964867,0.9840652998795285,1.7945239212225333e-43,600.2679463478471,1,216,v0,nsF5,3,0.25,0.0319
33411,8299,30150,8875,0.3831787109375,0.3246307373046875,2.5687365250692517e-67,3.585507404990617,0.988939241471051,3.33018205242057e-43,627.8803966528291,1,216,v1,nsF5,3,0.55,0.0698
32972,8472,29707,9080,0.37384033203125,0.3147430419921875,2.215390368219286e-56,3.591476395335374,0.990842116415953,3.094647922112963e-36,564.2105108922993,1,216,v2,nsF5,2,0.35,0.0886
31050,9231,27628,9747,0.3329315185546875,0.2728424072265625,2.0517248856848677e-60,3.6116870102064293,0.9979594520648083,1.0013619546734216e-37,587.9042051646999,1,216,v3,nsF5,2,0.85,0.2143
31105,8890,28170,9417,0.3389739990234375,0.2861480712890625,5.698707154938557e-51,3.5845836857407973,0.98797936346727,3.6974237279014534e-33,531.9757128925464,1,216,v4,matrix,3,0.5,0.0628
24455,11779,22034,12036,0.19342041015625,0.152557373046875,1.3499486491040003e-17,3.619050425633449,0.9974480584041381,1.3445904384056556e-12,312.0965074534258,1,216,v5,matrix,2,0.8,0.1999
36367,6025,34231,7769,0.462982177734375,0.403778076171875,4.889877034780995e-93,3.3793574538644684,0.9696269165048018,2.6058042113647927e-51,772.0795687953434,0,217,clean,,,,
35429,6224,33225,7898,0.4456329345703125,0.3864593505859375,8.258266422394324e-87,3.397907877640638,0.97692673573653,7.712863222368557e-49,737.7296070411645,1,217,v0,nsF5,3,0.25,0.0315
34482,6538,32134,8139,0.4263916015625,0.3661346435546875,1.865342310181694e-82,3.4153092821337045,0.9834646562006593,4.0166136231533796e-44,713.5226833406223,1,217,v1,nsF5,3,0.55,0.0694
34174,6602,31704,8147,0.42071533203125,0.3594512939453125,5.512109509026158e-78,3.422028797487374,0.9863274185231602,5.36758694445733e-47,688.4853524507525,1,217,v2,nsF5,2,0.35,0.0887
31885,7614,28970,8998,0.3703460693359375,0.30474853515625,1.921860088637105e-77,3.4510748208738353,0.996974186413754,3.4851948347168056e-40,685.4342694808003,1,217,v3,nsF5,2,0.85,0.2146
31872,7147,29746,8704,0.3772735595703125,0.321075439453125,1.2512060953194368e-60,3.4136991674344124,0.9822418188711771,7.864332148597176e-33,589.1586489931304,1,217,v4,matrix,3,0.5,0.0626
24497,10296,22820,11595,0.2166900634765625,0.1712799072265625,1.0556885284166954e-24,3.4601343705127405,0.9962455567182009,9.494650087129047e-16,363.81475047571246,1,217,v5,matrix,2,0.8,0.2003
38897,8329,36158,8007,0.4664306640625,0.4295501708984375,7.388486853319278e-208,3.593444620409298,0.942317662224962,3.6951782861200877e-208,1372.6099322202197,0,218,clean,,,,
37779,8426,34957,8119,0.4478912353515625,0.409515380859375,6.651934769224546e-208,3.6203834438491644,0.9552429094845107,3.325970614051929e-208,1372.8409669840216,1,218,v0,nsF5,3,0.25,0.0316
36517,8617,33569,8276,0.42572021484375,0.3859405517578125,6.6630069716716455e-199,3.646669228456804,0.9680371316224198,3.331504626838441e-199,1327.1686877862685,1,218,v1,nsF5,3,0.55,0.0694
35855,8811,33022,8332,0.41265869140625,0.376739501953125,1.6120916069652338e-186,3.6573915551825213,0.9735538096532641,8.061862739072449e-187,1264.060038199944,1,218,v2,nsF5,2,0.35,0.0879
33062,9928,30083,9412,0.352996826171875,0.3154144287109375,8.347852631433666e-155,3.6985906251255676,0.9935888619898395,4.174645360616658e-155,1100.7515585237147,1,218,v3,nsF5,2,0.85,0.2139
33654,9202,30915,8829,0.37310791015625,0.337005615234375,1.7561350319522352e-161,3.6429796894852116,0.9659212148758781,8.780678352904807e-162,1135.362441070879,1,218,v4,matrix,3,0.5,0.0627
25192,12241,22873,11513,0.1976165771484375,0.17333984375,3.2460319854741304e-55,3.703453436156997,0.9923034506973514,3.9665819715545315e-54,557.3101107443001,1,218,v5,matrix,2,0.8,0.2003
27385,14106,21790,12249,0.2026214599609375,0.1455841064453125,1.1800293912923587e-82,4.036917318381259,0.9998951673127425,9.572973528237417e-32,714.632032668281,0,219,clean,,,,
27264,14227,21689,12348,0.1989288330078125,0.1425323486328125,2.0509858378384054e-73,4.039554605914228,0.9999238005087518,7.609630587351732e-30,662.6784317679418,1,219,v0,nsF5,3,0.25,0.0321
27147,14355,21549,12392,0.1951904296875,0.1397247314453125,7.153353300935943e-63,4.042079508778213,0.9999552365762447,2.290035747715721e-30,602.2157192947466,1,219,v1,nsF5,3,0.55,0.0702
27166,14314,21517,12433,0.19610595703125,0.13861083984375,8.634440756307818e-66,4.043726206081903,0.999938436642163,9.104387502056362e-31,619.096456944116,1,219,v2,nsF5,2,0.35,0.0891
26973,14511,21140,12617,0.190155029296875,0.1300506591796875,1.601971603315322e-45,4.049497991496547,0.9999794041732204,8.399146010129067e-30,498.89904239386584,1,219,v3,nsF5,2,0.85,0.2163
26181,14892,20826,12814,0.1722564697265625,0.12225341796875,3.0857457036177865e-54,4.043001822966512,0.9999482503369986,3.027086391658993e-20,551.5029060956566,1,219,v4,matrix,3,0.5,0.0629
23996,16472,19083,14116,0.11480712890625,0.0757904052734375,1.5565419496066363e-16,4.056000760787055,0.999975202035804,1.9079137129551174e-08,303.92517392264915,1,219,v5,matrix,2,0.8,0.2011
28055,12210,23555,11508,0.2417755126953125,0.1838226318359375,6.8496518935538675e-46,4.02776646062688,0.9993269727855658,9.432792076873283e-45,501.1606939507301,0,220,clean,,,,
27861,12303,23387,11624,0.237396240234375,0.1794891357421875,8.701401949570171e-41,4.029939840056062,0.9994734874342117,8.11357534831837e-40,469.55932807235484,1,220,v0,nsF5,3,0.25,0.0318
27617,12419,23151,11795,0.231903076171875,0.17327880859375,1.3396631561064966e-36,4.032078624498487,0.9996247570402508,1.270859163537238e-34,443.0566518580214,1,220,v1,nsF5,3,0.55,0.0698
27695,12417,22977,11635,0.233123779296875,0.173065185546875,2.1610497277911877e-37,4.032670245607717,0.999689948885808,5.5511694784912136e-36,448.11610368525555,1,220,v2,nsF5,2,0.35,0.0888
27249,12764,22433,11972,0.2210235595703125,0.1596221923828125,7.770095527194779e-31,4.0360526549414075,0.9999111279981088,8.660566942517763e-27,405.5227238665372,1,220,v3,nsF5,2,0.85,0.2154
26419,13015,22210,12264,0.20452880859375,0.151763916015625,1.9401078230650636e-31,4.033085028282136,0.9995943540851728,2.8977093402414884e-29,409.5133942149473,1,220,v4,matrix,3,0.5,0.0626
23652,14749,19761,13583,0.1358489990234375,0.094268798828125,2.2534047489966045e-12,4.043349976050039,0.9998991832303901,1.093551040367844e-10,270.2683589186309,1,220,v5,matrix,2,0.8,0.1995
29766,11433,24475,11028,0.2797393798828125,0.2051849365234375,1.1126602122671653e-223,3.946762065303241,0.9991701739464467,1.89655608536434e-53,1452.5376309154422,0,221,clean,,,,
29537,11553,24161,11089,0.2744140625,0.199462890625,2.2087263668399897e-212,3.9496902638338347,0.9993205555988636,1.0176067614210595e-49,1395.5106552977513,1,221,v0,nsF5,3,0.25,0.0314
29269,11661,23893,11119,0.2686767578125,0.194915771484375,1.172108813705567e-195,3.952243121203963,0.999506623485105,1.2474845376147269e-46,1310.6616812865846,1,221,v1,nsF5,3,0.55,0.0690
29010,11755,23621,11091,0.2632904052734375,0.191192626953125,1.212017671578132e-193,3.953864901867408,0.9996166637003202,5.519563267344525e-42,1300.4038829643966,1,221,v2,nsF5,2,0.35,0.0886
28395,12207,23035,11388,0.24700927734375,0.1777191162109375,6.329466211835424e-171,3.959356613799344,0.9999208826220531,2.5170313930682946e-33,1184.092968787177,1,221,v3,nsF5,2,0.85,0.2141
27843,12308,22849,11638,0.2370452880859375,0.1710662841796875,2.272775965916175e-166,3.9530739794731065,0.9994640583880732,5.318284282934209e-40,1160.6171613508338,1,221,v4,matrix,3,0.5,0.0622
24282,14490,19864,13250,0.1494140625,0.100921630859375,9.057548725228833e-78,3.9667056799552887,0.9999047117745875,3.178657882210826e-16,687.2724137732208,1,221,v5,matrix,2,0.8,0.2001
30425,9146,25882,9873,0.3246917724609375,0.2442779541015625,6.251743197275628e-185,3.333004548326587,0.9990481252364554,5.154438880724153e-122,1255.9400712223357,0,222,clean,,,,
30145,9338,25637,10000,0.3174896240234375,0.2386016845703125,1.1718085204938337e-179,3.3414995692967415,0.9992522240926953,2.4906899727316007e-121,1228.9466496547873,1,222,v0,nsF5,3,0.25,0.0314
29882,9497,25319,10067,0.3110504150390625,0.23272705078125,6.015826688483888e-176,3.3505635590920515,0.9994691574778733,1.5296659545642268e-121,1209.9117500435839,1,222,v1,nsF5,3,0.55,0.0692
29757,9557,25226,10193,0.3082275390625,0.2293853759765625,4.765729710954552e-159,3.353952358126995,0.9995909466406478,1.7944831788718973e-111,1122.7633166208282,1,222,v2,nsF5,2,0.35,0.0880
29036,10075,24460,10556,0.2893218994140625,0.212158203125,2.92419961332097e-134,3.372915476666385,0.9998910051850516,2.1534498994044003e-99,993.3334598087179,1,222,v3,nsF5,2,0.85,0.2135
28195,10173,23994,10665,0.274993896484375,0.2033843994140625,1.370419476076792e-147,3.3502722137178718,0.999440349979759,6.393624210289719e-101,1063.1934914781077,1,222,v4,matrix,3,0.5,0.0627
24088,12748,20710,12788,0.17303466796875,0.120880126953125,1.8765487299099227e-43,3.3831564163680334,0.9998923566602167,2.5262249231705394e-31,486.15516965401247,1,222,v5,matrix,2,0.8,0.2001
31423,11726,26857,10519,0.3005523681640625,0.249298095703125,3.4403010404057714e-199,4.200194807634093,0.9962908294210084,3.663959907787707e-98,1328.6278394291671,0,223,clean,,,,
30921,11849,26333,10574,0.291015625,0.2404632568359375,6.043535254093707e-181,4.205257225702485,0.9972673687883158,7.241039861500568e-89,1235.5441631406889,1,223,v0,nsF5,3,0.25,0.0316
30464,11983,25837,10762,0.2819976806640625,0.2300262451171875,4.028836507090408e-160,4.210197107683579,0.9981109037098876,2.224403450305693e-77,1128.320357779663,1,223,v1,nsF5,3,0.55,0.0695
30335,11950,25551,10645,0.2805328369140625,0.227447509765625,7.116887381047522e-167,4.212660636599538,0.9984616643638191,3.6624486403966205e-75,1163.2187365695588,1,223,v2,nsF5,2,0.35,0.0881
29408,12442,24388,10969,0.258880615234375,0.2047576904296875,8.81104959256831e-109,4.222105338167282,0.9996278950416055,1.4389957175768157e-45,857.6912468188341,1,223,v3,nsF5,2,0.85,0.2138
28875,12583,24515,11273,0.24859619140625,0.202056884765625,1.1841096303445609e-146,4.210981063627062,0.9980159912537363,1.6953701553167728e-74,1058.305828941311,1,223,v4,matrix,3,0.5,0.0628
24739,14767,20658,12970,0.15216064453125,0.1173095703125,2.2865550023308055e-73,4.229695680091692,0.9995328059672803,1.4505777859471789e-37,662.4106439474675,1,223,v5,matrix,2,0.8,0.1998
32650,10316,26913,9687,0.340789794921875,0.262847900390625,3.6980090824461995e-177,3.35676592656554,0.9977887293799027,7.143033337552255e-97,1216.129697280319,0,224,clean,,,,
32354,10409,26600,9755,0.3348541259765625,0.2570343017578125,1.4039986565716912e-170,3.3639690358308845,0.9983031203886903,2.834299306354199e-94,1182.3117590561499,1,224,v0,nsF5,3,0.25,0.0317
31978,10615,26037,9903,0.3259735107421875,0.246185302734375,1.4456725233430843e-162,3.3716419789489858,0.9988028380368361,2.6864602929529396e-88,1140.9715025257242,1,224,v1,nsF5,3,0.55,0.0695
31988,10555,26027,9850,0.3270416259765625,0.2468414306640625,8.381416158011778e-143,3.3745359004135964,0.9990445150584017,6.039138212415026e-82,1038.1816128898215,1,224,v2,nsF5,2,0.35,0.0885
31012,11128,25167,10269,0.30340576171875,0.227325439453125,3.8511520231985264e-125,3.3904949009511016,0.9997746689276948,1.5284485590193162e-70,945.1333313518206,1,224,v3,nsF5,2,0.85,0.2151
30249,11360,24694,10569,0.2882232666015625,0.2155303955078125,1.4035801048081234e-133,3.371605373711336,0.9987275263784706,4.578151725340376e-65,989.7449222136735,1,224,v4,matrix,3,0.5,0.0626
25897,13824,21111,12512,0.1842193603515625,0.1312103271484375,2.2564266861167084e-43,3.4020941091530443,0.9997259938306294,7.166371208173347e-20,485.6597128076249,1,224,v5,matrix,2,0.8,0.2007
32178,10148,25508,9868,0.336151123046875,0.2386474609375,1.0664135596661589e-122,3.315362833225746,0.9998822970024517,9.204323509704901e-65,929.8476073419351,0,225,clean,,,,
32024,10288,25299,9924,0.3316650390625,0.2346038818359375,1.8167196047335363e-120,3.321967184100152,0.999909837984961,9.81824943055366e-61,917.9834337750294,1,225,v0,nsF5,3,0.25,0.0315
31711,10409,25060,9920,0.325042724609375,0.23101806640625,3.307973201183998e-120,3.3289698964400833,0.9999281020709949,1.8949279069498956e-57,916.5980148480893,1,225,v1,nsF5,3,0.55,0.0695
31556,10467,25104,10143,0.3217926025390625,0.2282867431640625,3.47830147045181e-120,3.33221095835316,0.9999530827617733,3.868590646810744e-61,916.4819324692786,1,225,v2,nsF5,2,0.35,0.0887
30844,10980,24561,10374,0.3031005859375,0.2164764404296875,3.2687247696743146e-109,3.3486617240178806,0.9999941667676253,5.424255756188689e-58,857.7596778627196,1,225,v3,nsF5,2,0.85,0.2145
30083,11217,23865,10668,0.287872314453125,0.2013702392578125,3.905608443795608e-85,3.329747845705201,0.9999287063779599,1.015787598512069e-39,726.3150810646098,1,225,v4,matrix,3,0.5,0.0623
25878,13903,20882,12659,0.1827239990234375,0.1254730224609375,2.6391210348411148e-27,3.3600567773429995,0.9999918392704716,2.9828604593265095e-18,380.1181944349216,1,225,v5,matrix,2,0.8,0.1999
30165,14084,24623,11635,0.2453765869140625,0.19818115234375,4.075784326544189e-146,4.806845648943668,0.9988467009248247,6.188688015379982e-126,1055.5028891317954,0,226,clean,,,,
29804,14184,24265,11680,0.23834228515625,0.1920318603515625,1.2600148167448616e-131,4.812783890013988,0.9990682555227277,5.874275740655753e-116,979.4458793217356,1,226,v0,nsF5,3,0.25,0.0319
29522,14293,23929,11699,0.2323760986328125,0.186614990234375,3.413144790175611e-107,4.819333623139782,0.9993453771326342,2.2986064064063852e-97,849.1265855353338,1,226,v1,nsF5,3,0.55,0.0700
29433,14489,23807,11807,0.22802734375,0.18310546875,1.0341226593693647e-97,4.822173592227624,0.9994192622971397,9.080120390632033e-85,797.6713384153777,1,226,v2,nsF5,2,0.35,0.0892
28760,14896,22829,12165,0.2115478515625,0.1627197265625,1.5427009392049615e-57,4.835358778955751,0.9998568181891913,2.1046255814160267e-60,571.035817624095,1,226,v3,nsF5,2,0.85,0.2163
28179,14828,22831,12145,0.2037200927734375,0.163055419921875,3.159150204076282e-101,4.819817080302715,0.99930814237441,6.789805567535648e-85,816.8142740504775,1,226,v4,matrix,3,0.5,0.0627
24772,16766,19698,13683,0.122161865234375,0.0917816162109375,2.7102124993473235e-32,4.8449489017800245,0.9998334848333635,1.7085212329020851e-23,415.1458887411349,1,226,v5,matrix,2,0.8,0.2005
28733,14855,21732,12160,0.211761474609375,0.14605712890625,8.560545012088022e-286,3.4212431269595585,0.9999897548651531,2.0085758334826923e-143,1762.7447606047133,0,227,clean,,,,
28735,14912,21745,12163,0.2109222412109375,0.146209716796875,1.649523175495796e-265,3.423953865536944,0.9999896506954175,5.335599839389152e-137,1661.981066517978,1,227,v0,nsF5,3,0.25,0.0321
28642,15004,21540,12249,0.208099365234375,0.1417694091796875,4.207830336746714e-251,3.426510236339145,0.9999960142188165,1.3493332017562154e-131,1590.117832754981,1,227,v1,nsF5,3,0.55,0.0706
28624,14963,21578,12252,0.2084503173828125,0.142303466796875,6.401606662349917e-236,3.427936294709341,0.999998202523982,3.064476133095133e-146,1514.0850371934673,1,227,v2,nsF5,2,0.35,0.0897
28467,15180,21517,12205,0.2027435302734375,0.14208984375,1.4021170351522156e-209,3.435186257940215,0.9999999944253386,7.186851372535091e-144,1381.329256407404,1,227,v3,nsF5,2,0.85,0.2180
27737,15597,20917,12651,0.18524169921875,0.126129150390625,1.433603994996382e-215,3.427925444979877,0.9999941667676253,7.722872761009113e-103,1411.623372885299,1,227,v4,matrix,3,0.5,0.0629
25450,17411,19252,13723,0.1226654052734375,0.0843658447265625,2.4990588386287647e-78,3.4432351274473048,0.9999999944253386,1.724673284240407e-44,690.4162721682496,1,227,v5,matrix,2,0.8,0.2012
29441,13981,23038,11362,0.23590087890625,0.17816162109375,4.028562104166695e-133,3.422874551579887,0.9997946720444559,7.497545863096943e-108,984.9704875709004,0,228,clean,,,,
29254,14058,22918,11324,0.23187255859375,0.176910400390625,1.994070550274908e-125,3.4252790082211377,0.9998536936406732,9.740852602151484e-103,944.3220518905421,1,228,v0,nsF5,3,0.25,0.0324
29028,14147,22665,11373,0.2270660400390625,0.17230224609375,1.8196389094104864e-125,3.427921060287187,0.9998912084438509,5.776400765757779e-100,944.5327254830914,1,228,v1,nsF5,3,0.55,0.0710
29052,14231,22607,11575,0.2261505126953125,0.1683349609375,5.830987889364846e-129,3.428966835654446,0.9999373108022316,2.5489007298452787e-99,963.0224603854239,1,228,v2,nsF5,2,0.35,0.0910
28734,14508,22080,11777,0.217071533203125,0.1572113037109375,3.333019771241099e-132,3.4359436193465225,0.9999873183036938,2.2590787323890827e-88,980.1356227900922,1,228,v3,nsF5,2,0.85,0.2192
27967,14843,21765,11867,0.20025634765625,0.151031494140625,8.698782755925415e-93,3.4302186679397932,0.9998882083011439,2.010133937636017e-72,768.5395921166721,1,228,v4,matrix,3,0.5,0.0625
25180,16827,19329,13403,0.1274566650390625,0.090423583984375,2.6444738924892543e-29,3.446797902013264,0.9999839009081555,2.488759547060833e-25,393.6204564844132,1,228,v5,matrix,2,0.8,0.2003
25311,21349,17625,15174,0.060455322265625,0.0373992919921875,5.199271346149585e-46,4.554211328452475,0.9999999692708645,6.2063536061888246e-40,487.03908423090354,0,229,clean,,,,
25339,21334,17574,15167,0.0611114501953125,0.0367279052734375,1.2391320927072525e-48,4.55416806206989,0.9999999715049441,9.873585751331049e-41,502.8317625152081,1,229,v0,nsF5,3,0.25,0.0318
25279,21335,17530,15146,0.0601806640625,0.036376953125,3.0973043263852586e-44,4.5541504803475945,0.9999994617553107,7.000211191681222e-39,476.26048202334607,1,229,v1,nsF5,3,0.55,0.0697
25406,21305,17677,15190,0.0625762939453125,0.0379486083984375,2.1479292294474305e-40,4.554156706526153,0.9999997096117588,2.7997234523784096e-40,452.6589601649354,1,229,v2,nsF5,2,0.35,0.0886
25486,21299,17554,15145,0.0638885498046875,0.0367584228515625,1.864724933819171e-46,4.553596635743198,0.9999995083337782,6.208574615781968e-40,485.977188603628,1,229,v3,nsF5,2,0.85,0.2152
25027,21536,17347,15323,0.0532684326171875,0.0308837890625,8.47713925706616e-34,4.554942685484286,0.9999996033875702,1.1822177206077444e-26,411.07955640807563,1,229,v4,matrix,3,0.5,0.0628
24573,22024,17010,15627,0.0388946533203125,0.0211029052734375,2.9969939893177593e-12,4.556714136148602,0.9999994991866945,2.7536095120370725e-11,257.7557868297986,1,229,v5,matrix,2,0.8,0.2011
33709,8788,29395,8690,0.3802642822265625,0.3159332275390625,0.0,3.3863498403492187,0.9894198479812611,1.3345640113669048e-258,1953.1014048310983,0,230,clean,,,,
33295,8913,28886,8825,0.372039794921875,0.3061065673828125,1.2679337447032724e-303,3.3994076976219834,0.9917926211741737,2.497601254664982e-246,1850.948203370442,1,230,v0,nsF5,3,0.25,0.0317
32719,9223,28250,9015,0.3585205078125,0.2935028076171875,1.3128190390609713e-294,3.412454953155399,0.9942353774600572,3.34378115367263e-242,1806.389681594402,1,230,v1,nsF5,3,0.55,0.0694
32576,9299,27948,9019,0.3551788330078125,0.2888336181640625,8.272280702626e-312,3.4179856464123417,0.9953601007325267,3.7816200805345145e-247,1891.3389813537312,1,230,v2,nsF5,2,0.35,0.0880
31457,10086,26560,9488,0.3260955810546875,0.260498046875,1.3503316291169176e-295,3.4423309030108102,0.9989990163796792,1.7496165520545335e-225,1811.275759096492,1,230,v3,nsF5,2,0.85,0.2143
30650,9988,26425,9708,0.315277099609375,0.2550811767578125,8.215229629759592e-224,3.4116113844785056,0.993843646837276,2.2035666973593796e-178,1453.2013473697564,1,230,v4,matrix,3,0.5,0.0627
25661,12883,21879,12020,0.194976806640625,0.1504364013671875,9.505338851192985e-103,3.4533727815432687,0.9986748592635086,6.33716120201925e-72,825.0758733224222,1,230,v5,matrix,2,0.8,0.2002
32494,9223,27525,9101,0.3550872802734375,0.2811279296875,1.300114834058809e-101,3.566860582647081,0.9988581422780647,4.694009268049638e-79,818.909247837465,0,231,clean,,,,
32190,9426,27213,9206,0.34735107421875,0.2747650146484375,3.791592887257581e-92,3.5777350833056003,0.9990838509481381,1.0845906303402583e-72,767.1917500831652,1,231,v0,nsF5,3,0.25,0.0320
31788,9659,26788,9315,0.3376617431640625,0.2666168212890625,3.356897779616064e-85,3.5887531903641747,0.9993413834093707,5.773537431927094e-69,728.8028642061016,1,231,v1,nsF5,3,0.55,0.0697
31630,9690,26643,9369,0.33477783203125,0.263580322265625,2.0758898490431554e-79,3.594198796901829,0.9994812070749765,1.6693816723716672e-64,696.4820993003901,1,231,v2,nsF5,2,0.35,0.0880
30663,10289,25500,9754,0.310882568359375,0.240264892578125,1.0678241010080091e-72,3.6187833176305477,0.9999076673057582,4.038345542399785e-57,658.6121179884857,1,231,v3,nsF5,2,0.85,0.2146
30061,10385,25378,10014,0.30023193359375,0.23443603515625,2.0223640906779105e-75,3.588669338981178,0.9993115544388613,3.1824022141724237e-57,674.0327346602426,1,231,v4,matrix,3,0.5,0.0629
25326,13051,21386,12120,0.1873016357421875,0.141387939453125,9.207152290394481e-35,3.6314836339599674,0.9998789630129604,6.605754495645208e-21,431.2379312163556,1,231,v5,matrix,2,0.8,0.2002
28019,12706,23164,11889,0.2336578369140625,0.1720428466796875,4.168531985904711e-121,4.416354561992448,0.9990728095535496,1.5052801761243265e-48,923.6930404239016,0,232,clean,,,,
27787,12807,22995,11880,0.22857666015625,0.1696014404296875,2.0494818471663556e-110,4.420383219153772,0.9992233592352506,7.549807773476731e-42,866.4848773055704,1,232,v0,nsF5,3,0.25,0.0317
27575,12938,22771,11918,0.2233428955078125,0.1656036376953125,7.733615862755187e-102,4.424328637304238,0.999467810091637,1.5268690552904112e-37,820.134524599774,1,232,v1,nsF5,3,0.55,0.0696
27577,12925,22691,11965,0.22357177734375,0.163665771484375,3.693237200701993e-97,4.425981035102776,0.9995883158289145,5.822637691356131e-37,794.6529423999554,1,232,v2,nsF5,2,0.35,0.0883
27165,13204,22138,12177,0.2130279541015625,0.1519927978515625,2.001840512569402e-78,4.432971201077095,0.9998970863002556,2.064224373711393e-28,690.9575905048612,1,232,v3,nsF5,2,0.85,0.2152
26390,13428,21887,12341,0.197784423828125,0.145660400390625,4.283178568630657e-87,4.424315666295876,0.9994366569727631,3.5024016876628706e-30,739.3091266399596,1,232,v4,matrix,3,0.5,0.0626
23826,15130,19587,13732,0.1326904296875,0.0893402099609375,1.012242417860251e-31,4.4402979376583955,0.99986979533476,5.918171783508729e-10,411.378722980056,1,232,v5,matrix,2,0.8,0.2004
33721,8459,28262,8513,0.385467529296875,0.3013458251953125,8.223820111285873e-183,2.942793959036322,0.9991932097823615,3.1596136891142205e-196,1245.099707322982,0,233,clean,,,,
33319,8652,27893,8668,0.3763885498046875,0.2933502197265625,1.4723779037877732e-177,2.952839333368364,0.9993640176254341,4.7742212684277785e-191,1218.1819030174513,1,233,v0,nsF5,3,0.25,0.0323
33026,8814,27459,8793,0.36944580078125,0.284820556640625,5.8172845642280064e-182,2.9624620837323272,0.9995650718358413,1.156792724668461e-194,1240.7503023853963,1,233,v1,nsF5,3,0.55,0.0707
32931,8937,27330,8889,0.366119384765625,0.2813873291015625,3.840078213228815e-204,2.9683958234876395,0.9996457133433168,1.3295713091949205e-215,1353.7736415383863,1,233,v2,nsF5,2,0.35,0.0900
32007,9557,26321,9281,0.342559814453125,0.260009765625,1.0007902560185712e-229,2.9916048896572405,0.9999099612438541,1.999358737083146e-239,1482.968439560917,1,233,v3,nsF5,2,0.85,0.2180
31118,9694,25985,9520,0.326904296875,0.2512359619140625,3.784805777338847e-130,2.96399486460638,0.9995169538402697,3.5186830683714884e-141,971.6435612710926,1,233,v4,matrix,3,0.5,0.0626
26261,12694,21728,11999,0.2070159912109375,0.1484527587890625,4.8498003193537173e-54,3.008166961018351,0.9998958972914049,6.721151466643018e-56,550.3348148281191,1,233,v5,matrix,2,0.8,0.2002
29957,7669,26208,10041,0.340087890625,0.2466888427734375,1.0790629688115967e-139,3.4188749010405837,0.9979373809251197,1.685425184881116e-38,1021.88774180557,0,234,clean,,,,
29509,7880,25826,10094,0.3300323486328125,0.24005126953125,3.408836528190173e-135,3.427327975635959,0.9983585882248535,3.0142053695858e-36,998.2473549394487,1,234,v0,nsF5,3,0.25,0.0317
29113,8131,25518,10216,0.320159912109375,0.233489990234375,1.4353101960903922e-126,3.435814632324487,0.9988318750262164,6.141346630026216e-35,952.7078635193847,1,234,v1,nsF5,3,0.55,0.0698
29229,8165,25361,10305,0.3214111328125,0.229736328125,1.511231545121888e-115,3.438666143793011,0.9990372741890046,9.699442164292045e-31,894.0202260625548,1,234,v2,nsF5,2,0.35,0.0883
28349,8750,24528,10546,0.2990570068359375,0.213348388671875,1.6777663310442258e-107,3.456036251225108,0.9997799013860424,5.484018675647058e-26,850.7910408229385,1,234,v3,nsF5,2,0.85,0.2148
27559,8736,24217,10816,0.2872161865234375,0.2044830322265625,3.283149134347315e-105,3.4359060133790242,0.9987741266068508,7.71155687516399e-28,838.4107837558028,1,234,v4,matrix,3,0.5,0.0627
23399,11273,20801,12716,0.185028076171875,0.1233673095703125,4.795836948314873e-33,3.467405631044177,0.9997396834853094,1.3557763702931935e-06,420.0751852798114,1,234,v5,matrix,2,0.8,0.2001
32490,8827,27848,9256,0.3610687255859375,0.28369140625,3.4485771549279227e-109,3.404871045704871,0.9967306468819903,3.98146080737917e-83,857.6345069259327,0,235,clean,,,,
32103,8993,27524,9418,0.352630615234375,0.276275634765625,1.000346350071043e-101,3.415579197998656,0.9973342175061076,2.063509689601854e-77,817.3138048933153,1,235,v0,nsF5,3,0.25,0.0321
31629,9181,27083,9524,0.342529296875,0.2679290771484375,1.0121914418377433e-98,3.426099162250842,0.9980671676999425,2.2242880917304402e-77,800.9785860684899,1,235,v1,nsF5,3,0.55,0.0708
31494,9338,26778,9635,0.33807373046875,0.2615814208984375,7.51276820349821e-97,3.4302913584858024,0.9985849496207866,1.1714588677516831e-75,790.7801817559498,1,235,v2,nsF5,2,0.35,0.0897
30440,10053,25481,10156,0.3110809326171875,0.2338409423828125,2.2985406445907387e-82,3.452685255670935,0.9996972230680008,1.7647855747789596e-69,710.9104814996217,1,235,v3,nsF5,2,0.85,0.2173
29789,9915,25625,10144,0.303253173828125,0.2362213134765625,5.659425775779726e-83,3.4268943992563,0.9979276319583912,4.203226759004747e-64,714.3016650370895,1,235,v4,matrix,3,0.5,0.0629
24937,12778,21057,12565,0.1855316162109375,0.12957763671875,5.975625955616092e-17,3.4660158167121655,0.9996517979831718,1.025202903656866e-14,305.63129444219993,1,235,v5,matrix,2,0.8,0.2004
34069,12270,29156,9560,0.3326263427734375,0.29901123046875,3.78882590169573e-159,3.8388928231591883,0.9869195938459725,7.321235549759569e-197,1120.8138082782734,0,236,clean,,,,
33483,12404,28444,9725,0.3216400146484375,0.2856292724609375,1.5630508867809226e-154,3.850427254926615,0.99025836394333,1.5110508120438152e-193,1096.8886011917823,1,236,v0,nsF5,3,0.25,0.0320
32855,12561,27781,9900,0.309661865234375,0.2728424072265625,4.9289601310590694e-151,3.8615183979476146,0.9929450543648527,1.0976925897411022e-188,1078.7078965567284,1,236,v1,nsF5,3,0.55,0.0700
32739,12682,27490,9925,0.3060455322265625,0.2680206298828125,5.11280810593967e-146,3.864572425764839,0.9939169395436083,6.0154677118210126e-179,1052.5741033296617,1,236,v2,nsF5,2,0.35,0.0885
31315,13318,25889,10361,0.2746124267578125,0.2369384765625,8.707532501666746e-163,3.882055117056109,0.998682179112611,5.361564803267097e-184,1142.1098513893958,1,236,v3,nsF5,2,0.85,0.2145
31066,13232,26177,10462,0.272125244140625,0.2397918701171875,3.6098308599177854e-112,3.860290295015638,0.9923718308211914,2.2946092086537092e-144,873.6461499849803,1,236,v4,matrix,3,0.5,0.0630
26136,15618,21395,12428,0.160491943359375,0.1368255615234375,1.0079317146421262e-35,3.8884128804965563,0.9983456666137033,3.0453662827772466e-53,435.68556175784903,1,236,v5,matrix,2,0.8,0.1999
28184,13415,22802,11900,0.2253570556640625,0.166351318359375,2.4190682918504797e-55,4.10354944211064,0.9997304894480705,3.741260857622773e-48,558.067110959536,0,237,clean,,,,
28049,13528,22608,11904,0.2215728759765625,0.163330078125,1.0115303829742782e-49,4.105164126390912,0.9997799013860424,5.832509058013856e-42,524.4508870966894,1,237,v0,nsF5,3,0.25,0.0320
27887,13575,22410,11928,0.2183837890625,0.159942626953125,7.98299801332387e-45,4.1066279322315244,0.999845573376624,4.006639202829872e-37,494.61445728008675,1,237,v1,nsF5,3,0.55,0.0701
27796,13688,22254,11977,0.21527099609375,0.1568145751953125,2.2499432602574812e-39,4.1074687640106875,0.9998609828276401,5.237522685502617e-36,460.68217163992136,1,237,v2,nsF5,2,0.35,0.0891
27406,14038,21753,12174,0.2039794921875,0.1461639404296875,5.2913213480830044e-20,4.110962221278198,0.9999640888082459,3.9244827504783484e-17,330.1337493476369,1,237,v3,nsF5,2,0.85,0.2164
26740,14143,21525,12419,0.1922149658203125,0.138946533203125,8.281642031903576e-42,4.107790450866406,0.9998209407487904,1.0171375883676474e-35,475.9413138230609,1,237,v4,matrix,3,0.5,0.0627
24040,16078,19417,13780,0.121490478515625,0.0860137939453125,1.2047414998901907e-13,4.117894200232468,0.9999689686619903,2.6038484763569788e-14,280.8778108989476,1,237,v5,matrix,2,0.8,0.2003
26690,16030,20476,12893,0.16265869140625,0.1157073974609375,4.840964410642129e-39,4.371440667224999,0.9999848250651269,5.141878110267566e-24,458.58194001288786,0,238,clean,,,,
26612,16105,20469,12995,0.1603240966796875,0.114044189453125,1.8653311523318238e-37,4.372119204613247,0.9999886457443776,8.501589082837222e-21,448.52324203196423,1,238,v0,nsF5,3,0.25,0.0320
26550,16147,20415,13037,0.1587371826171875,0.112579345703125,5.395122248771411e-34,4.37276178712215,0.9999854259945713,2.283960670462755e-19,426.2597239590136,1,238,v1,nsF5,3,0.55,0.0700
26500,16210,20267,12981,0.157012939453125,0.111175537109375,1.2780465245406252e-35,4.372997656991501,0.9999987529615874,9.541420955765966e-18,436.7706150731728,1,238,v2,nsF5,2,0.35,0.0892
26298,16386,20272,13052,0.1512451171875,0.11016845703125,1.5098711063701579e-30,4.373912546297033,0.9999977798188302,5.353516443520113e-19,403.60600376941306,1,238,v3,nsF5,2,0.85,0.2164
25832,16635,19842,13397,0.1403350830078125,0.0983428955078125,1.2756754508636148e-28,4.3737886559975605,0.9999844433192993,5.699214526003712e-17,390.69942999373507,1,238,v4,matrix,3,0.5,0.0626
24007,18154,18587,14299,0.0893096923828125,0.0654296875,2.121788675568706e-10,4.379676877926786,0.9999944914161005,6.115826642037252e-06,253.07799690991496,1,238,v5,matrix,2,0.8,0.2001
37788,7603,33995,6781,0.4605865478515625,0.415252685546875,0.0,2.9447674016836793,0.9817323699997327,3.16479268036637e-237,2109.727709059723,0,239,clean,,,,
37003,7845,33201,7043,0.444915771484375,0.399139404296875,0.0,2.971459630059674,0.9859572565337537,2.2229864536608277e-216,1989.3810335372577,1,239,v0,nsF5,3,0.25,0.0316
36195,8160,32223,7290,0.4277801513671875,0.3804473876953125,6.869614596959762e-306,2.9980752684316165,0.9899616365662927,8.347696788730009e-197,1853.44777435532,1,239,v1,nsF5,3,0.55,0.0694
35880,8280,31700,7395,0.421142578125,0.3708648681640625,2.973495315376203e-305,3.0097717999945854,0.9917996980301458,1.706307021204948e-181,1850.3109299525815,1,239,v2,nsF5,2,0.35,0.0881
33891,9225,29294,8218,0.376373291015625,0.32159423828125,1.5184418287078047e-268,3.0616188868952983,0.9979898606455246,1.3918671222199724e-146,1668.6735144567294,1,239,v3,nsF5,2,0.85,0.2138
33639,8846,29964,7998,0.3783111572265625,0.335174560546875,4.35416381323167e-261,2.994829596416202,0.9893654850380802,3.7804902851696855e-172,1631.5923527279388,1,239,v4,matrix,3,0.5,0.0628
26491,12307,22974,11301,0.2164306640625,0.1781158447265625,2.1485296946242435e-119,3.07706061306457,0.9975642237651059,1.1839752261038727e-67,907.6573005682532,1,239,v5,matrix,2,0.8,0.2001
37613,7498,32737,6852,0.4595184326171875,0.3949737548828125,0.0,2.8978383022712846,0.9960261362500964,2.424327938594197e-100,2002.9404144361415,0,240,clean,,,,
36965,7758,32043,7058,0.4456634521484375,0.3812408447265625,6.0861500088547e-311,2.912841640985229,0.9969246484611637,4.793885176592992e-95,1887.065139036232,1,240,v0,nsF5,3,0.25,0.0314
36317,7961,31323,7301,0.43267822265625,0.366546630859375,3.628880877622521e-297,2.9283956617320523,0.9978560379169701,4.0738768369899923e-91,1816.1726906548365,1,240,v1,nsF5,3,0.55,0.0694
36001,8084,30923,7322,0.4259796142578125,0.3601226806640625,3.968472274107009e-282,2.93579688216528,0.9981577653223506,3.8800943704074533e-90,1741.7329841007108,1,240,v2,nsF5,2,0.35,0.0882
34494,8764,28907,8010,0.392608642578125,0.3188629150390625,6.3549174958478966e-239,2.969799763303584,0.9995955302638242,1.3093439798248245e-75,1526.4288946430515,1,240,v3,nsF5,2,0.85,0.2142
33872,8765,29261,8095,0.3831024169921875,0.322967529296875,1.9000446271593207e-250,2.928624410490742,0.997696740258124,1.4386568156248636e-70,1586.845660795765,1,240,v4,matrix,3,0.5,0.0625
27353,12111,23034,11026,0.232574462890625,0.1832275390625,1.449626479780697e-99,2.985407721237521,0.99949165525827,1.7118817035901805e-21,807.7749111777918,1,240,v5,matrix,2,0.8,0.1999
32136,10085,26913,9612,0.3364715576171875,0.2639923095703125,2.0519565001271909e-128,3.4610937208720616,0.9993513449345555,5.1566293484207135e-64,962.4753502403653,0,241,clean,,,,
31787,10213,26563,9686,0.329193115234375,0.2575225830078125,6.088204946672591e-127,3.466227165442534,0.9994866651692775,1.9098439799504015e-67,954.6810988970493,1,241,v0,nsF5,3,0.25,0.0315
31381,10414,26197,9797,0.3199310302734375,0.250244140625,1.538503729519775e-130,3.4714992523250845,0.9996630943936774,2.5065369203593697e-68,973.7087010971721,1,241,v1,nsF5,3,0.55,0.0695
31325,10473,26050,9854,0.31817626953125,0.24713134765625,7.997990874713814e-120,3.4734771280782177,0.9996605868900776,5.187849463287105e-69,916.8586232738671,1,241,v2,nsF5,2,0.35,0.0884
30403,11006,25161,10116,0.2959747314453125,0.2295684814453125,1.0876714290311983e-119,3.4854092782379458,0.9999119828425616,3.1804030811710497e-71,916.1469334950914,1,241,v3,nsF5,2,0.85,0.2141
29679,11237,24861,10499,0.281402587890625,0.219146728515625,1.3077041313422719e-97,3.4720729042499876,0.9996241278584421,5.498659196531103e-49,797.1149344317065,1,241,v4,matrix,3,0.5,0.0626
25432,13765,21284,12323,0.1780242919921875,0.1367340087890625,4.394361447178103e-33,3.4934326477821274,0.9999048384904252,2.0092591592095248e-22,420.3233783720293,1,241,v5,matrix,2,0.8,0.2004
31575,11918,25204,10257,0.2999420166015625,0.2280731201171875,2.0397834354947594e-116,3.561346622801628,0.9998664400587833,2.110755830215448e-113,896.3864721597116,0,242,clean,,,,
31380,12003,24930,10331,0.2956695556640625,0.2227630615234375,3.136154831566246e-113,3.566412818623399,0.9999071675249398,8.753988576444216e-112,879.3354005098914,1,242,v0,nsF5,3,0.25,0.0326
31141,12192,24692,10376,0.2891387939453125,0.21844482421875,1.1706091726221855e-113,3.572114640477019,0.9999435719305032,1.714384965052228e-111,881.6284304341136,1,242,v1,nsF5,3,0.55,0.0719
31087,12142,24683,10384,0.2890777587890625,0.2181854248046875,4.971035982079934e-115,3.573828044898579,0.9999324388546966,1.1367049771226511e-108,888.9725383414653,1,242,v2,nsF5,2,0.35,0.0905
30624,12443,24137,10539,0.2774200439453125,0.207489013671875,1.740255002965424e-138,3.58679596976789,0.999981218631361,3.4728272812710415e-128,1010.7785796753349,1,242,v3,nsF5,2,0.85,0.2206
29636,12942,23510,10989,0.254730224609375,0.1910552978515625,2.8211144420572845e-78,3.574850631330266,0.999922205319016,5.174901163464966e-78,688.0391714097909,1,242,v4,matrix,3,0.5,0.0625
26057,15025,20676,12609,0.1683349609375,0.1230926513671875,9.506189109861284e-24,3.6017583409662097,0.9999762574922756,5.820209587768359e-26,355.505512262734,1,242,v5,matrix,2,0.8,0.1995
33162,10247,26992,9430,0.3496551513671875,0.267974853515625,2.673256721423061e-192,3.446658453600328,0.998407435191873,5.276327951536334e-87,1277.991179894119,0,243,clean,,,,
32803,10402,26618,9501,0.3418121337890625,0.2611846923828125,9.302766090692575e-188,3.454604398727587,0.9988396317203245,1.1055214758122428e-84,1254.9115358773981,1,243,v0,nsF5,3,0.25,0.0320
32380,10607,26276,9661,0.3322296142578125,0.2535247802734375,2.8146333454768586e-189,3.463554684882995,0.9991703610169834,3.091111101889891e-92,1262.6367007868748,1,243,v1,nsF5,3,0.55,0.0701
32247,10643,26080,9750,0.32965087890625,0.249176025390625,3.676156742863493e-161,3.467572058232723,0.999285063867392,1.0864254965886164e-87,1118.791247823896,1,243,v2,nsF5,2,0.35,0.0893
31427,11188,25305,10130,0.3088226318359375,0.2315521240234375,2.555343746715241e-149,3.486081740717666,0.9998302858040891,3.9924402502481615e-94,1060.0255077109084,1,243,v3,nsF5,2,0.85,0.2163
30674,11339,24900,10309,0.2950286865234375,0.2226409912109375,9.996177099453632e-152,3.4640656259152753,0.9991190856897633,4.1647652672102274e-69,1070.0547186148203,1,243,v4,matrix,3,0.5,0.0627
26290,13882,21148,12389,0.1893310546875,0.1336517333984375,1.078711333934548e-52,3.4982370568628145,0.9998004916817274,1.7874338960069863e-26,530.8408558482432,1,243,v5,matrix,2,0.8,0.2007
32706,9367,27409,9202,0.3561248779296875,0.2778167724609375,2.2165452630165173e-161,3.3879752904753966,0.9989052718192502,1.6652415136163018e-139,1104.8271327607579,0,244,clean,,,,
32399,9504,27123,9350,0.3493499755859375,0.2711944580078125,9.449893235170367e-163,3.3960492702903853,0.9992235402079717,1.1920901983746266e-140,1114.3863895187858,1,244,v0,nsF5,3,0.25,0.0315
32025,9742,26713,9424,0.3400115966796875,0.2638092041015625,6.231372350147873e-156,3.40482897990298,0.9994162851643518,5.131208033577252e-138,1079.3485124792967,1,244,v1,nsF5,3,0.55,0.0693
31705,9910,26377,9576,0.3325653076171875,0.2563629150390625,1.373012288767708e-162,3.4089836438508843,0.9995043130028629,4.722975982004287e-137,1111.020614990808,1,244,v2,nsF5,2,0.35,0.0885
30730,10434,25394,9846,0.3096923828125,0.23724365234375,4.7394469228146175e-150,3.4278807600716172,0.9998754375719736,1.4585458920812848e-123,1044.0485056881787,1,244,v3,nsF5,2,0.85,0.2157
30210,10549,25177,10180,0.3000030517578125,0.2288360595703125,3.692819028011245e-117,3.4056673295098263,0.9993764030906158,9.322833315832036e-106,874.8683638400832,1,244,v4,matrix,3,0.5,0.0626
25527,13233,21235,12189,0.187591552734375,0.138031005859375,7.959495847127173e-47,3.4397111936928226,0.9998398737405044,3.363397041414326e-46,484.42780605419284,1,244,v5,matrix,2,0.8,0.2014
32362,8907,27762,9112,0.3578948974609375,0.284576416015625,2.9965768863812767e-77,3.465895178206516,0.9982410126852586,2.9404967948711065e-64,637.7651632942304,0,245,clean,,,,
31972,9066,27313,9186,0.349517822265625,0.2765960693359375,1.2017997888317664e-74,3.4752382481121304,0.9986041872905786,3.7407856653337193e-60,623.4469809825456,1,245,v0,nsF5,3,0.25,0.0319
31523,9260,26889,9390,0.3397064208984375,0.2670135498046875,1.7096093597637298e-71,3.4847840421552765,0.9990818841242568,3.178015671040758e-55,606.017308605048,1,245,v1,nsF5,3,0.55,0.0696
31389,9262,26746,9390,0.3376312255859375,0.26483154296875,3.5818647668263856e-84,3.488183496772852,0.9991921026145589,2.4967673445844615e-67,675.551951016532,1,245,v2,nsF5,2,0.35,0.0885
30535,9869,25657,9676,0.315338134765625,0.2438507080078125,1.7435172556430102e-85,3.5091603605486887,0.9997956942010959,2.0749898603960394e-69,682.6734815124701,1,245,v3,nsF5,2,0.85,0.2148
29839,9987,25480,10086,0.30291748046875,0.234893798828125,3.6606072066018663e-51,3.4847221920077946,0.9989872695701263,6.68104847670157e-39,490.7605827938583,1,245,v4,matrix,3,0.5,0.0627
25220,12606,21467,12181,0.192474365234375,0.141693115234375,1.75508611292304e-23,3.522590352146804,0.9997293156193038,2.151195105723214e-20,319.323476370846,1,245,v5,matrix,2,0.8,0.2000
33253,9821,27422,9073,0.3575439453125,0.2799835205078125,1.1194855914416542e-195,3.2459275390179525,0.997374994182211,2.590702289659955e-99,1310.7632189447727,0,246,clean,,,,
32891,9990,27028,9202,0.3494415283203125,0.272003173828125,5.5019844226412105e-188,3.25486879777629,0.9980754420041351,5.145917105913484e-97,1271.552680972756,1,246,v0,nsF5,3,0.25,0.0320
32479,10250,26633,9432,0.3391876220703125,0.2624664306640625,7.241628269897683e-175,3.2640698009127185,0.9986553992556622,2.0597680536505126e-94,1204.3620567956661,1,246,v1,nsF5,3,0.55,0.0704
32180,10359,26419,9342,0.3329620361328125,0.2605743408203125,1.4906020123086932e-164,3.267858103999091,0.9987688904810956,9.293397929588671e-92,1151.2381931105315,1,246,v2,nsF5,2,0.35,0.0897
31295,11042,25502,9729,0.3090362548828125,0.2406768798828125,1.0153562204757305e-132,3.2864767003133757,0.999704522510121,2.414155598698672e-80,985.2152605672975,1,246,v3,nsF5,2,0.85,0.2169
30743,10945,25167,10096,0.302093505859375,0.2299652099609375,4.277310001169753e-139,3.2642910635014597,0.9985542410185704,3.1193738686618e-67,1018.7496881565311,1,246,v4,matrix,3,0.5,0.0628
26172,13815,21299,12156,0.1885528564453125,0.1395111083984375,3.1401561353537497e-43,3.300403548671663,0.9996724440936902,1.946378280448014e-27,484.7710500386764,1,246,v5,matrix,2,0.8,0.2004
26174,15390,21096,13036,0.16455078125,0.12298583984375,6.089599387731628e-118,4.840247619658102,0.9996475442704803,3.645529473448272e-108,906.8209420369932,0,247,clean,,,,
26010,15510,20902,13103,0.16021728515625,0.1190032958984375,9.487989815157589e-103,4.840801267767143,0.9997153594183572,1.1833516229769579e-93,825.0801772301725,1,247,v0,nsF5,3,0.25,0.0318
25870,15582,20858,13074,0.156982421875,0.1187744140625,2.0067248863556798e-80,4.841508722580256,0.9997808636133472,9.52137519222016e-76,702.1678257152354,1,247,v1,nsF5,3,0.55,0.0700
25855,15606,20737,13237,0.1563873291015625,0.11444091796875,4.833333002300421e-79,4.840961592590219,0.9998544779398718,6.876230444268986e-72,694.4229905937539,1,247,v2,nsF5,2,0.35,0.0889
25481,15742,20379,13322,0.1486053466796875,0.1076812744140625,1.0565295895683968e-45,4.841318408213695,0.9999642830815608,3.0014382079657577e-33,500.0074870212981,1,247,v3,nsF5,2,0.85,0.2152
25043,16021,20206,13382,0.137664794921875,0.1041259765625,9.235999765542272e-80,4.842469778456994,0.9997799013860424,3.0958565121572368e-74,698.4540132706045,1,247,v4,matrix,3,0.5,0.0627
22942,17299,18656,14438,0.0861053466796875,0.064361572265625,3.021508801407812e-25,4.846688578631154,0.9999644381208219,3.7371795422737244e-21,367.60019004482444,1,247,v5,matrix,2,0.8,0.2000
30206,10510,25360,10626,0.300537109375,0.224822998046875,2.652269340289798e-132,3.683051797970549,0.9988356457932288,6.422326500477722e-126,983.016240846721,0,248,clean,,,,
29993,10570,25104,10725,0.2963714599609375,0.2194061279296875,9.8063752588505e-124,3.6883874817715983,0.9991200492125876,9.515642848053618e-121,937.6703030839824,1,248,v0,nsF5,3,0.25,0.0315
29675,10712,24709,10831,0.2893524169921875,0.211761474609375,3.94745475636517e-115,3.6937839597408253,0.9993112136121511,6.479299525020445e-115,891.7882877399276,1,248,v1,nsF5,3,0.55,0.0692
29587,10827,24448,10766,0.2862548828125,0.208770751953125,1.1438403137560933e-117,3.6962367905592735,0.9995323848049569,1.4923067586228265e-114,905.3589818993574,1,248,v2,nsF5,2,0.35,0.0880
28933,11355,23835,11143,0.268218994140625,0.19366455078125,3.6350071832856154e-120,3.708052374821247,0.9999013230821815,2.5978880106646677e-117,918.6837382236572,1,248,v3,nsF5,2,0.85,0.2140
28172,11436,23515,11397,0.25537109375,0.184906005859375,1.088617790222571e-87,3.693931917036655,0.9992981996671757,1.5765325361012596e-87,742.602507264997,1,248,v4,matrix,3,0.5,0.0625
24508,13803,20529,13045,0.1633453369140625,0.11419677734375,1.0261411926120056e-46,3.7156577441175225,0.9998884827277468,4.188804616987867e-44,506.2021152827292,1,248,v5,matrix,2,0.8,0.2000
30525,9991,25587,10142,0.313323974609375,0.2356719970703125,1.4241583626665796e-107,3.645996113299066,0.9978991404469681,4.309615265533329e-68,851.1750591146778,0,249,clean,,,,
30278,10126,25230,10270,0.3074951171875,0.228271484375,7.420504181620621e-105,3.6522511385893695,0.9983414363273279,8.019543192616187e-67,836.4946936295851,1,249,v0,nsF5,3,0.25,0.0315
29947,10253,24865,10354,0.300506591796875,0.2214202880859375,6.070836829216927e-102,3.6586568759945473,0.9987519680433625,3.4907130165204017e-65,820.7054181640524,1,249,v1,nsF5,3,0.55,0.0691
29846,10414,24798,10470,0.2965087890625,0.2186279296875,2.573107688559817e-93,3.6609260044690477,0.9990078326310421,2.5191271814340936e-59,773.6105339257172,1,249,v2,nsF5,2,0.35,0.0879
29154,10878,23897,10775,0.27886962890625,0.200225830078125,1.2491694294367873e-82,3.6739415582920008,0.9997365311544204,2.2293951724303703e-53,714.4941072110084,1,249,v3,nsF5,2,0.85,0.2129
28409,10927,23656,10949,0.266754150390625,0.1938934326171875,3.522332572464203e-75,3.6588674362601608,0.9986573040431606,1.9689016084299982e-47,672.6711786762389,1,249,v4,matrix,3,0.5,0.0625
24572,13426,20569,12937,0.170074462890625,0.116455078125,1.7003698897319827e-23,3.6841123905818325,0.9996977877262982,1.9526511031810454e-15,355.33163846435576,1,249,v5,matrix,2,0.8,0.1996
30910,7554,26714,9616,0.35638427734375,0.260894775390625,1.1371088563437259e-89,3.5626477920789767,0.9995413284338923,7.552892715400797e-28,753.5490016862728,0,250,clean,,,,
30457,7754,26371,9758,0.3464202880859375,0.2534942626953125,4.5535353645993524e-85,3.5705378922275024,0.9996457133433168,4.342837789094942e-29,728.0672789410032,1,250,v0,nsF5,3,0.25,0.0319
30004,7990,25971,9932,0.335906982421875,0.2447357177734375,4.0897242206488944e-81,3.578210521153269,0.9997661095443034,1.7021787663414018e-24,706.0328669717595,1,250,v1,nsF5,3,0.55,0.0701
29953,8134,25929,9990,0.3329315185546875,0.2432098388671875,3.009690778346593e-74,3.5837098848568107,0.999753430281844,1.391181238090803e-21,667.4009533682248,1,250,v2,nsF5,2,0.35,0.0892
29138,8715,24930,10261,0.3116302490234375,0.2238311767578125,2.4647431391684137e-59,3.6019185091579784,0.9999308283695008,9.872469094679973e-19,581.5877658528068,1,250,v3,nsF5,2,0.85,0.2164
28268,8732,24557,10603,0.298095703125,0.212921142578125,5.4751717884079105e-71,3.579294225105133,0.9997319797222384,5.3834097322728036e-24,648.8847639387279,1,250,v4,matrix,3,0.5,0.0628
23759,11328,20912,12470,0.1896820068359375,0.128814697265625,2.788312216900403e-17,3.6135965723787846,0.9999283770721539,7.698361769386375e-08,309.6870761418164,1,250,v5,matrix,2,0.8,0.2008
28894,10668,24069,10804,0.278106689453125,0.2024078369140625,1.4350372055008231e-68,3.9545548361478313,0.9990334415920213,2.2927583786859897e-31,635.0670636517356,0,251,clean,,,,
28788,10815,23882,10945,0.2742462158203125,0.1974029541015625,6.039589953969945e-68,3.9597507113074193,0.9992855846959257,1.6411033369496754e-29,631.4893299406647,1,251,v0,nsF5,3,0.25,0.0316
28643,10924,23657,11029,0.2703704833984375,0.19268798828125,1.2540145054965553e-64,3.9654838474490335,0.9994776512505987,1.0754717982559882e-26,612.3886924613837,1,251,v1,nsF5,3,0.55,0.0693
28444,11033,23634,10992,0.2656707763671875,0.192901611328125,5.306973786459971e-68,3.967762009791565,0.9995287267805859,2.3333799475945825e-30,631.8114564436223,1,251,v2,nsF5,2,0.35,0.0880
28088,11450,23139,11347,0.253875732421875,0.179931640625,1.518030246323878e-70,3.979771939454342,0.9999028649199158,7.531312658984463e-35,646.3596861950664,1,251,v3,nsF5,2,0.85,0.2137
27235,11605,22629,11607,0.238494873046875,0.168182373046875,1.779016771615189e-45,3.9659200736966707,0.9994559097192761,1.0883842856908887e-19,498.6197680187535,1,251,v4,matrix,3,0.5,0.0627
23885,13766,20129,13175,0.1544036865234375,0.106109619140625,2.2751685576027973e-17,3.987929982911636,0.9998805294007074,4.314406049025815e-09,310.36386957112103,1,251,v5,matrix,2,0.8,0.1999
33609,9106,29582,9067,0.3738861083984375,0.3130340576171875,9.942158220570863e-151,3.9061358445793712,0.9928104819849788,1.0203114285261132e-129,1079.5559033438067,0,252,clean,,,,
33118,9249,28987,9235,0.3642120361328125,0.3013916015625,1.84825670212583e-134,3.918598441139346,0.9944893496968152,2.1048121187341026e-128,994.3826760516415,1,252,v0,nsF5,3,0.25,0.0315
32605,9419,28375,9328,0.353790283203125,0.2906341552734375,4.0264999912366314e-120,3.930875625839031,0.996083306520239,3.0482839012327362e-117,918.4470351112423,1,252,v1,nsF5,3,0.55,0.0692
32239,9583,27993,9490,0.345703125,0.2823333740234375,2.3593157803627997e-137,3.9362763930368594,0.9968074922730522,1.3928862610691792e-118,1009.6046133803914,1,252,v2,nsF5,2,0.35,0.0882
30950,10400,26521,10019,0.313568115234375,0.251800537109375,1.3228709916956257e-102,3.9599491458144156,0.9992472434027472,5.5918739700877865e-98,824.2970952728714,1,252,v3,nsF5,2,0.85,0.2141
30534,10039,26590,9937,0.3127288818359375,0.2541046142578125,3.635861648430639e-98,3.929567027127609,0.9958717906087146,6.700040029995372e-95,800.1483410566742,1,252,v4,matrix,3,0.5,0.0625
24963,12806,21609,12280,0.1855010986328125,0.1423492431640625,3.248360512318617e-38,3.9699875049681115,0.9990808999209513,3.644911258737768e-30,453.3484951564359,1,252,v5,matrix,2,0.8,0.2003
41803,3809,37433,5050,0.579742431640625,0.4941253662109375,0.0,2.108556304546366,0.9615322744056425,0.0,17845.872769317644,0,253,clean,,,,
40782,4108,36356,5335,0.559600830078125,0.4733428955078125,0.0,2.1390117794996653,0.9707012035074626,0.0,16268.106923039153,1,253,v0,nsF5,3,0.25,0.0315
39594,4542,35206,5632,0.53485107421875,0.451263427734375,0.0,2.170552741299375,0.9787697845688009,0.0,14484.596922786995,1,253,v1,nsF5,3,0.55,0.0694
38940,4767,34443,5818,0.5214385986328125,0.4367828369140625,0.0,2.1846292596313313,0.9829066088559063,0.0,13603.842982631415,1,253,v2,nsF5,2,0.35,0.0884
36315,6140,31575,6882,0.4604339599609375,0.3767852783203125,0.0,2.246136717785834,0.9960510972157833,0.0,9030.996434410783,1,253,v3,nsF5,2,0.85,0.2146
36578,5428,32561,6566,0.475311279296875,0.3966522216796875,0.0,2.167834662489884,0.9774574825412566,0.0,13820.54928201772,1,253,v4,matrix,3,0.5,0.0627
27486,9707,24270,10250,0.2712860107421875,0.21392822265625,0.0,2.2626126973963903,0.9951785101501182,0.0,6407.206626338307,1,253,v5,matrix,2,0.8,0.2006
35844,7274,31433,7589,0.435943603515625,0.36383056640625,1.1685045858061366e-208,2.973626613143336,0.9943205096716212,5.232405364539404e-181,1376.666628052987,0,254,clean,,,,
35168,7506,30762,7726,0.422088623046875,0.35150146484375,3.5205269206719946e-208,2.9873744317185684,0.995725555675547,2.122617170117212e-181,1374.2407456032395,1,254,v0,nsF5,3,0.25,0.0316
34577,7747,29990,7888,0.409393310546875,0.337249755859375,4.428296089809869e-204,3.002584945650766,0.9968561489252268,1.7449347793461692e-178,1353.4596485319116,1,254,v1,nsF5,3,0.55,0.0695
34347,7888,29741,8029,0.4037322998046875,0.331298828125,4.347393152296701e-194,3.009371219761671,0.9975565209075341,7.430033085798344e-180,1302.671928037292,1,254,v2,nsF5,2,0.35,0.0882
32831,8778,27984,8768,0.3670196533203125,0.293212890625,4.516931669685152e-187,3.0404086682422937,0.9994131431139802,7.169542540723132e-172,1266.8829615453883,1,254,v3,nsF5,2,0.85,0.2142
32286,8517,28114,8576,0.3626861572265625,0.298126220703125,3.4060133070217725e-161,3.0021361316806847,0.9966536375680155,1.1451855514978322e-136,1133.8739211921843,1,254,v4,matrix,3,0.5,0.0625
26170,11951,22534,11590,0.2169647216796875,0.1669921875,1.870200997118904e-58,3.0532995908069256,0.9993125764126791,1.0475831268407961e-50,576.424940225955,1,254,v5,matrix,2,0.8,0.1998
41996,5288,38602,4994,0.56011962890625,0.5128173828125,0.0,2.3493724786587586,0.9738036359469724,7.476346314183802e-181,3069.4815028687844,0,255,clean,,,,
40941,5540,37422,5208,0.5401763916015625,0.491546630859375,0.0,2.383838886124026,0.9797045264056314,1.2934496352230044e-172,2981.130613154166,1,255,v0,nsF5,3,0.25,0.0318
39958,5855,36264,5521,0.5203704833984375,0.4691009521484375,0.0,2.417594469705256,0.9854887108901369,3.26225128683708e-163,2810.864262368931,1,255,v1,nsF5,3,0.55,0.0695
39556,6025,35686,5712,0.5116424560546875,0.457366943359375,0.0,2.4317924415113574,0.9878028704034372,3.2931678817511007e-155,2581.771529902001,1,255,v2,nsF5,2,0.35,0.0881
37012,7107,32656,6685,0.4563140869140625,0.3962860107421875,0.0,2.498387894775949,0.9972506973942892,2.5703003053391843e-140,2171.1489098116585,1,255,v3,nsF5,2,0.85,0.2147
36761,6733,33312,6371,0.45819091796875,0.4110870361328125,0.0,2.4143291376001885,0.9845461663449326,5.868515819364439e-129,2477.9068051850913,1,255,v4,matrix,3,0.5,0.0625
27946,10575,24752,10159,0.2650604248046875,0.2226715087890625,3.9439540722307103e-174,2.5183664317780123,0.9965134472986223,4.572164876396558e-55,1193.0046225735427,1,255,v5,matrix,2,0.8,0.1999
36626,7229,30673,7405,0.4485626220703125,0.35504150390625,0.0,2.8849200950907323,0.9975394672780838,3.616813444217857e-205,3453.768984841425,0,256,clean,,,,
36145,7450,30188,7515,0.4378509521484375,0.3459625244140625,0.0,2.900588530973424,0.9981196471162199,4.7637969806560834e-189,3185.413448293336,1,256,v0,nsF5,3,0.25,0.0319
35631,7663,29653,7684,0.4267578125,0.3352203369140625,0.0,2.916585563307654,0.998664434960464,6.830248615703705e-169,2895.359409369224,1,256,v1,nsF5,3,0.55,0.0698
35229,7894,29329,7888,0.4170989990234375,0.3271636962890625,0.0,2.9229709725071444,0.9988614320607928,2.9559613563591654e-159,2667.602710912134,1,256,v2,nsF5,2,0.35,0.0883
33859,8705,27879,8607,0.383819580078125,0.2940673828125,0.0,2.958359878648804,0.9997681902128519,1.339674909343975e-141,2007.0761866817907,1,256,v3,nsF5,2,0.85,0.2151
33297,8541,27743,8529,0.37774658203125,0.293182373046875,0.0,2.915879139419436,0.9985910517452115,2.270744943240853e-143,2662.9481216249183,1,256,v4,matrix,3,0.5,0.0626
26998,11966,22470,11535,0.2293701171875,0.1668548583984375,7.85196980370149e-212,2.976138029278572,0.9996873136307984,4.413350779619547e-67,1392.7245409203147,1,256,v5,matrix,2,0.8,0.1996
37177,7474,32953,7018,0.4532318115234375,0.3957366943359375,0.0,2.954927340184458,0.9881843414514446,0.0,2843.997067845389,0,257,clean,,,,
36523,7670,32217,7151,0.4402618408203125,0.382476806640625,0.0,2.973343309700219,0.990958918415034,0.0,2721.895195761525,1,257,v0,nsF5,3,0.25,0.0319
35724,7989,31388,7387,0.4232025146484375,0.3662261962890625,0.0,2.991969171662566,0.9934004487357069,0.0,2665.5610573640556,1,257,v1,nsF5,3,0.55,0.0699
35214,8060,30838,7500,0.414337158203125,0.356109619140625,0.0,2.9987038469750398,0.9946294469070611,0.0,2578.895810510201,1,257,v2,nsF5,2,0.35,0.0889
33525,8946,28790,8139,0.3750457763671875,0.3151092529296875,0.0,3.034604560616189,0.9988793322543219,0.0,2364.0496862999057,1,257,v3,nsF5,2,0.85,0.2156
33436,8740,29379,8145,0.3768310546875,0.324005126953125,0.0,2.9907135492686927,0.9929007044686371,0.0,2199.3020424016054,1,257,v4,matrix,3,0.5,0.0628
26630,12145,23128,11138,0.2210235595703125,0.182952880859375,2.8392684886100976e-157,3.051614593096462,0.9986107319716726,1.4199327518070831e-157,1113.5622487799887,1,257,v5,matrix,2,0.8,0.2005
34246,7949,28764,8442,0.4012603759765625,0.310089111328125,0.0,2.998443949370249,0.9981558128963048,0.0,3216.048432346594,0,258,clean,,,,
33918,8102,28353,8612,0.3939208984375,0.3012237548828125,0.0,3.0086929960046604,0.9986131520210029,0.0,3056.523081129705,1,258,v0,nsF5,3,0.25,0.0314
33561,8290,27908,8720,0.3856048583984375,0.29278564453125,0.0,3.0195062012710405,0.9989789852497208,6.649139984268436e-308,2842.089973716354,1,258,v1,nsF5,3,0.55,0.0687
33158,8519,27675,8786,0.3759613037109375,0.2882232666015625,0.0,3.024304030448831,0.9991315703378567,1.6969284198890913e-274,2621.1564940007847,1,258,v2,nsF5,2,0.35,0.0881
32267,9072,26643,9194,0.3539276123046875,0.2662506103515625,0.0,3.048891997497785,0.9997690790817377,3.5041372231822505e-187,1976.1915810562703,1,258,v3,nsF5,2,0.85,0.2136
31472,9124,26355,9547,0.34100341796875,0.2564697265625,0.0,3.019129542396898,0.9989461428932932,1.6088772414421615e-279,2563.818174801606,1,258,v4,matrix,3,0.5,0.0622
26049,12204,21848,11932,0.2112579345703125,0.15130615234375,4.848454818976441e-184,3.062600747470165,0.9997239478806308,1.5878105133206758e-108,1251.390472002539,1,258,v5,matrix,2,0.8,0.1999
32702,8524,27657,8937,0.368927001953125,0.28564453125,2.3390391624750474e-103,3.292809351629667,0.9990692464790822,3.516403385655548e-54,828.3779580162714,0,259,clean,,,,
32283,8692,27309,9026,0.3599700927734375,0.2789764404296875,1.4952278773297496e-97,3.3030739416858115,0.9993175052464328,3.562403142788991e-49,796.7972413874181,1,259,v0,nsF5,3,0.25,0.0315
32031,8906,27021,9150,0.3528594970703125,0.2726898193359375,8.253128776671068e-95,3.313412414966464,0.9995233547918123,3.435987660557845e-50,781.8026326917166,1,259,v1,nsF5,3,0.55,0.0691
31882,9073,26722,9224,0.3480377197265625,0.266998291015625,3.8891506501786768e-87,3.3194566339034424,0.9995639877939159,1.3577489999786883e-43,739.5412495211613,1,259,v2,nsF5,2,0.35,0.0887
30848,9792,25639,9681,0.3212890625,0.243499755859375,1.3406911603181864e-84,3.3431258738313216,0.9999160166866419,2.134231361499921e-34,725.4607053803518,1,259,v3,nsF5,2,0.85,0.2142
30197,9656,25493,9838,0.3134307861328125,0.2388763427734375,1.521950731293821e-70,3.3132294224536634,0.9994906298801199,4.993254728888034e-38,646.3532966348763,1,259,v4,matrix,3,0.5,0.0626
25399,12629,21375,12154,0.194854736328125,0.1407012939453125,8.915069895135089e-26,3.356320478886132,0.9998950343153187,5.043637011539941e-09,371.27476549416866,1,259,v5,matrix,2,0.8,0.2007
37311,5991,32912,6902,0.4779052734375,0.396881103515625,2.334438084440329e-223,2.399487918975725,0.9911063170113275,3.322489354220567e-207,1450.9161928492522,0,260,clean,,,,
36682,6170,32196,7017,0.465576171875,0.3842010498046875,5.483752615462648e-229,2.4185990742000616,0.9932905633358009,8.9282449581912e-209,1479.2533628865121,1,260,v0,nsF5,3,0.25,0.0317
35886,6442,31431,7195,0.44927978515625,0.36981201171875,2.5216723458794479e-228,2.4381899014284008,0.9953059016301598,8.052389122887305e-207,1475.9203812821117,1,260,v1,nsF5,3,0.55,0.0696
35690,6709,31038,7344,0.4422149658203125,0.361541748046875,9.698507179741263e-212,2.447734294483935,0.9956884913385611,6.641865143958429e-190,1392.2605392503995,1,260,v2,nsF5,2,0.35,0.0884
34021,7523,29260,7938,0.404327392578125,0.325347900390625,4.564509065626127e-213,2.4888268375740683,0.9988873626992167,2.8247461239903954e-186,1398.9733279597447,1,260,v3,nsF5,2,0.85,0.2139
33411,7329,29279,8060,0.397979736328125,0.3237762451171875,3.8094808747997023e-169,2.436947641614058,0.9949250815469155,1.1966935445406513e-151,1174.9287111273275,1,260,v4,matrix,3,0.5,0.0626
26646,10882,23164,11083,0.24053955078125,0.1843414306640625,9.062166299495374e-58,2.507104190703318,0.9986422672586931,1.5032937200253037e-55,572.3958912523185,1,260,v5,matrix,2,0.8,0.1998
33263,12646,28846,10068,0.3145904541015625,0.286529541015625,6.052099840527737e-135,4.515937261574311,0.990589827291546,4.347396106856644e-53,994.5662590154463,0,261,clean,,,,
32627,12759,28167,10143,0.30316162109375,0.2750244140625,6.8308627284513e-134,4.528829197459948,0.9927856257117019,5.227721242226775e-47,989.0281819288981,1,261,v0,nsF5,3,0.25,0.0320
32040,12907,27476,10306,0.2919464111328125,0.261993408203125,5.539177181009045e-138,4.541403786095516,0.9948683971910619,5.854053907166977e-46,1010.5287814020493,1,261,v1,nsF5,3,0.55,0.0699
31832,12975,27059,10538,0.2877349853515625,0.2520904541015625,4.315199645818429e-132,4.54772335622211,0.9954942172337098,7.934162675254888e-48,979.5444537821232,1,261,v2,nsF5,2,0.35,0.0889
30330,13646,25244,11078,0.25457763671875,0.216156005859375,1.9703766747618326e-138,4.569839312531249,0.9990551254531237,4.048599018975979e-51,1010.4958624491385,1,261,v3,nsF5,2,0.85,0.2160
30387,13439,25952,10823,0.25860595703125,0.2308502197265625,5.429641838193246e-102,4.540625792236933,0.9945341662100848,1.9281679682217003e-31,818.7535353649243,1,261,v4,matrix,3,0.5,0.0625
25358,15547,21036,12954,0.1497039794921875,0.123321533203125,2.3204768688348913e-33,4.578235656462803,0.9988749794411822,3.03307675587456e-14,420.4106649211905,1,261,v5,matrix,2,0.8,0.2001
36624,6328,32539,7290,0.4622802734375,0.3852691650390625,5.26412943822335e-205,2.8769954253524443,0.9858325008178017,9.565064960782604e-150,1358.150825404779,0,262,clean,,,,
35854,6588,31709,7406,0.446563720703125,0.3708343505859375,7.80536987683248e-181,2.8982643330671993,0.98909837064841,5.8278973069081355e-133,1234.975028242049,1,262,v0,nsF5,3,0.25,0.0319
35068,6913,30861,7590,0.4296112060546875,0.3550872802734375,1.706509796480363e-168,2.9192855733974086,0.9922840205586414,6.752153614272806e-128,1171.572756650247,1,262,v1,nsF5,3,0.55,0.0697
34902,7113,30623,7789,0.4240264892578125,0.348419189453125,1.4916168036547123e-165,2.92930663673765,0.993370811222152,3.952521217583985e-124,1156.4001452486316,1,262,v2,nsF5,2,0.35,0.0886
33346,8046,28628,8360,0.38604736328125,0.30926513671875,4.870315837570423e-163,2.971270525836926,0.9985766295505571,2.0078044778575458e-128,1143.4143196568534,1,262,v3,nsF5,2,0.85,0.2149
32600,7678,28739,8403,0.380279541015625,0.310302734375,4.2428688243814406e-136,2.918763299423289,0.9917560085134187,4.276943152380048e-102,1003.0081656350989,1,262,v4,matrix,3,0.5,0.0626
26129,11014,22857,11266,0.2306365966796875,0.1768646240234375,3.4477857677303264e-63,2.988663911367138,0.9982303705562106,1.6938826563779847e-44,604.0550392899567,1,262,v5,matrix,2,0.8,0.1998
29229,13334,22971,11155,0.2425384521484375,0.1802978515625,8.176215575716161e-126,3.787559581172457,0.9999940406471539,9.869343379221834e-98,948.7028498517745,0,263,clean,,,,
29191,13433,22924,11148,0.240447998046875,0.1796875,5.903520019095825e-121,3.7909653686889238,0.9999952976362818,2.7456341301295073e-93,922.8884064435402,1,263,v0,nsF5,3,0.25,0.0320
29178,13507,22866,11221,0.2391204833984375,0.1776885986328125,3.66277462942849e-116,3.794901727965588,0.9999957373715416,1.979465507475674e-90,897.3131876356766,1,263,v1,nsF5,3,0.55,0.0701
29031,13537,22584,11361,0.236419677734375,0.1712493896484375,1.6285685840509753e-120,3.795568899369398,0.9999982629390288,3.058802721856638e-91,920.5414366892192,1,263,v2,nsF5,2,0.35,0.0891
28938,13811,22345,11629,0.2308197021484375,0.16351318359375,2.8472189089705577e-124,3.8036077879082337,0.9999992487483841,4.0955713928210205e-90,940.5223874911323,1,263,v3,nsF5,2,0.85,0.2163
28027,14171,22017,11750,0.21142578125,0.1566619873046875,1.5124647034705837e-84,3.7955471328712105,0.9999949390762031,5.54473656284151e-63,725.169590116942,1,263,v4,matrix,3,0.5,0.0628
25255,16412,19719,13580,0.1349334716796875,0.0936737060546875,4.528451037578934e-35,3.8130938941232464,0.9999981675374198,4.161122941425498e-21,433.2293644176041,1,263,v5,matrix,2,0.8,0.2010
29983,11354,25245,10577,0.2842559814453125,0.22381591796875,1.3012823565843891e-93,3.529620543258047,0.9990098773291487,9.968732533555417e-78,775.2355560758352,0,264,clean,,,,
29742,11433,24926,10650,0.2793731689453125,0.21783447265625,6.979406858499082e-100,3.5325399487124614,0.999299403414833,2.5350058452578224e-85,809.5031400961471,1,264,v0,nsF5,3,0.25,0.0315
29431,11534,24544,10739,0.2730865478515625,0.2106475830078125,2.86566616103057e-99,3.536015221120816,0.9994986585825705,4.8263428096737525e-78,806.1629555590392,1,264,v1,nsF5,3,0.55,0.0691
29262,11745,24444,10766,0.2672882080078125,0.208709716796875,5.214140599055073e-92,3.53794432902573,0.9996043617386562,1.1266751001183619e-76,766.4309350563433,1,264,v2,nsF5,2,0.35,0.0882
28563,11995,23670,11030,0.2528076171875,0.19287109375,3.0207987078417195e-94,3.5454880405241864,0.9998661397461803,6.607597969590866e-69,778.7143502302392,1,264,v3,nsF5,2,0.85,0.2144
27939,12167,23385,11349,0.24066162109375,0.18365478515625,3.620509661457053e-67,3.53688787936326,0.9994643590094708,1.4926296715891438e-54,627.0240721841732,1,264,v4,matrix,3,0.5,0.0623
24300,14593,20346,12962,0.1481170654296875,0.1126708984375,8.979538623886535e-27,3.553958656330273,0.9998378131226451,1.1858025736933456e-20,378.1368225336156,1,264,v5,matrix,2,0.8,0.2001
26805,17337,19923,13223,0.14447021484375,0.10223388671875,2.7251184567936707e-31,4.0545074750700465,0.9999938971492792,1.1775478531557019e-20,406.83673721420166,0,265,clean,,,,
26760,17330,19952,13155,0.143890380859375,0.1037139892578125,8.741528242356672e-28,4.055396541475659,0.9999874106180963,4.163677704752934e-19,383.37934434874313,1,265,v0,nsF5,3,0.25,0.0318
26691,17377,19878,13149,0.142120361328125,0.1026763916015625,1.5374524490558065e-27,4.056154512704935,0.9999880024418434,6.121447249513258e-19,381.7145360771292,1,265,v1,nsF5,3,0.55,0.0694
26706,17430,19715,13234,0.14154052734375,0.0988922119140625,3.211351426069091e-31,4.056625922472285,0.9999941038760007,2.085346720156397e-21,406.36573311415333,1,265,v2,nsF5,2,0.35,0.0881
26526,17652,19617,13270,0.135406494140625,0.0968475341796875,6.1820145507588206e-34,4.0595747830569255,0.9999964427413606,3.5123006493386623e-22,424.1456374083597,1,265,v3,nsF5,2,0.85,0.2152
26036,17823,19420,13507,0.1253204345703125,0.0902252197265625,1.5030546989698092e-19,4.057016093409489,0.9999887766284148,9.567205723867415e-13,325.23159423003136,1,265,v4,matrix,3,0.5,0.0624
24543,19290,18273,14356,0.0801544189453125,0.0597686767578125,1.3728393145169354e-07,4.064786468111373,0.9999968699149397,7.267555152124041e-05,225.1606604313612,1,265,v5,matrix,2,0.8,0.2004
34680,9726,30747,9015,0.380767822265625,0.33160400390625,1.8291140844740314e-186,3.7172773732932014,0.9780663371341471,1.5907663707891616e-200,1261.2172217324537,0,266,clean,,,,
34041,9914,29948,9110,0.3681488037109375,0.317962646484375,2.2433625048771386e-182,3.731601613193137,0.9830165849340663,1.4244219038550195e-197,1240.320152442278,1,266,v0,nsF5,3,0.25,0.0318
33315,10165,29170,9281,0.353240966796875,0.3034820556640625,1.408926570120307e-174,3.7453528842262402,0.9878905616185065,4.279867300183678e-188,1200.355218140613,1,266,v1,nsF5,3,0.55,0.0699
32900,10223,28695,9470,0.3460235595703125,0.2933502197265625,7.633682653225759e-174,3.7505112568209307,0.9898490439440318,1.4149027232129638e-184,1196.5865278995059,1,266,v2,nsF5,2,0.35,0.0891
31260,11145,26797,10189,0.3069305419921875,0.25341796875,8.833726685233895e-160,3.7730543070688216,0.9977070194193854,1.0601889911596947e-164,1124.0867910058266,1,266,v3,nsF5,2,0.85,0.2157
31164,10794,27218,9837,0.310821533203125,0.2652130126953125,2.6055861748071886e-137,3.744565969155592,0.9869091486325376,1.2165391421454838e-149,1006.9990830382341,1,266,v4,matrix,3,0.5,0.0628
25153,13557,21579,12394,0.17694091796875,0.1401519775390625,3.877540969299274e-52,3.780569458931111,0.997183848718585,3.013328043740663e-57,537.0802746835368,1,266,v5,matrix,2,0.8,0.2006
41300,4796,39078,5711,0.5570068359375,0.5091400146484375,0.0,2.580270155860678,0.951978259491365,0.0,4316.438321149554,0,267,clean,,,,
40063,5013,37715,5876,0.534820556640625,0.4858245849609375,0.0,2.6086682667082832,0.9629538533840178,0.0,4229.025651170723,1,267,v0,nsF5,3,0.25,0.0317
38755,5354,36235,6114,0.5096588134765625,0.4596099853515625,0.0,2.636842772372736,0.9740997248531174,0.0,4181.298288606709,1,267,v1,nsF5,3,0.55,0.0698
38461,5418,35776,6240,0.5041961669921875,0.45068359375,0.0,2.6482517475635667,0.9780847431786688,0.0,4267.947160746986,1,267,v2,nsF5,2,0.35,0.0885
35670,6703,32445,7320,0.4420013427734375,0.3833770751953125,0.0,2.6972018183771236,0.9952978783120643,0.0,4278.041919109828,1,267,v3,nsF5,2,0.85,0.2143
35555,6101,33322,6829,0.449432373046875,0.4042510986328125,0.0,2.6343926270759463,0.9720623559674182,1.0544493605135036e-241,3329.3796244199652,1,267,v4,matrix,3,0.5,0.0626
26531,9891,24477,10515,0.25390625,0.213043212890625,4.674206763057376e-277,2.7103772105642507,0.9941202135791762,1.5016583363299919e-108,1719.4002035502328,1,267,v5,matrix,2,0.8,0.1997
35739,9133,30144,7853,0.405975341796875,0.3401336669921875,1.6569660320043095e-216,2.839227946074133,0.9976795571547707,1.3707863342642355e-183,1389.5435375295972,0,268,clean,,,,
35282,9282,29590,7977,0.396728515625,0.3297882080078125,3.3420778365774433e-214,2.8495297856767223,0.9982926677685086,1.022219259770316e-180,1377.96961882813,1,268,v0,nsF5,3,0.25,0.0321
34828,9456,28994,8083,0.38714599609375,0.3190765380859375,6.411794155512057e-208,2.8608096901089266,0.9987750360973618,2.9846606459278103e-179,1346.3720539329302,1,268,v1,nsF5,3,0.55,0.0709
34514,9576,28657,8191,0.380523681640625,0.312286376953125,3.011105302820076e-189,2.866023676361278,0.9990557242687718,5.3093121353668154e-170,1249.4228990554461,1,268,v2,nsF5,2,0.35,0.0899
33268,10162,27240,8657,0.352569580078125,0.2835540771484375,3.0552651488874623e-176,2.8908651891404817,0.9997759342121453,7.087099836699448e-176,1183.3432262771673,1,268,v3,nsF5,2,0.85,0.2188
32732,10393,27239,8966,0.3408660888671875,0.2788238525390625,1.7327328367489104e-159,2.8614759953458893,0.9987147509032088,1.3142744439041371e-130,1100.1516268379137,1,268,v4,matrix,3,0.5,0.0626
27161,13311,22188,11473,0.211334228515625,0.1634979248046875,3.9453769525811944e-51,2.9086572909039234,0.9997148114170579,3.246844755123647e-51,513.8947493969529,1,268,v5,matrix,2,0.8,0.2000
34281,9754,28997,8664,0.3742523193359375,0.3102569580078125,0.0,3.4125946718430527,0.9968455715028621,2.7597707469925333e-152,4106.914126861078,0,269,clean,,,,
33814,9886,28483,8821,0.3651123046875,0.300018310546875,0.0,3.422883493695588,0.9973389127891619,1.606049329504284e-150,3910.942178480856,1,269,v0,nsF5,3,0.25,0.0317
33273,10110,27975,8987,0.3534393310546875,0.28973388671875,0.0,3.4333988872957106,0.998112315310259,7.501699890280039e-153,3765.872886818853,1,269,v1,nsF5,3,0.55,0.0694
33015,10290,27661,9095,0.3467559814453125,0.283294677734375,0.0,3.4375353842390477,0.9985973839537404,4.852875211791558e-150,3667.9881949864252,1,269,v2,nsF5,2,0.35,0.0879
31977,10991,26260,9603,0.320220947265625,0.2541656494140625,0.0,3.460091623725951,0.9996998161315644,2.6608287657553466e-129,3186.7112620889693,1,269,v3,nsF5,2,0.85,0.2131
31427,10826,26358,9670,0.3143463134765625,0.254638671875,0.0,3.4332620604604394,0.9980390747474224,2.9666475124760903e-115,3172.448547190165,1,269,v4,matrix,3,0.5,0.0629
26362,13718,21862,12082,0.19293212890625,0.14923095703125,8.560842930302074e-258,3.47178097043416,0.9996245054307891,1.0499143344918617e-42,1609.6098970654373,1,269,v5,matrix,2,0.8,0.1999
29679,12717,23897,11286,0.258819580078125,0.1924285888671875,3.045302037278644e-132,4.523590257633231,0.9993207248624743,6.204770743227819e-137,973.2428672120725,0,270,clean,,,,
29429,12916,23737,11394,0.2519683837890625,0.1883392333984375,3.083916481665588e-134,4.526265150547937,0.999448919748795,1.5395287422130872e-143,983.7207137212322,1,270,v0,nsF5,3,0.25,0.0322
29158,13086,23454,11480,0.2452392578125,0.182708740234375,1.0716864040549066e-131,4.528870273434158,0.9995881840669013,1.7857087191946742e-146,970.3695026529936,1,270,v1,nsF5,3,0.55,0.0709
29127,13038,23285,11483,0.2454986572265625,0.180084228515625,5.737267860017527e-118,4.53008625731052,0.9996932557003447,5.503203142239042e-130,897.7590356503375,1,270,v2,nsF5,2,0.35,0.0902
28730,13374,22776,11628,0.23431396484375,0.17010498046875,2.1542205658506695e-102,4.534716805773827,0.999896954525429,1.7597381637043482e-134,814.2543247954977,1,270,v3,nsF5,2,0.85,0.2194
27924,13680,22345,11959,0.21734619140625,0.158477783203125,2.771004892737717e-107,4.530031794594084,0.9995761054477541,3.787246190573413e-107,840.6219481646664,1,270,v4,matrix,3,0.5,0.0625
24699,15589,19731,13536,0.139007568359375,0.0945281982421875,2.213619005033158e-27,4.542808854084876,0.999917674437555,5.091027139201029e-28,375.656258981174,1,270,v5,matrix,2,0.8,0.2004
32650,11738,27238,9961,0.319091796875,0.2636260986328125,3.5821809258079933e-106,4.694306530103795,0.9985376453742476,1.90205412725574e-57,843.6126257319106,0,271,clean,,,,
32155,11922,26779,10114,0.3087310791015625,0.2542877197265625,1.1682247759898747e-95,4.701182138706217,0.9988985998842472,1.0800281298449341e-52,786.4517446808919,1,271,v0,nsF5,3,0.25,0.0319
31745,12136,26385,10319,0.2992095947265625,0.245147705078125,3.481507733774295e-93,4.708388292116139,0.9992071681612156,2.473815738984819e-50,772.8896547296711,1,271,v1,nsF5,3,0.55,0.0697
31595,12158,26105,10310,0.2965850830078125,0.2410125732421875,1.3775548885999563e-87,4.711687103109738,0.9992963059751354,2.816810259899782e-45,742.0367409470823,1,271,v2,nsF5,2,0.35,0.0886
30580,12736,24922,10820,0.27227783203125,0.215179443359375,2.547826809678369e-75,4.726517856400898,0.9998313836345265,6.793403353627048e-35,673.4660265353584,1,271,v3,nsF5,2,0.85,0.2153
30056,12746,24984,10890,0.264129638671875,0.215057373046875,4.839982872041029e-80,4.7089943126853635,0.9991281219767449,6.115989612718599e-42,700.0265537551945,1,271,v4,matrix,3,0.5,0.0624
25776,14853,21038,12735,0.1666717529296875,0.1266937255859375,1.8124607855916566e-34,4.736464610230105,0.9997871614384555,1.7353858682441256e-13,429.3337306466527,1,271,v5,matrix,2,0.8,0.1997
34536,10261,30220,8860,0.3704071044921875,0.325927734375,0.0,3.5487034029961513,0.9947460688476253,6.359127752091877e-180,2154.6934742701706,0,272,clean,,,,
33930,10396,29510,8950,0.359100341796875,0.313720703125,0.0,3.556214740342246,0.9960845270518301,9.548484693434841e-163,1984.1968490460638,1,272,v0,nsF5,3,0.25,0.0321
33240,10537,28764,9090,0.3464202880859375,0.300201416015625,6.797156178766e-312,3.5635832734174184,0.9972751766190284,7.77415186851213e-153,1891.7595547538856,1,272,v1,nsF5,3,0.55,0.0705
33072,10694,28548,9224,0.341461181640625,0.29486083984375,3.519094789613345e-288,3.5681558608400374,0.9975821497290556,1.4823506547299448e-139,1774.5675900980232,1,272,v2,nsF5,2,0.35,0.0905
31678,11339,26992,9674,0.3103485107421875,0.264251708984375,9.932286814987104e-229,3.582763077520571,0.9993595881937225,2.4277020891969046e-121,1477.9558298859024,1,272,v3,nsF5,2,0.85,0.2187
31316,11218,27027,9690,0.306671142578125,0.2645416259765625,2.3076972008200672e-272,3.564648840619761,0.9970734596581473,3.864923783663595e-131,1696.081237968363,1,272,v4,matrix,3,0.5,0.0625
25776,13942,22037,11982,0.180572509765625,0.1534271240234375,3.426475734548672e-109,3.5927215711003186,0.9992677700055431,4.630170556231564e-62,859.9009530215914,1,272,v5,matrix,2,0.8,0.2008
36241,8554,31304,7882,0.4224700927734375,0.357391357421875,0.0,3.2540027781155803,0.9910749660609728,7.816646068720721e-156,5551.564189917011,0,273,clean,,,,
35480,8690,30621,8052,0.408782958984375,0.3443756103515625,0.0,3.2648978413091827,0.9931953435675653,7.080668274322051e-153,5095.346638200149,1,273,v0,nsF5,3,0.25,0.0318
34751,8950,29876,8229,0.3936920166015625,0.3303070068359375,0.0,3.276291601318118,0.9951726378911635,5.535883344429364e-148,4747.34552333281,1,273,v1,nsF5,3,0.55,0.0695
34536,9019,29447,8247,0.3893585205078125,0.323486328125,0.0,3.2815020371828942,0.9959093021094263,5.545979744960921e-143,4516.347713383973,1,273,v2,nsF5,2,0.35,0.0884
32897,9881,27518,9084,0.3511962890625,0.281280517578125,0.0,3.303568554172655,0.9991273547458008,8.63197946759854e-149,3486.346817476892,1,273,v3,nsF5,2,0.85,0.2145
32525,9723,27978,8887,0.347930908203125,0.2913055419921875,0.0,3.275911179532399,0.9948963142238874,1.4870314155641766e-111,4278.7574022877725,1,273,v4,matrix,3,0.5,0.0627
26610,12698,22397,11601,0.2122802734375,0.16473388671875,0.0,3.314541109387303,0.9988749794411822,4.877926492318588e-43,1954.7152391902089,1,273,v5,matrix,2,0.8,0.2004
33689,8363,27510,8933,0.386444091796875,0.2834625244140625,1.6782552387390566e-59,3.4901966562902027,0.9998312993125182,1.030231917753759e-54,582.5654870283688,0,274,clean,,,,
33361,8577,27082,9041,0.378173828125,0.2752838134765625,4.096827624123325e-57,3.496021234597795,0.9998685328031155,3.334298316474129e-50,568.5366233114322,1,274,v0,nsF5,3,0.25,0.0316
32930,8832,26711,9252,0.367706298828125,0.2664031982421875,4.769741303145545e-52,3.502581220712137,0.9999024164714487,2.9116067264533195e-46,538.4390730224388,1,274,v1,nsF5,3,0.55,0.0692
32674,8880,26700,9239,0.363067626953125,0.2664337158203125,8.276487272551301e-48,3.5063599043049543,0.9999437181506189,1.83368388928531e-45,512.8629139490973,1,274,v2,nsF5,2,0.35,0.0884
31685,9497,25927,9626,0.33856201171875,0.2487335205078125,6.0782525699336155e-37,3.5214884445822374,0.9999887330847086,1.211892882246241e-31,445.2509790563744,1,274,v3,nsF5,2,0.85,0.2138
31048,9608,25327,9987,0.3271484375,0.23406982421875,2.6327899664735934e-42,3.5034148555934586,0.9999004180697952,1.020581649178628e-36,479.0399560620057,1,274,v4,matrix,3,0.5,0.0626
25978,12498,21607,12220,0.2056884765625,0.1432342529296875,6.794675097228791e-13,3.5309982530685984,0.9999883817000352,2.4299529460035854e-12,274.6507035881196,1,274,v5,matrix,2,0.8,0.2004
29788,12350,23747,10938,0.266082763671875,0.1954498291015625,3.056234275320557e-97,3.567753427827143,0.999842980645821,9.148070659577876e-64,795.1019883016282,0,275,clean,,,,
29596,12420,23659,10887,0.2620849609375,0.19488525390625,3.348642392873133e-98,3.571402138395754,0.9998689047683536,6.145541467875188e-64,800.3432842428036,1,275,v0,nsF5,3,0.25,0.0317
29423,12532,23484,11007,0.2577362060546875,0.1903839111328125,6.81133818803484e-95,3.5746568807520784,0.9999215166074348,2.562608822431403e-62,782.259434929369,1,275,v1,nsF5,3,0.55,0.0694
29260,12619,23309,11022,0.2539215087890625,0.1874847412109375,2.660389046675279e-99,3.575906803188521,0.9999440100217476,1.1538865685424735e-75,806.338794897177,1,275,v2,nsF5,2,0.35,0.0884
28840,12883,22844,11269,0.2434844970703125,0.1766204833984375,4.6063170404801506e-94,3.5844525275361727,0.9999943688364632,1.5156563919452253e-77,777.709645772004,1,275,v3,nsF5,2,0.85,0.2149
28115,13265,22457,11548,0.226593017578125,0.1664581298828125,7.778349528958743e-68,3.5754072635319867,0.9999057231404429,3.867647842293794e-39,630.8589619751461,1,275,v4,matrix,3,0.5,0.0625
25010,15303,19954,13151,0.1481170654296875,0.1038055419921875,3.3149594919729114e-23,3.5924969463474117,0.9999914830703661,5.953769786334558e-19,353.2780975988393,1,275,v5,matrix,2,0.8,0.2005
40731,7428,37300,6345,0.5081634521484375,0.4723358154296875,0.0,3.308694510655409,0.957286312269432,1.2019082007668225e-217,3598.638130333268,0,276,clean,,,,
39714,7603,36108,6564,0.4899749755859375,0.4508056640625,0.0,3.337867210590245,0.9666138314966941,3.734551027627914e-200,3439.4129687329587,1,276,v0,nsF5,3,0.25,0.0314
38594,7855,34769,6786,0.4690399169921875,0.4269866943359375,0.0,3.366078027411298,0.9760383413243292,1.441261900139529e-187,3269.073750665579,1,276,v1,nsF5,3,0.55,0.0688
38094,8083,34267,6900,0.4579315185546875,0.4175872802734375,0.0,3.378657457276851,0.9802622920909421,2.651327261412881e-181,3163.3072539861464,1,276,v2,nsF5,2,0.35,0.0877
35571,9135,31294,7859,0.40338134765625,0.3575897216796875,0.0,3.431109730322045,0.9954671139832634,7.26257556253383e-144,2638.7373948073487,1,276,v3,nsF5,2,0.85,0.2130
35621,8573,32070,7487,0.4127197265625,0.3751068115234375,0.0,3.3637543705597532,0.974611670250084,7.215518349050001e-151,2796.1552967433195,1,276,v4,matrix,3,0.5,0.0624
27180,12143,23817,10880,0.2294464111328125,0.1974029541015625,5.507263884435602e-204,3.443063855093714,0.9944936948066252,6.282496043918042e-61,1352.9792377940657,1,276,v5,matrix,2,0.8,0.2000
33803,10777,29654,9408,0.351348876953125,0.308929443359375,0.0,4.2071588348431845,0.9928215153802278,9.04188602396977e-261,2131.9601266174996,0,277,clean,,,,
33301,10918,29039,9515,0.3415374755859375,0.29791259765625,0.0,4.217455876044002,0.9944448343439382,5.736084065351137e-255,2013.2322132770812,1,277,v0,nsF5,3,0.25,0.0319
32633,11088,28301,9541,0.3287506103515625,0.2862548828125,4.643903915296385e-304,4.227443212133619,0.9960138314372382,1.3513037665876384e-250,1853.1022570982852,1,277,v1,nsF5,3,0.55,0.0699
32210,11260,27917,9695,0.319671630859375,0.278045654296875,1.651591671e-314,4.231706734549409,0.9967643794445225,5.357266629238999e-254,1904.647143323742,1,277,v2,nsF5,2,0.35,0.0889
30833,11977,26319,10193,0.2877197265625,0.246063232421875,6.622802144865365e-248,4.250847998577038,0.9992661875829074,2.0241718334206972e-212,1574.13405683274,1,277,v3,nsF5,2,0.85,0.2152
30747,11638,26623,10042,0.2915802001953125,0.2530059814453125,2.1535973145223925e-257,4.2271469210746755,0.9956859292618955,5.79888379812551e-200,1621.53046480373,1,277,v4,matrix,3,0.5,0.0628
25515,14291,21713,12384,0.1712646484375,0.1423492431640625,1.5545907987852284e-117,4.260149269933832,0.9990747860848948,3.588182377388988e-82,904.6472907996406,1,277,v5,matrix,2,0.8,0.2001
35765,6701,31518,7650,0.4434814453125,0.36419677734375,5.452605371425558e-214,2.8288438096962754,0.9911584452583315,4.655777444533439e-144,1403.6384215578555,0,278,clean,,,,
35211,6879,30887,7824,0.43231201171875,0.3519134521484375,2.555904459896334e-210,2.843697803457338,0.9930880918843882,1.6561174060237193e-138,1385.0712058456288,1,278,v0,nsF5,3,0.25,0.0316
34613,7136,30237,7975,0.4192657470703125,0.339691162109375,1.663640253117785e-210,2.8585639616075027,0.9951091709278534,2.0253360092741823e-134,1386.0150152487531,1,278,v1,nsF5,3,0.55,0.0695
34308,7310,29716,8078,0.411956787109375,0.330169677734375,2.1996622629388085e-196,2.8653966804036384,0.9959495389315965,2.170134239836212e-136,1314.3594254674776,1,278,v2,nsF5,2,0.35,0.0889
32792,8085,28073,8625,0.3769989013671875,0.2967529296875,2.5983539477823816e-180,2.8960506569486704,0.9990449165269628,2.0739280403764663e-123,1232.299067248197,1,278,v3,nsF5,2,0.85,0.2157
32290,7960,28313,8787,0.371246337890625,0.297943115234375,5.9351360286655795e-164,2.857651184223191,0.9946917103934796,3.694418086797701e-104,1148.1384030580978,1,278,v4,matrix,3,0.5,0.0627
25880,11159,22347,11456,0.2246246337890625,0.1661834716796875,3.426378951698106e-63,2.90985039429941,0.9988294318671499,1.9266098651965173e-39,604.0707290111104,1,278,v5,matrix,2,0.8,0.2014
26686,10805,23793,11589,0.2423248291015625,0.18621826171875,1.0749124948883607e-95,4.152664420172701,0.9968645252566526,1.8092364271211084e-68,786.6495832616936,0,279,clean,,,,
26410,10919,23545,11693,0.2363739013671875,0.18084716796875,5.7650847516737884e-80,4.156778389689314,0.9975786337915163,1.6579997651794502e-57,699.6009838301391,1,279,v0,nsF5,3,0.25,0.0316
26184,11023,23300,11754,0.2313385009765625,0.176177978515625,3.741697880863581e-74,4.1605179606784715,0.9982870261250834,6.811395398765407e-52,666.8656089336102,1,279,v1,nsF5,3,0.55,0.0695
26010,11154,23067,11811,0.2266845703125,0.1717529296875,1.0365670932766277e-67,4.1621746094939684,0.9985164547694372,1.9174124463409938e-50,630.1433295391637,1,279,v2,nsF5,2,0.35,0.0886
25320,11588,22330,12101,0.20953369140625,0.1560821533203125,8.585989279505545e-47,4.167856135677225,0.9997413569695945,3.859474591466026e-39,506.6746650473864,1,279,v3,nsF5,2,0.85,0.2146
24879,11530,22329,12194,0.2036895751953125,0.1546478271484375,2.1147319719227012e-66,4.161196770634272,0.9981577653223506,2.1012192895969395e-43,622.6158719008906,1,279,v4,matrix,3,0.5,0.0626
21569,13509,19495,13728,0.12298583984375,0.0879974365234375,1.5362323464040064e-25,4.175006261116206,0.9996575896422082,4.755331786825455e-18,369.63879574280116,1,279,v5,matrix,2,0.8,0.2001
27173,12439,22778,12033,0.224822998046875,0.1639556884765625,5.41839410099081e-35,4.004239387474226,0.9994043004861035,2.8842924460650667e-35,432.72618486621343,0,280,clean,,,,
27054,12504,22583,12113,0.222015380859375,0.159759521484375,3.816945804018762e-34,4.007293797463911,0.9995347688817617,2.2739143925346366e-34,427.2358821530975,1,280,v0,nsF5,3,0.25,0.0320
26919,12613,22408,12109,0.218292236328125,0.1571502685546875,1.7622792281247716e-34,4.010378770339337,0.9996952992868788,1.744212445420388e-34,429.4127379628294,1,280,v1,nsF5,3,0.55,0.0700
26748,12750,22209,12124,0.213592529296875,0.1538848876953125,7.695780525153375e-36,4.01122036999653,0.9997531243150224,2.051045667081881e-32,438.18736632695123,1,280,v2,nsF5,2,0.35,0.0890
26413,12910,21817,12178,0.2060394287109375,0.1470794677734375,9.41401305862223e-43,4.017008357635438,0.999922148042316,1.4665291882957601e-34,481.81478408876944,1,280,v3,nsF5,2,0.85,0.2154
25826,13121,21674,12514,0.1938629150390625,0.1397705078125,1.4765378096502628e-26,4.010807475339048,0.9996684363029011,7.602218024378982e-27,376.65521531794906,1,280,v4,matrix,3,0.5,0.0629
23017,14846,19437,13706,0.1246795654296875,0.0874481201171875,5.771076150013888e-09,4.024544352417618,0.9999094677023891,1.9428456707337874e-07,239.88119339767036,1,280,v5,matrix,2,0.8,0.2002
27730,13562,22408,12239,0.2161865234375,0.1551666259765625,6.28987587704575e-134,4.171057372155806,0.9995225037991635,4.731744849424122e-119,991.5814605093143,0,281,clean,,,,
27606,13635,22274,12283,0.2131805419921875,0.1524505615234375,1.9352741962009911e-128,4.1734379318740285,0.9996250085653638,2.3755600546103607e-112,962.6098671207703,1,281,v0,nsF5,3,0.25,0.0319
27475,13731,21982,12295,0.209716796875,0.1478118896484375,2.4682907475321644e-110,4.175638624751029,0.9997590060455868,4.023416329921793e-102,866.0504861343358,1,281,v1,nsF5,3,0.55,0.0702
27256,13791,21939,12379,0.2054595947265625,0.1458740234375,5.073454851337329e-120,4.176105933469218,0.9997797086875898,1.402697358702344e-106,917.9121499467867,1,281,v2,nsF5,2,0.35,0.0892
26988,14046,21523,12602,0.197479248046875,0.1361236572265625,4.6076415919311735e-107,4.17992131359852,0.9999684967058133,4.3199725592110625e-89,848.4231032786278,1,281,v3,nsF5,2,0.85,0.2160
26395,14229,21292,12721,0.185638427734375,0.1307830810546875,2.639584048178352e-90,4.176302146980354,0.9997456206367032,1.675841360688021e-83,757.0469943155692,1,281,v4,matrix,3,0.5,0.0628
23759,15896,19082,14052,0.1199798583984375,0.076751708984375,2.2064338113450037e-34,4.187983090263604,0.9999474062138552,4.726949853105291e-29,428.78009358283464,1,281,v5,matrix,2,0.8,0.2004
28075,13731,23450,12100,0.2188720703125,0.173187255859375,0.0,4.900691892794825,0.9985244503181121,0.0,2531.977945130775,0,282,clean,,,,
27763,13845,23066,12154,0.212371826171875,0.16650390625,0.0,4.902571872016008,0.9989035519715386,0.0,2223.498574428607,1,282,v0,nsF5,3,0.25,0.0317
27416,13989,22751,12302,0.2048797607421875,0.1594390869140625,1.9187925037789606e-304,4.904171381042981,0.9992580729563418,3.6736998798523224e-263,1854.9976130984232,1,282,v1,nsF5,3,0.55,0.0695
27269,14145,22553,12355,0.20025634765625,0.155609130859375,6.081444015105813e-299,4.905626420202054,0.9993163171523513,1.887738055319171e-252,1827.822026745373,1,282,v2,nsF5,2,0.35,0.0882
26556,14484,21712,12626,0.1842041015625,0.138641357421875,7.859176870631395e-142,4.907777993464908,0.9998514072519655,1.7939655271484243e-103,1033.0921642606502,1,282,v3,nsF5,2,0.85,0.2136
26392,14431,21893,12627,0.1825103759765625,0.141387939453125,2.52896e-318,4.9050806876213455,0.999187851434505,5.604274405154377e-283,1923.4417421500352,1,282,v4,matrix,3,0.5,0.0628
23377,16122,19260,13976,0.1107025146484375,0.08062744140625,8.074066839876357e-131,4.912928939289841,0.9998176239592599,2.039992312745153e-114,975.1874198898515,1,282,v5,matrix,2,0.8,0.1998
23719,15443,19848,13827,0.12628173828125,0.0918731689453125,2.164951658271666e-80,4.895252672423207,0.9999393501958358,7.396901856921275e-66,701.9832962624666,0,283,clean,,,,
23714,15478,19759,13799,0.12567138671875,0.0909423828125,2.4069096998969946e-74,4.895167266969755,0.9999664229427457,4.610870111756382e-57,667.9504376247513,1,283,v0,nsF5,3,0.25,0.0317
23692,15597,19747,13820,0.1235198974609375,0.0904388427734375,5.887001514442787e-65,4.895379909355473,0.9999603383972129,1.7097368787272325e-46,614.2862241936098,1,283,v1,nsF5,3,0.55,0.0695
23605,15452,19684,13829,0.1244049072265625,0.0893402099609375,2.8574993650607867e-54,4.8957304416909615,0.9999511963558043,4.1680303881062365e-40,551.7013636472013,1,283,v2,nsF5,2,0.35,0.0884
23653,15616,19620,13793,0.1226348876953125,0.0889129638671875,9.12680152743304e-35,4.895115075880236,0.9999782390154346,3.393525422070975e-30,431.2625526891841,1,283,v3,nsF5,2,0.85,0.2141
23050,15934,19308,14130,0.10858154296875,0.079010009765625,2.3064593764248495e-57,4.896223176379739,0.9999611519542377,1.0467396286095041e-41,570.0070621757206,1,283,v4,matrix,3,0.5,0.0625
21729,16919,18315,14704,0.073394775390625,0.0550994873046875,2.9252513633585744e-14,4.899022934205947,0.9999732913690067,3.8790037846820615e-12,285.89513161167304,1,283,v5,matrix,2,0.8,0.1993
35663,6304,31348,7629,0.4479827880859375,0.3619232177734375,5.732847272210249e-303,2.899025748104543,0.9944249380710984,5.215839747473067e-264,1847.7120722619575,0,284,clean,,,,
35004,6573,30718,7816,0.4338226318359375,0.349456787109375,2.0122365539376634e-272,2.915209293055775,0.9956983055613269,6.308647181046409e-241,1696.377013504588,1,284,v0,nsF5,3,0.25,0.0319
34414,6838,30008,7992,0.4207763671875,0.3359375,2.718292282895997e-252,2.9314501402553104,0.9969620188316286,5.864884066037392e-231,1596.0627148575522,1,284,v1,nsF5,3,0.55,0.0700
34228,6883,29726,8075,0.4172515869140625,0.3303680419921875,1.1673912911332478e-259,2.9383344489672805,0.9974101674821518,1.0482683037121994e-234,1632.8326232636991,1,284,v2,nsF5,2,0.35,0.0884
32776,7756,28031,8513,0.38177490234375,0.297821044921875,7.047849768912823e-229,2.971602857674652,0.9993897901306181,5.052113566145127e-208,1478.705239059343,1,284,v3,nsF5,2,0.85,0.2147
32004,7607,28115,8709,0.3722686767578125,0.296112060546875,4.218219830234506e-199,2.93104280344116,0.9966974861059119,8.46620719461331e-179,1328.1778588507,1,284,v4,matrix,3,0.5,0.0629
25833,10818,22629,11374,0.2291107177734375,0.1717376708984375,5.932935495044605e-86,2.9883094960424468,0.9992651316850881,1.3524641357116132e-70,732.9813055271201,1,284,v5,matrix,2,0.8,0.1999
32526,11578,25721,9926,0.31964111328125,0.2410125732421875,8.512743925012697e-256,3.4379317502592315,0.99982500098354,2.7883496795139156e-121,1585.6362723699053,0,285,clean,,,,
32304,11729,25540,10035,0.3139495849609375,0.2365875244140625,4.762867257494509e-258,3.4455074665790746,0.9998869692076899,1.5998049495900501e-127,1596.8148439707943,1,285,v0,nsF5,3,0.25,0.0320
32012,11940,25302,10125,0.3062744140625,0.2315826416015625,2.1131252886187373e-251,3.453377020462937,0.9999351331425324,5.582623080393214e-128,1563.8050586961695,1,285,v1,nsF5,3,0.55,0.0700
31885,12070,25072,10253,0.3023529052734375,0.2261199951171875,1.0294031721549554e-264,3.4563727109791063,0.999923743822249,1.909614697664903e-133,1629.8621933576321,1,285,v2,nsF5,2,0.35,0.0886
31225,12505,24380,10534,0.28564453125,0.211273193359375,9.048429662693488e-294,3.473471358558753,0.9999882039843484,7.178374493636124e-150,1773.3617396470686,1,285,v3,nsF5,2,0.85,0.2157
30425,12713,24062,10847,0.270263671875,0.2016448974609375,2.5363635924143042e-177,3.453749199053101,0.9999200720428227,1.2364867891996123e-90,1191.4312346693835,1,285,v4,matrix,3,0.5,0.0626
26589,15083,20767,12777,0.175567626953125,0.121917724609375,2.989511286754344e-89,3.4860128712651055,0.9999845965867005,6.029557170898115e-42,729.5870721768795,1,285,v5,matrix,2,0.8,0.1991
29184,9584,24037,10752,0.299072265625,0.2027130126953125,2.6021916304021683e-61,3.29911428609103,0.9999243662144641,4.5158968072498694e-27,591.1693459506685,0,286,clean,,,,
29004,9738,23913,10856,0.293975830078125,0.1992340087890625,9.510482400674103e-55,3.3024648832582626,0.9999471233218757,3.558548789072384e-29,552.6221190106342,1,286,v0,nsF5,3,0.25,0.0318
28782,9923,23683,10924,0.2877655029296875,0.1946868896484375,3.672460845404269e-45,3.306161358712323,0.9999707857845208,1.099629992511027e-27,494.8490185164531,1,286,v1,nsF5,3,0.55,0.0697
28788,9899,23573,10879,0.2882232666015625,0.193695068359375,1.300492181661017e-56,3.308198768121816,0.9999611924107765,5.354518109731344e-30,563.644312370932,1,286,v2,nsF5,2,0.35,0.0885
28243,10329,23240,11076,0.273345947265625,0.18560791015625,1.0594052649665137e-49,3.316255108148054,0.9999839009081555,4.066500641553557e-30,522.4522967994176,1,286,v3,nsF5,2,0.85,0.2152
27335,10636,22616,11558,0.2548065185546875,0.168731689453125,1.2378714019522336e-34,3.307070210089745,0.9999652848086621,1.099234802070719e-19,428.6690148327775,1,286,v4,matrix,3,0.5,0.0627
23732,12976,20063,13058,0.16412353515625,0.1068878173828125,1.6038299699157478e-15,3.324902769104301,0.9999912925405381,1.8852883649257855e-06,294.50253844066367,1,286,v5,matrix,2,0.8,0.2002
35073,9641,31456,8594,0.3880615234375,0.348846435546875,4.526983080448672e-196,3.7457119824823764,0.9788649804641358,4.132136123287885e-170,1312.7643908638527,0,287,clean,,,,
34364,9755,30640,8740,0.3755035400390625,0.33416748046875,2.1039331152575246e-186,3.760826801023058,0.983763887029611,2.7455540842732973e-171,1263.4691423872798,1,287,v0,nsF5,3,0.25,0.0316
33556,10001,29793,8894,0.3594207763671875,0.3188934326171875,4.590907721752132e-183,3.775582906024938,0.9885875737401444,2.1836207404327288e-169,1246.3954021572008,1,287,v1,nsF5,3,0.55,0.0693
33228,10165,29294,8990,0.3519134521484375,0.309814453125,2.0160309871138606e-167,3.781394627722508,0.990789684431838,1.7398233142623347e-141,1166.044079677641,1,287,v2,nsF5,2,0.35,0.0885
31502,10886,27159,9751,0.3145751953125,0.265625,2.875531551610686e-140,3.8057344343420447,0.9979329524300711,1.1926293173111574e-122,1024.8996964406433,1,287,v3,nsF5,2,0.85,0.2144
31420,10672,27887,9498,0.31658935546875,0.2805938720703125,5.821924309240438e-146,3.774895954432756,0.9878021503046217,6.098082159795343e-136,1054.6941450624488,1,287,v4,matrix,3,0.5,0.0624
25334,13422,21871,12095,0.1817626953125,0.149169921875,6.592583904416171e-48,3.813925246589775,0.9974592073614322,2.420396936568067e-38,513.4633836672081,1,287,v5,matrix,2,0.8,0.1996
40606,5288,36090,5207,0.538909912109375,0.4712371826171875,0.0,2.0260664418605385,0.9825572753209111,0.0,2775.4921647779715,0,288,clean,,,,
39766,5505,35127,5399,0.5227813720703125,0.45361328125,0.0,2.0543621487803643,0.9865424287456594,0.0,2678.9187318904287,1,288,v0,nsF5,3,0.25,0.0313
38888,5845,34080,5688,0.5041961669921875,0.4332275390625,0.0,2.08324632615183,0.9902371338609872,0.0,2586.993054075432,1,288,v1,nsF5,3,0.55,0.0687
38499,6080,33646,5937,0.4946746826171875,0.4228057861328125,0.0,2.0955910666313273,0.9919370831810719,0.0,2582.7681564590634,1,288,v2,nsF5,2,0.35,0.0877
36611,7024,31317,6760,0.4514617919921875,0.3747100830078125,0.0,2.154637985825461,0.9979907344238936,7.073017718814658e-307,2255.517640035017,1,288,v3,nsF5,2,0.85,0.2121
35974,6766,31436,6615,0.4456787109375,0.3787384033203125,0.0,2.082531687470961,0.9896882346108206,7.217432408324528e-297,2124.205439372339,1,288,v4,matrix,3,0.5,0.0625
28063,10636,24288,10232,0.2659149169921875,0.2144775390625,1.9220073694256782e-146,2.1775898282109027,0.9976478361534512,2.9565806394828144e-133,1057.2075603589528,1,288,v5,matrix,2,0.8,0.1997
42624,4693,38552,4405,0.5787811279296875,0.5210418701171875,0.0,1.9869929484931603,0.9679525574738792,5.309198809385704e-189,2339.1591595765613,0,289,clean,,,,
41729,4972,37421,4696,0.5608673095703125,0.4993438720703125,0.0,2.0218028835799573,0.9755309267236782,2.0709437832421535e-188,2262.0445288274923,1,289,v0,nsF5,3,0.25,0.0315
40662,5316,36143,5031,0.539337158203125,0.4747314453125,0.0,2.0560864828053638,0.9823365826889194,2.8591566972879113e-186,2180.797291054756,1,289,v1,nsF5,3,0.55,0.0688
40001,5571,35548,5164,0.525360107421875,0.463623046875,0.0,2.073001726227657,0.9854533158907606,4.285531320372539e-164,2030.5808166419397,1,289,v2,nsF5,2,0.35,0.0880
37570,6685,32716,6114,0.4712677001953125,0.405914306640625,2.3916812777281392e-287,2.142225505224212,0.9964984619545303,6.245201841089408e-158,1759.0224076453221,1,289,v3,nsF5,2,0.85,0.2136
37477,6193,33351,5896,0.47735595703125,0.4189300537109375,3.0404359448539973e-304,2.0533187136979256,0.9813211638777075,7.796526424606692e-146,1839.5196543699305,1,289,v4,matrix,3,0.5,0.0625
28308,10261,24828,9806,0.2753753662109375,0.229217529296875,4.638388701310268e-130,2.1633671483230708,0.9959159528459336,7.302373260546318e-62,959.3919063447929,1,289,v5,matrix,2,0.8,0.2009
42496,4821,38180,4628,0.5748748779296875,0.511962890625,0.0,1.916164930568308,0.9689379318820415,0.0,2727.5369965347177,0,290,clean,,,,
41636,5015,37198,4848,0.5587921142578125,0.493621826171875,0.0,1.9501784248952991,0.9759886548205798,0.0,2633.3799331749847,1,290,v0,nsF5,3,0.25,0.0316
40615,5350,36055,5115,0.5381011962890625,0.47210693359375,0.0,1.9851706373743532,0.9827525535523167,0.0,2449.933761031927,1,290,v1,nsF5,3,0.55,0.0691
39959,5676,35305,5357,0.5231170654296875,0.45697021484375,0.0,2.00130333988025,0.9856423678419006,0.0,2394.018011065164,1,290,v2,nsF5,2,0.35,0.0876
37677,6814,32446,6278,0.4709320068359375,0.3992919921875,3.732562271515407e-306,2.069820158752498,0.9966227333534092,1.0321644639718658e-267,1860.5530565497602,1,290,v3,nsF5,2,0.85,0.2128
37382,6242,33193,6078,0.47515869140625,0.4137420654296875,0.0,1.9822081279712922,0.981634209604322,9.6123709687266e-280,2127.6470181306354,1,290,v4,matrix,3,0.5,0.0628
28604,10459,24753,9850,0.2768707275390625,0.2274017333984375,1.5255275956472778e-145,2.093398375092707,0.9959899880469665,6.065698825529177e-112,1050.0961095973664,1,290,v5,matrix,2,0.8,0.2001
39849,7415,36555,6393,0.494903564453125,0.460235595703125,0.0,2.997182470451643,0.9612322186398966,6.87455658638686e-142,2446.1665656420473,0,291,clean,,,,
38940,7606,35457,6611,0.478118896484375,0.440155029296875,0.0,3.029727143604355,0.9698312747891351,1.4056121225488053e-134,2385.425155015803,1,291,v0,nsF5,3,0.25,0.0315
37897,7856,34190,6906,0.4583892822265625,0.41632080078125,0.0,3.062421264978002,0.9786275399055602,1.100978658756738e-124,2348.353161157738,1,291,v1,nsF5,3,0.55,0.0690
37420,8028,33576,6944,0.448486328125,0.4063720703125,0.0,3.077333053323809,0.9825641762897073,1.89267689133719e-136,2251.7156574126525,1,291,v2,nsF5,2,0.35,0.0878
35017,9010,30685,7753,0.3968353271484375,0.34991455078125,0.0,3.138301391360384,0.9960914397950278,5.4472506140112216e-132,2048.024050844227,1,291,v3,nsF5,2,0.85,0.2133
35035,8616,31657,7642,0.4031219482421875,0.3664398193359375,7.465e-321,3.0595720802221256,0.9772240159096208,5.5210315329774406e-101,1935.8990234314826,1,291,v4,matrix,3,0.5,0.0625
26934,12096,23548,10740,0.226409912109375,0.1954345703125,1.4546221028187811e-118,3.153746194329427,0.9952010623435696,1.0303770443361668e-44,910.1401541571277,1,291,v5,matrix,2,0.8,0.2001
40837,5007,37631,5808,0.546722412109375,0.4855804443359375,0.0,2.2902463680000618,0.9585542200233191,1.1644826252731632e-193,3255.6753215389836,0,292,clean,,,,
39746,5237,36437,6007,0.5265655517578125,0.464324951171875,0.0,2.3198873643313127,0.9680394792728677,1.5192319583302328e-187,3208.7366945597364,1,292,v0,nsF5,3,0.25,0.0316
38760,5534,35202,6291,0.506988525390625,0.4411468505859375,0.0,2.349483878464707,0.9770399329504531,1.0142768558468706e-181,3114.983276560849,1,292,v1,nsF5,3,0.55,0.0693
38317,5646,34622,6426,0.4985198974609375,0.43023681640625,0.0,2.361691390571529,0.981180674020554,2.599786696838489e-172,3031.640775391726,1,292,v2,nsF5,2,0.35,0.0879
35898,6836,31713,7320,0.443450927734375,0.3722076416015625,0.0,2.4178742967821716,0.9956267908210163,5.997194626861999e-150,2962.5896355209193,1,292,v3,nsF5,2,0.85,0.2133
35495,6347,32383,7114,0.44476318359375,0.3855743408203125,0.0,2.3470773833792893,0.97558620899561,3.432755705030099e-141,2547.412087219312,1,292,v4,matrix,3,0.5,0.0630
26944,10057,24164,10465,0.2576751708984375,0.2090301513671875,1.7357580322178593e-197,2.4332325654125437,0.9948010845236512,1.0381227516414936e-53,1304.3016318350103,1,292,v5,matrix,2,0.8,0.2005
31003,12092,25014,10468,0.2885589599609375,0.221954345703125,0.0,2.971344378590782,0.9991572151214256,7.561405090904528e-65,2882.0667228673133,0,293,clean,,,,
30888,12115,24786,10493,0.2864532470703125,0.2180938720703125,0.0,2.9769020173289085,0.9993610663796462,5.128803662648891e-65,2818.1528409709235,1,293,v0,nsF5,3,0.25,0.0316
30734,12167,24618,10546,0.2833099365234375,0.2147216796875,0.0,2.9829002430529625,0.9995090724565607,2.2244833514484554e-65,2774.045300853182,1,293,v1,nsF5,3,0.55,0.0695
30588,12291,24540,10634,0.2791900634765625,0.212188720703125,0.0,2.986091740772795,0.9995711444231714,1.614381498462409e-64,2731.0980062615963,1,293,v2,nsF5,2,0.35,0.0892
30180,12623,24021,10732,0.2678985595703125,0.2027740478515625,0.0,2.998997266007604,0.9999091585539103,8.146932593141825e-76,2507.464979886956,1,293,v3,nsF5,2,0.85,0.2158
29282,12944,23483,11166,0.249298095703125,0.1879425048828125,0.0,2.9829779775971734,0.9994822419020011,1.2602532331899492e-47,2272.092130665912,1,293,v4,matrix,3,0.5,0.0625
25826,15325,20586,12813,0.1602325439453125,0.1186065673828125,2.994973575413416e-157,3.010957703116592,0.9998913438443201,2.46471282247206e-16,1076.0474548390587,1,293,v5,matrix,2,0.8,0.2009
40573,3894,36106,5403,0.5596771240234375,0.4684906005859375,1.5774710886805852e-252,1.921426022076282,0.9851304133189984,4.078851551632114e-109,1566.5905438069515,0,294,clean,,,,
39713,4228,35244,5611,0.5414581298828125,0.4521636962890625,3.094368878757084e-248,1.9483574647686122,0.9885931438410596,3.587514883381134e-109,1545.2617545779801,1,294,v0,nsF5,3,0.25,0.0315
38744,4561,34278,5843,0.5215911865234375,0.4338836669921875,2.9994223167787905e-236,1.9772645666276079,0.9916736274622758,6.735959006152586e-103,1485.5780437789556,1,294,v1,nsF5,3,0.55,0.0691
38443,4674,33825,5929,0.5152740478515625,0.4256591796875,1.0942368015566033e-207,1.9900070480189267,0.9931280728321721,4.584951263954119e-99,1339.8298017063812,1,294,v2,nsF5,2,0.35,0.0881
36488,5777,31481,6754,0.4686126708984375,0.3773040771484375,4.945578299283448e-157,2.0499237884189667,0.9984167540974301,1.621821380847307e-77,1082.4989659339803,1,294,v3,nsF5,2,0.85,0.2142
35711,5458,31652,6741,0.4616241455078125,0.3801116943359375,2.6317723538818e-195,1.976144946973943,0.9911896482083358,5.798475015425677e-81,1280.082071116438,1,294,v4,matrix,3,0.5,0.0624
27532,9364,24205,10106,0.2772216796875,0.2151336669921875,1.9886207563121623e-60,2.074629887166122,0.998112315310259,7.818111887843512e-18,566.2153772136664,1,294,v5,matrix,2,0.8,0.2004
25670,7040,23825,11148,0.284271240234375,0.1934356689453125,1.7534682752555194e-123,3.454210922664515,0.9991658655003565,1.735631226638937e-42,936.3295874635642,0,295,clean,,,,
25459,7137,23645,11144,0.279571533203125,0.1907501220703125,6.397994318702281e-125,3.457113965987534,0.9993977844746047,4.0762833349152205e-39,943.9636947282809,1,295,v0,nsF5,3,0.25,0.0321
25231,7379,23447,11269,0.27239990234375,0.185821533203125,1.2031996151269352e-123,3.4599505203602505,0.9995465978417952,3.3262093751392084e-37,937.1984678522001,1,295,v1,nsF5,3,0.55,0.0701
25205,7422,23495,11219,0.2713470458984375,0.18731689453125,1.1793260139026654e-115,3.461217873522229,0.999620847614881,3.1112088824901265e-37,894.5965336609302,1,295,v2,nsF5,2,0.35,0.0889
24627,7912,22826,11494,0.2550506591796875,0.17291259765625,1.3537831310837033e-108,3.46649361452819,0.9999094059148511,3.3480588110908534e-32,856.6861064801768,1,295,v3,nsF5,2,0.85,0.2161
23830,8034,22409,11749,0.24102783203125,0.16265869140625,3.0391496277337566e-92,3.461239471335492,0.9995047466295519,1.778869045975085e-29,767.7199287117917,1,295,v4,matrix,3,0.5,0.0627
20338,10315,19980,13324,0.1529388427734375,0.1015625,2.0011344695494557e-28,3.4764903361722976,0.9998705351546286,1.0916102011309802e-10,389.37886142147784,1,295,v5,matrix,2,0.8,0.2004
27404,7930,24131,11099,0.297149658203125,0.1988525390625,8.680572978407935e-46,3.4891818128658003,0.9994563640366396,7.99410167110331e-46,500.5304433120777,0,296,clean,,,,
27244,8078,23896,11090,0.292449951171875,0.195404052734375,6.593060333303852e-51,3.4927484160018385,0.9995770407723195,6.387166151471746e-49,531.5951324034116,1,296,v0,nsF5,3,0.25,0.0317
27043,8193,23684,11166,0.287628173828125,0.191009521484375,8.286760066448215e-49,3.4965810972070646,0.999694959163539,1.2917271318693891e-45,518.9276754805765,1,296,v1,nsF5,3,0.55,0.0695
26662,8405,23528,11241,0.2785797119140625,0.1874847412109375,9.467060242656678e-51,3.4982462138724997,0.9997349478731565,8.950278483558828e-50,530.650228466841,1,296,v2,nsF5,2,0.35,0.0880
26104,8910,22957,11404,0.262359619140625,0.1762847900390625,1.8422254798082679e-62,3.506420019000269,0.9999321717578858,5.295771372629158e-56,599.8295536028444,1,296,v3,nsF5,2,0.85,0.2141
25643,8843,22693,11659,0.25634765625,0.168365478515625,2.5221408022128504e-35,3.4972484058751245,0.9996686727300483,1.0125023963397107e-34,434.86913793524906,1,296,v4,matrix,3,0.5,0.0629
21850,11278,20035,13337,0.16131591796875,0.102203369140625,9.242290332409878e-17,3.5147902029432196,0.9999138007401038,1.6775720376102236e-17,305.6793851081576,1,296,v5,matrix,2,0.8,0.2003
41003,6189,38158,5953,0.531219482421875,0.4914093017578125,0.0,2.8776649528715263,0.9577210727467121,2.2883230097423313e-305,2659.992149137233,0,297,clean,,,,
39946,6388,36892,6106,0.512054443359375,0.469757080078125,0.0,2.906180395324392,0.9672861044414773,1.0943882e-316,2709.013155787604,1,297,v0,nsF5,3,0.25,0.0314
38893,6714,35598,6389,0.4910125732421875,0.4456939697265625,0.0,2.934234137361244,0.9764550485058576,2.383e-320,2703.9504346282433,1,297,v1,nsF5,3,0.55,0.0691
38304,6920,34967,6587,0.4788818359375,0.43304443359375,0.0,2.9462451033215866,0.9807469354378079,0.0,2717.177403662472,1,297,v2,nsF5,2,0.35,0.0880
35759,8161,31942,7634,0.421112060546875,0.37091064453125,0.0,2.997552948476149,0.995450023392789,0.0,2903.665333253,1,297,v3,nsF5,2,0.85,0.2132
35673,7413,32655,7112,0.43121337890625,0.3897552490234375,0.0,2.930379544849667,0.9750967149124042,1.0198094900797674e-224,2115.55105151372,1,297,v4,matrix,3,0.5,0.0628
26795,11198,24075,10643,0.2379913330078125,0.2049560546875,1.936552209989317e-142,3.0087625581443627,0.9945979394759259,1.272936078208081e-90,1036.277713346369,1,297,v5,matrix,2,0.8,0.2007
37167,5301,33410,6835,0.486236572265625,0.4055023193359375,1.313024919353609e-274,2.667311819384536,0.9884877769785471,8.812346480321811e-109,1704.421897752766,0,298,clean,,,,
36464,5584,32690,7033,0.47119140625,0.3914947509765625,1.7767095543072865e-271,2.6866112880531974,0.9912397013116009,3.497698286161056e-105,1688.8660563632154,1,298,v0,nsF5,3,0.25,0.0320
35767,5927,31837,7268,0.455322265625,0.3748931884765625,3.025387910216399e-263,2.7065275195793514,0.993940259604021,4.2435523808746065e-99,1647.9207417001899,1,298,v1,nsF5,3,0.55,0.0703
35421,6015,31374,7365,0.448699951171875,0.3663482666015625,3.885788326802668e-255,2.7164630116559794,0.9946175231567611,5.527552202885548e-95,1607.5037442548012,1,298,v2,nsF5,2,0.35,0.0898
33676,6968,29337,8021,0.40753173828125,0.32525634765625,6.296483460301578e-267,2.7556621225029434,0.9986393936071437,1.4372021219245252e-103,1666.244954898656,1,298,v3,nsF5,2,0.85,0.2171
33134,6720,29624,8035,0.403045654296875,0.3294219970703125,1.6009423044302002e-195,2.705351128733842,0.9934642591627998,6.185585608086447e-74,1307.380118128605,1,298,v4,matrix,3,0.5,0.0626
26129,10134,23123,11066,0.2440643310546875,0.1839752197265625,9.8873070894033e-83,2.771786482472878,0.99834540237924,5.689051347186393e-29,712.9520932062444,1,298,v5,matrix,2,0.8,0.2000
37366,5403,34386,6654,0.4877166748046875,0.42315673828125,0.0,2.726508898994687,0.981229055543432,2.826451798520658e-301,3491.930662918592,0,299,clean,,,,
36566,5685,33538,6882,0.4712066650390625,0.40673828125,0.0,2.747848794507834,0.9855938514024956,5.169139041243702e-283,3332.326054880136,1,299,v0,nsF5,3,0.25,0.0316
35820,6037,32669,7116,0.4544525146484375,0.3899078369140625,0.0,2.7684474138211392,0.9897160055966958,1.4576683361369676e-263,3146.128392269329,1,299,v1,nsF5,3,0.55,0.0694
35483,6083,32151,7143,0.4486083984375,0.381591796875,0.0,2.77722039197466,0.9914083260057528,9.565843790702225e-253,3064.1692048108785,1,299,v2,nsF5,2,0.35,0.0881
33715,7141,29812,8037,0.405487060546875,0.3322601318359375,0.0,2.818361958372748,0.9980794301348945,1.795217956415524e-194,2674.921831120791,1,299,v3,nsF5,2,0.85,0.2131
33090,6837,30275,7916,0.4005889892578125,0.3411712646484375,0.0,2.766514491354484,0.989075903661639,9.446064513717784e-219,2673.804628577836,1,299,v4,matrix,3,0.5,0.0630
25853,10207,23386,10961,0.238739013671875,0.1895904541015625,2.446329058681098e-188,2.8331057979676193,0.9977284378078801,2.0095053910000745e-87,1270.781172776782,1,299,v5,matrix,2,0.8,0.2001
28389,9430,24646,11024,0.2892913818359375,0.207855224609375,8.329601707270656e-83,3.9115909343403934,0.9992197353500468,2.4379367787705555e-77,715.4756244602632,0,300,clean,,,,
28197,9512,24452,11129,0.2851104736328125,0.2032928466796875,2.816273192740919e-77,3.914832392802135,0.9994184795794062,8.224653211143747e-68,684.5001662241845,1,300,v0,nsF5,3,0.25,0.0319
27842,9657,24120,11267,0.2774810791015625,0.1961212158203125,1.6406729658305883e-69,3.9182031596851954,0.9995951383940662,7.253527280683825e-62,640.456681558412,1,300,v1,nsF5,3,0.55,0.0699
27687,9854,24027,11161,0.2721099853515625,0.196319580078125,2.9527695853519758e-74,3.9201917083769517,0.99965204027227,2.0450939465970483e-60,667.4479015706,1,300,v2,nsF5,2,0.35,0.0893
26949,10323,23171,11464,0.253692626953125,0.1786346435546875,2.9584116962003163e-62,3.9272026870805137,0.9998995089258986,2.4701148295951255e-43,598.6338042017671,1,300,v3,nsF5,2,0.85,0.2164
26361,10223,22998,11749,0.246246337890625,0.1716461181640625,9.515663979302527e-56,3.919586620895411,0.9995586837614501,6.73903102298032e-54,560.4671520235576,1,300,v4,matrix,3,0.5,0.0626
22663,12496,19976,13244,0.1551361083984375,0.10272216796875,3.7912751041837356e-21,3.936249461959467,0.9999050916691531,3.498078515965026e-21,338.5077211931952,1,300,v5,matrix,2,0.8,0.2006
30639,11131,25752,10688,0.29766845703125,0.2298583984375,6.025188056245018e-49,3.9944214998405516,0.9987711684298022,5.249772745071101e-51,519.7658160530459,0,301,clean,,,,
30271,11323,25279,10799,0.28912353515625,0.220947265625,1.3613925666942108e-48,3.997482701637759,0.999093848924305,2.0105973452777492e-50,517.621313524405,1,301,v0,nsF5,3,0.25,0.0317
29847,11448,24861,10859,0.2807464599609375,0.213653564453125,1.5853473691334058e-50,4.000444677060429,0.9993773757012345,8.265684037600344e-52,529.3028440763267,1,301,v1,nsF5,3,0.55,0.0699
29725,11596,24714,10969,0.2766265869140625,0.2097320556640625,1.0153724784089721e-42,4.00178033190489,0.999420982419952,6.74768791113386e-45,481.61088349460664,1,301,v2,nsF5,2,0.35,0.0887
28873,12192,23760,11407,0.2545318603515625,0.1884918212890625,1.9572718701244982e-42,4.006860364922055,0.9998868311090492,2.0635319807819543e-44,479.84049904269614,1,301,v3,nsF5,2,0.85,0.2160
28333,12039,23625,11371,0.248626708984375,0.186981201171875,5.068958658960048e-36,4.0020715578779535,0.9993129169018478,2.933638501575911e-35,439.3522110396409,1,301,v4,matrix,3,0.5,0.0626
24327,14469,20313,13343,0.150421142578125,0.106353759765625,1.5123876851474878e-11,4.016190651037371,0.9998671893646824,6.5103200262348224e-12,263.1859780629918,1,301,v5,matrix,2,0.8,0.2003
29601,12032,24014,11119,0.2680816650390625,0.1967620849609375,1.8737242501797496e-47,3.902217651390208,0.999658670169647,2.807365121623015e-38,510.70414903938024,0,302,clean,,,,
29250,12188,23759,11219,0.260345458984375,0.19134521484375,4.001665152455341e-46,3.904363273358514,0.9997522052760508,3.1796626685803896e-36,502.5897301508074,1,302,v0,nsF5,3,0.25,0.0317
28954,12299,23425,11284,0.2541351318359375,0.1852569580078125,6.385194667590072e-47,3.9064119229011873,0.9998206800037637,1.1696156279065295e-37,507.4594201027281,1,302,v1,nsF5,3,0.55,0.0698
29002,12313,23471,11327,0.2546539306640625,0.185302734375,7.132987506978966e-46,3.9068724228955265,0.9998370680748301,8.41264331571689e-37,501.0528751989953,1,302,v2,nsF5,2,0.35,0.0890
28427,12649,22742,11671,0.240753173828125,0.1689300537109375,4.9977437481122064e-49,3.9102247088256354,0.9999684237810135,2.0980476869761118e-39,520.2572901439986,1,302,v3,nsF5,2,0.85,0.2155
27707,12896,22491,11755,0.2259979248046875,0.163818359375,5.188465773461818e-34,3.907967671098283,0.9998002164535333,6.323698516892975e-27,426.36994605725437,1,302,v4,matrix,3,0.5,0.0624
24546,14943,19936,13426,0.1465301513671875,0.099334716796875,3.0602610354556836e-08,3.918588283164756,0.9999564874440696,5.508558961019344e-08,232.93135357074277,1,302,v5,matrix,2,0.8,0.1998
24642,7766,22941,11570,0.25750732421875,0.1735076904296875,6.638499906379885e-20,3.620185493799168,0.9998670396721434,1.5934444869401438e-17,329.4073977031421,0,303,clean,,,,
24467,7908,22774,11595,0.2526702880859375,0.1705780029296875,1.5642300740211257e-18,3.622236531280462,0.9998893039839253,1.5789805316027257e-15,319.18635613300097,1,303,v0,nsF5,3,0.25,0.0317
24357,8044,22663,11601,0.2489166259765625,0.168792724609375,2.8978241150690907e-20,3.6241241632161447,0.9999274952135524,1.01236646355594e-15,332.0573548485936,1,303,v1,nsF5,3,0.55,0.0698
24214,8120,22480,11614,0.245574951171875,0.165802001953125,2.895572779166952e-19,3.625041411764975,0.9999404574871182,5.586949094388948e-18,324.6672005611557,1,303,v2,nsF5,2,0.35,0.0886
23892,8596,22311,11868,0.2333984375,0.1593475341796875,7.5810887546454265e-31,3.629621757696705,0.999976478426212,2.041115101831424e-26,405.59369762330374,1,303,v3,nsF5,2,0.85,0.2149
23134,8639,21807,12092,0.2211761474609375,0.1482391357421875,6.084203549838808e-14,3.6246840491480903,0.9999239704417892,2.0435991069570185e-12,283.30773404577735,1,303,v4,matrix,3,0.5,0.0625
20057,10730,19640,13485,0.1423187255859375,0.0939178466796875,1.1565844983433695e-06,3.636695169677814,0.9999837442263311,3.2801236164769314e-07,216.94312935649478,1,303,v5,matrix,2,0.8,0.1993
26327,6443,24474,10797,0.30340576171875,0.2086944580078125,1.4818356283057468e-74,3.6770174266344595,0.9996300213544282,6.665245594276163e-16,669.1426624160986,0,304,clean,,,,
26033,6629,24242,10881,0.29608154296875,0.2038726806640625,2.40980810521678e-64,3.680217026332515,0.9997046341134278,1.3869622289681213e-13,610.7483983777603,1,304,v0,nsF5,3,0.25,0.0318
25806,6844,23959,11047,0.289337158203125,0.197021484375,1.0289406450852132e-61,3.6831779659904553,0.9998111668199646,3.502529904558092e-13,595.4842539199279,1,304,v1,nsF5,3,0.55,0.0698
25846,6851,23851,10983,0.2898406982421875,0.19635009765625,9.07138626001542e-60,3.6848984243991594,0.9998156897988727,3.915670595778556e-15,584.1296368704578,1,304,v2,nsF5,2,0.35,0.0892
25079,7471,23291,11278,0.2686767578125,0.1833038330078125,5.137573493898226e-45,3.691877192681459,0.9999305581109559,5.975621969872303e-19,495.7914364588279,1,304,v3,nsF5,2,0.85,0.2157
24365,7437,22938,11499,0.25830078125,0.1745452880859375,6.590702810162205e-53,3.6842833784681392,0.999792526564691,3.8562472884535217e-10,543.5795906321523,1,304,v4,matrix,3,0.5,0.0625
20576,9782,20173,13138,0.164703369140625,0.1073455810546875,9.487713105842692e-19,3.700388428375122,0.9999287611884871,0.0005429547187211187,320.8169364277637,1,304,v5,matrix,2,0.8,0.2004
29694,7793,26909,10076,0.3341827392578125,0.2568511962890625,1.2349867737164441e-20,4.218105599516489,0.9985878802876793,1.7025759375908309e-16,334.7710809722013,0,305,clean,,,,
29274,7960,26389,10176,0.325225830078125,0.2473907470703125,5.163786255859109e-18,4.221910035174696,0.9989211163685692,2.5860255628709618e-15,315.27021149852334,1,305,v0,nsF5,3,0.25,0.0317
28945,8164,25987,10386,0.3170928955078125,0.2380523681640625,3.952081238230191e-17,4.225602204285501,0.9992484901259502,2.3140039632809516e-14,308.52409903365856,1,305,v1,nsF5,3,0.55,0.0698
28799,8349,25941,10242,0.312042236328125,0.2395477294921875,1.1146452151543156e-19,4.22735990079844,0.999366471775955,2.8369506683902257e-16,327.7442417315205,1,305,v2,nsF5,2,0.35,0.0890
27926,8950,24746,10609,0.28955078125,0.2157135009765625,3.3925930102516926e-22,4.234202221859532,0.9998620525144886,4.489865214519143e-16,346.07335482749386,1,305,v3,nsF5,2,0.85,0.2151
27109,8798,24668,10920,0.2794036865234375,0.20977783203125,5.726517385406962e-13,4.226352466270181,0.9991871109594468,1.3006677797179389e-11,275.2713039057113,1,305,v4,matrix,3,0.5,0.0626
22878,11272,20928,12660,0.177093505859375,0.12615966796875,9.05125543442396e-06,4.242170935140701,0.9998281645781423,7.2500115732848635e-06,207.21059194842965,1,305,v5,matrix,2,0.8,0.2003
34013,7418,30966,8445,0.4058074951171875,0.3436431884765625,2.9332581249330165e-124,3.8311843273683546,0.9899204696346757,2.1787939859748438e-134,940.453744185112,0,306,clean,,,,
33347,7638,30292,8535,0.3922882080078125,0.3319854736328125,8.162945824076907e-118,3.841351095199227,0.9923547645478371,2.0637125857446026e-129,906.1414333691015,1,306,v0,nsF5,3,0.25,0.0318
32655,7937,29409,8731,0.377166748046875,0.315521240234375,4.454483790981301e-116,3.852276447682238,0.9945816722757058,2.9381483441118627e-123,896.8586325400629,1,306,v1,nsF5,3,0.55,0.0701
32334,8000,28976,8798,0.371307373046875,0.307891845703125,9.142484084798519e-113,3.857172649129481,0.9953998813080909,1.0086372824679686e-117,879.1135694521862,1,306,v2,nsF5,2,0.35,0.0891
30859,8858,27255,9447,0.3357086181640625,0.271728515625,1.5318981707715921e-109,3.8768054016827973,0.9988097946366707,1.4674147655893486e-107,861.7836431344822,1,306,v3,nsF5,2,0.85,0.2158
30424,8606,27557,9360,0.332916259765625,0.2776641845703125,1.4780732197230055e-92,3.85213714023248,0.9941888540429463,2.243046656598683e-97,769.4405857570372,1,306,v4,matrix,3,0.5,0.0628
24536,11422,21960,11780,0.200103759765625,0.15533447265625,3.794717897679584e-35,3.8858245682000083,0.9986261837977177,1.3088109131650018e-37,433.7248854485978,1,306,v5,matrix,2,0.8,0.2001
30683,12407,24841,10679,0.27886962890625,0.216094970703125,1.294098856703143e-136,4.075645554325167,0.9996147543295077,2.91453880767192e-113,1005.7197245288844,0,307,clean,,,,
30462,12504,24546,10714,0.274017333984375,0.2110595703125,6.910750520136047e-119,4.079144396666776,0.9997171094803137,1.9887649976839428e-103,911.8646874052072,1,307,v0,nsF5,3,0.25,0.0318
30125,12671,24297,10808,0.266326904296875,0.2058258056640625,1.157689335995548e-106,4.082594770987532,0.9998001246686379,1.0280551739420562e-93,846.2626849695423,1,307,v1,nsF5,3,0.55,0.0698
30003,12758,24093,10770,0.2631378173828125,0.2032928466796875,1.5550021545921336e-103,4.084962626964465,0.9998388862882448,3.859151604304778e-92,829.3390118859718,1,307,v2,nsF5,2,0.35,0.0883
29388,13147,23461,11064,0.2478179931640625,0.1891632080078125,2.256880566105393e-65,4.093692556992885,0.9999545388543626,6.902661253503595e-64,616.6899567650324,1,307,v3,nsF5,2,0.85,0.2139
28792,13413,23139,11368,0.2346649169921875,0.1796112060546875,8.820108638242468e-99,4.083759537160291,0.9997794194817908,5.981006087095768e-82,803.5024948368896,1,307,v4,matrix,3,0.5,0.0630
25317,15643,20303,13108,0.147613525390625,0.1097869873046875,7.371780545645081e-43,4.101682338046251,0.9999486698376248,1.190916080177256e-33,482.4737690319748,1,307,v5,matrix,2,0.8,0.1994
29401,13331,24567,11790,0.245208740234375,0.1949615478515625,0.0,4.167647668692383,0.9942866314307732,2.4769920335105034e-29,23117.25751354137,0,308,clean,,,,
28611,13370,23805,11804,0.2325592041015625,0.1831207275390625,0.0,4.169708259139942,0.9955832524112925,3.9719233163773844e-27,20254.955469636778,1,308,v0,nsF5,3,0.25,0.0316
27810,13483,23037,11914,0.2186126708984375,0.1697235107421875,0.0,4.171352499853755,0.9967554999664279,1.2708387962018583e-21,17072.349429599326,1,308,v1,nsF5,3,0.55,0.0696
27402,13489,22563,12003,0.2122955322265625,0.1611328125,0.0,4.171649000088252,0.9974349106802725,9.950839846652074e-18,15086.647648985478,1,308,v2,nsF5,2,0.35,0.0889
25637,14178,20909,12642,0.1748504638671875,0.1261444091796875,0.0,4.171462804471537,0.9994970579460963,2.453100703387379e-15,6775.761612022127,1,308,v3,nsF5,2,0.85,0.2157
27216,13968,22567,12248,0.2021484375,0.1574554443359375,0.0,4.171901473963375,0.9965863718873769,5.061696022479999e-20,17587.57481370645,1,308,v4,matrix,3,0.5,0.0627
23522,15647,19385,13736,0.1201629638671875,0.0861968994140625,0.0,4.1764980333908035,0.9993708772861809,5.3101320419553864e-09,7603.790036490356,1,308,v5,matrix,2,0.8,0.2010
31173,11979,26828,11099,0.292877197265625,0.2400054931640625,0.0,3.8556659903007913,0.9867744782379338,4.930139214991826e-44,31277.80583288792,0,309,clean,,,,
30197,12082,25837,11206,0.2764129638671875,0.2232513427734375,0.0,3.861531861946486,0.9897054306206896,2.2428209849606307e-46,27569.95830262535,1,309,v0,nsF5,3,0.25,0.0320
29111,12245,24657,11266,0.257354736328125,0.2043304443359375,0.0,3.8672327720725304,0.9927867313503653,1.376371742277252e-48,23256.027896122483,1,309,v1,nsF5,3,0.55,0.0700
28314,12290,24021,11449,0.2445068359375,0.19183349609375,0.0,3.8694257533743537,0.9944137611146076,6.512516786328835e-51,20173.973349052983,1,309,v2,nsF5,2,0.35,0.0904
26116,13197,21767,12275,0.1971282958984375,0.14483642578125,0.0,3.8753958747455424,0.9987659259914954,3.688256607923445e-83,8672.78033381462,1,309,v3,nsF5,2,0.85,0.2184
28512,12699,24343,11581,0.2412872314453125,0.194732666015625,0.0,3.8676707830119663,0.9923314096363631,2.2895824674219376e-33,24028.63991640802,1,309,v4,matrix,3,0.5,0.0624
23625,14828,19932,13312,0.1342315673828125,0.10101318359375,0.0,3.882202600599282,0.9985460788921359,5.807030470260548e-18,9753.874323208738,1,309,v5,matrix,2,0.8,0.2020
31143,5853,28607,9424,0.385894775390625,0.2927093505859375,1.323825961211886e-169,3.2499041094757652,0.9967042063090773,2.922032776222024e-95,1177.2935050056858,0,310,clean,,,,
30615,6023,28059,9440,0.375244140625,0.2841033935546875,6.18232317561368e-167,3.254907547662688,0.9974055355741879,4.2019247098489584e-89,1163.5341098296703,1,310,v0,nsF5,3,0.25,0.0317
30059,6268,27564,9575,0.3630218505859375,0.2744903564453125,3.256435491382794e-159,3.2602120962811862,0.9981896926670537,1.3153367068375381e-82,1123.620114400521,1,310,v1,nsF5,3,0.55,0.0696
29931,6377,27290,9676,0.359405517578125,0.268768310546875,1.4535809487788663e-163,3.263007095592583,0.9986146030369938,1.639090180892032e-89,1146.1283490410078,1,310,v2,nsF5,2,0.35,0.0886
28647,7178,25930,10119,0.3275909423828125,0.2412567138671875,8.437640197176452e-143,3.273639301335652,0.9996992533709204,5.644732162641211e-76,1038.166415496763,1,310,v3,nsF5,2,0.85,0.2154
28078,6908,26027,10165,0.323028564453125,0.242034912109375,6.065490812846083e-125,3.261417525418035,0.998024952158822,4.821608722978696e-67,944.0866777573532,1,310,v4,matrix,3,0.5,0.0627
22841,9940,21483,12341,0.1968536376953125,0.139495849609375,1.0844742228465815e-49,3.283292074148082,0.9996261393845574,8.050805880550157e-27,524.2683187813083,1,310,v5,matrix,2,0.8,0.2006
39531,6434,36448,6319,0.5050201416015625,0.4597320556640625,0.0,3.3067232804465903,0.9767763635289499,8.603039208967031e-115,3631.4612068826364,0,311,clean,,,,
38587,6678,35345,6541,0.4868927001953125,0.43951416015625,0.0,3.3289139554381486,0.9820987547667853,1.611531853783256e-109,3386.8572680230454,1,311,v0,nsF5,3,0.25,0.0314
37506,6986,34110,6805,0.4656982421875,0.4166412353515625,0.0,3.3513058691748245,0.9872656059756864,7.732495445475465e-101,3151.3734109137317,1,311,v1,nsF5,3,0.55,0.0690
37144,7180,33638,7001,0.45721435546875,0.4064483642578125,0.0,3.360412011327961,0.9894740705900538,4.551028729637299e-95,3084.5202828740034,1,311,v2,nsF5,2,0.35,0.0880
34805,8293,30684,7887,0.404541015625,0.3478546142578125,0.0,3.4021203423098894,0.9976133605911902,4.729940749995866e-84,2476.333963790372,1,311,v3,nsF5,2,0.85,0.2135
34637,7678,31518,7532,0.4113616943359375,0.365997314453125,0.0,3.348876779807155,0.9865696565454946,4.608486984303458e-81,2698.4520408696535,1,311,v4,matrix,3,0.5,0.0626
26693,11241,23757,10843,0.23577880859375,0.197052001953125,1.8342941348492915e-200,3.412845572139502,0.9971683078464596,4.6754548116606725e-30,1335.0969562924427,1,311,v5,matrix,2,0.8,0.2003
31876,14961,26627,11096,0.2581024169921875,0.2369842529296875,1.4346254779326603e-91,4.796581741062036,0.9964381984396349,2.0009150944648055e-65,764.0129490912665,0,312,clean,,,,
31449,15056,26056,11192,0.2501373291015625,0.226806640625,2.064726993776347e-79,4.8078350499873475,0.9972965059742771,5.062716970137556e-64,696.4952318245684,1,312,v0,nsF5,3,0.25,0.0318
31022,15185,25555,11305,0.2416534423828125,0.217437744140625,8.916255630347252e-68,4.818310512046944,0.9980944905379865,9.912499541994886e-58,630.5187295541651,1,312,v1,nsF5,3,0.55,0.0697
30877,15300,25258,11292,0.2376861572265625,0.213104248046875,2.7977160958400413e-65,4.822532968185738,0.9983967886514515,9.66917296617876e-60,616.1515837716074,1,312,v2,nsF5,2,0.35,0.0883
29833,15651,23825,11720,0.216400146484375,0.1847076416015625,2.341417582155911e-41,4.843202641943493,0.9995969654958246,1.4004979597726096e-41,473.1250369831183,1,312,v3,nsF5,2,0.85,0.2146
29533,15642,24173,11788,0.2119598388671875,0.1889801025390625,6.08261407764334e-65,4.817130648108106,0.9979107386176634,8.312733363438911e-46,614.2042302823904,1,312,v4,matrix,3,0.5,0.0628
25528,17456,20120,13403,0.1231689453125,0.1024932861328125,7.925997962479198e-26,4.850922905338185,0.9995103665032622,1.3624263748891364e-21,371.62782419184197,1,312,v5,matrix,2,0.8,0.2002
32067,15130,26910,11013,0.2584381103515625,0.2425689697265625,4.399131903474659e-75,4.836408025564686,0.9956901989656148,2.1393937169525634e-64,672.1255439948487,0,313,clean,,,,
31601,15211,26294,11165,0.250091552734375,0.2308502197265625,5.934250049513845e-66,4.847211443032581,0.9967358479185563,4.2812364324340816e-62,620.0351131844151,1,313,v0,nsF5,3,0.25,0.0316
31191,15308,25702,11214,0.2423553466796875,0.2210693359375,5.264851133720134e-59,4.857964709682296,0.9977321524695395,2.200476119074969e-55,579.655691221942,1,313,v1,nsF5,3,0.55,0.0697
30963,15333,25598,11221,0.238494873046875,0.2193756103515625,4.427229165357513e-54,4.862083915118698,0.9981996298842657,1.1235509298106937e-49,550.5703891833064,1,313,v2,nsF5,2,0.35,0.0885
29933,15680,24239,11607,0.2174835205078125,0.1927490234375,1.5884543913083834e-36,4.881568391280076,0.9995916030255685,1.9289635680956954e-35,442.58312383381224,1,313,v3,nsF5,2,0.85,0.2144
29639,15807,24362,11660,0.2110595703125,0.193817138671875,4.007179431772716e-54,4.857960085952195,0.9974791486186165,5.421710140601801e-50,550.8279534058938,1,313,v4,matrix,3,0.5,0.0627
25595,17472,20424,13349,0.1239471435546875,0.1079559326171875,3.998968906348163e-17,4.8903664420581485,0.9994980768282162,3.3687296664806508e-15,308.48472485318644,1,313,v5,matrix,2,0.8,0.1997
37044,9622,33473,8050,0.418426513671875,0.3879241943359375,0.0,3.6715175176962735,0.9849500091122764,1.6357753668437413e-218,1950.915237801277,0,314,clean,,,,
36358,9786,32578,8185,0.40545654296875,0.3722076416015625,9.334106327393098e-296,3.6953670708232718,0.9885227207427956,4.636127614290189e-211,1806.3289790870613,1,314,v0,nsF5,3,0.25,0.0321
35515,10014,31585,8357,0.3891143798828125,0.35443115234375,9.679058132443615e-256,3.7188594632090575,0.9917435888712477,3.7241509474179416e-186,1607.7424027535187,1,314,v1,nsF5,3,0.55,0.0706
35092,10080,31068,8450,0.38165283203125,0.345123291015625,5.572681648450235e-242,3.7291297790746745,0.9934999828940714,1.536233451482587e-183,1539.0073048490344,1,314,v2,nsF5,2,0.35,0.0899
33337,10879,28721,9161,0.342681884765625,0.2984619140625,1.4429476214823672e-176,3.7742732065217393,0.9985388871285888,2.919107241815594e-132,1208.0326842027348,1,314,v3,nsF5,2,0.85,0.2181
33120,10673,29346,9001,0.3425140380859375,0.3104400634765625,8.653878085945518e-225,3.7178417251761995,0.9910743507816315,9.459664490829723e-149,1452.7553589135316,1,314,v4,matrix,3,0.5,0.0628
26462,13377,22741,11731,0.1996612548828125,0.167999267578125,5.9408601129507325e-92,3.786775446161008,0.9981697360818094,9.714293232745056e-70,761.7925829574677,1,314,v5,matrix,2,0.8,0.2006
29095,7369,25679,10256,0.331512451171875,0.2353363037109375,1.7384736626363925e-124,3.67388705650702,0.9996771279347054,7.519766712100965e-126,941.6597607987121,0,315,clean,,,,
28831,7563,25511,10397,0.32452392578125,0.230621337890625,4.467349327080963e-111,3.678584386130584,0.999741983134671,1.867073326718652e-113,870.0424264500343,1,315,v0,nsF5,3,0.25,0.0317
28440,7820,25162,10474,0.31463623046875,0.22412109375,5.628551765322061e-94,3.6831860003640706,0.9998179745285432,1.5275923237316534e-96,777.232282941627,1,315,v1,nsF5,3,0.55,0.0689
28369,7839,24974,10458,0.313262939453125,0.22149658203125,1.1703501610535162e-79,3.685723624795654,0.9998554943772995,1.3200799315922983e-83,697.8776128683403,1,315,v2,nsF5,2,0.35,0.0882
27643,8408,24172,10843,0.2935028076171875,0.2033843994140625,5.1416968640784685e-47,3.696281147154507,0.999977041799744,9.728633263817932e-52,508.03312873175133,1,315,v3,nsF5,2,0.85,0.2137
26865,8496,23953,11032,0.2802886962890625,0.1971588134765625,5.661543481274279e-89,3.683822781818554,0.9997852627045658,1.2491180553148382e-90,749.7005983555252,1,315,v4,matrix,3,0.5,0.0624
22713,10889,20663,12905,0.180419921875,0.118377685546875,6.280825765273876e-24,3.7046812210018154,0.9999789002252988,2.452624901570465e-25,358.38353278987387,1,315,v5,matrix,2,0.8,0.2004
24348,10556,21449,12612,0.21044921875,0.1348419189453125,0.0,4.235437989518329,0.9999394007485765,1.1522808861396663e-32,2730.731486924696,0,316,clean,,,,
24195,10689,21352,12637,0.206085205078125,0.1329803466796875,0.0,4.236385957459894,0.999956701319348,1.4082189540831546e-29,2634.8971758995863,1,316,v0,nsF5,3,0.25,0.0319
24063,10774,21228,12674,0.2027740478515625,0.130523681640625,0.0,4.237189366510591,0.9999691492351258,2.13375530514406e-24,2517.3978639448273,1,316,v1,nsF5,3,0.55,0.0699
24052,10824,21222,12767,0.20184326171875,0.1290130615234375,0.0,4.238009093959858,0.9999728195507696,1.432611882229402e-24,2459.5300941922746,1,316,v2,nsF5,2,0.35,0.0895
23752,11144,20940,12923,0.1923828125,0.1223297119140625,0.0,4.239974115789873,0.9999838226620883,3.2992987503416843e-19,2126.8621167444226,1,316,v3,nsF5,2,0.85,0.2167
23070,11269,20556,13004,0.1800689697265625,0.115234375,0.0,4.238545369039656,0.9999648627399156,4.758729063962147e-24,2090.3410135672625,1,316,v4,matrix,3,0.5,0.0625
20693,12963,18858,14188,0.117950439453125,0.071258544921875,4.660245562473783e-138,4.246175379230603,0.9999836393502473,3.3295798805442487e-10,1013.3046288368613,1,316,v5,matrix,2,0.8,0.2009
36373,3667,32830,6884,0.499053955078125,0.395904541015625,0.0,2.6891109053188127,0.9890063129093295,3.4468340304244837e-177,2479.1632216498892,0,317,clean,,,,
35668,3944,32095,7015,0.48406982421875,0.3826904296875,0.0,2.704111450933934,0.9913944375967055,2.899017177805104e-171,2382.202347905544,1,317,v0,nsF5,3,0.25,0.0318
34948,4275,31324,7220,0.4680328369140625,0.3677978515625,0.0,2.719483546495964,0.9937894136039191,5.659880644640056e-172,2306.87838567082,1,317,v1,nsF5,3,0.55,0.0694
34543,4438,31020,7327,0.4593658447265625,0.3615264892578125,0.0,2.7255471478929665,0.9947954552648861,2.052404870788807e-172,2329.532762405671,1,317,v2,nsF5,2,0.35,0.0875
32899,5498,29241,8057,0.4181060791015625,0.3232421875,0.0,2.755960937366854,0.9988369751955626,7.970763884275071e-171,2066.067931137687,1,317,v3,nsF5,2,0.85,0.2128
32215,5098,29085,8079,0.4137725830078125,0.320526123046875,1.19613e-319,2.7184692816045772,0.9934489941280575,1.4352310861712479e-129,1929.9672118641736,1,317,v4,matrix,3,0.5,0.0630
24982,8739,22956,11006,0.2478485107421875,0.182342529296875,2.8047375095784745e-131,2.7706331011632677,0.9986288308697412,1.1741330706427352e-47,977.6117564095223,1,317,v5,matrix,2,0.8,0.1997
24696,8497,22861,11724,0.2471771240234375,0.1699371337890625,1.1323124823461237e-79,3.6935265124258625,0.9987638715624212,3.5757956177214277e-19,697.9580519792839,0,318,clean,,,,
24470,8650,22619,11804,0.24139404296875,0.1650238037109375,6.170162928651444e-82,3.696260453577572,0.9990513285433069,1.448992680720358e-19,710.6227814197301,1,318,v0,nsF5,3,0.25,0.0318
24342,8805,22391,11871,0.2370758056640625,0.1605224609375,1.901775224026098e-76,3.698910446515481,0.9993303380166095,9.82795488496369e-20,679.8269754329046,1,318,v1,nsF5,3,0.55,0.0698
24299,8782,22440,11895,0.2367706298828125,0.1609039306640625,5.111284663368822e-72,3.700896380448944,0.9994365028338134,1.99145321034308e-18,654.7475819797778,1,318,v2,nsF5,2,0.35,0.0895
23816,9137,22013,12064,0.2239837646484375,0.1518096923828125,1.1090225370226981e-79,3.706032615965829,0.9998369851863347,2.4731533902857497e-23,698.0086475580296,1,318,v3,nsF5,2,0.85,0.2164
23142,9285,21652,12315,0.2114410400390625,0.1424713134765625,1.9646420866942476e-57,3.700260000667155,0.9992801936449043,1.5113941353594372e-14,570.4174288752931,1,318,v4,matrix,3,0.5,0.0625
20138,11143,19662,13641,0.1372528076171875,0.0918731689453125,2.272257045143306e-23,3.714212316575264,0.9998263725661065,6.987484191948311e-07,354.44059471779866,1,318,v5,matrix,2,0.8,0.2007
35374,5839,33374,7488,0.4506683349609375,0.394989013671875,5.817722493975475e-153,3.204212474134648,0.9814620102127801,4.544125309506624e-93,1083.8331050528222,0,319,clean,,,,
34637,6043,32506,7633,0.436309814453125,0.3795318603515625,3.2901058708614417e-150,3.223464779028376,0.9854698389771476,2.0495736874597255e-86,1069.5415411734625,1,319,v0,nsF5,3,0.25,0.0319
33776,6340,31499,7887,0.41864013671875,0.36029052734375,7.218527451996598e-154,3.242547340555789,0.9896584381294725,4.247080714641555e-84,1088.5336685230238,1,319,v1,nsF5,3,0.55,0.0700
33306,6406,30980,8030,0.41046142578125,0.350189208984375,2.229488036354863e-146,3.249902809502744,0.9915639426781941,3.388656554687858e-82,1049.6089081188106,1,319,v2,nsF5,2,0.35,0.0886
31336,7404,28783,8738,0.36517333984375,0.3058624267578125,5.983364390510018e-147,3.2851887483704347,0.9980757270079792,1.7400743214929763e-88,1052.5842639921625,1,319,v3,nsF5,2,0.85,0.2150
31189,7048,29315,8613,0.3683624267578125,0.315887451171875,6.617732873403196e-118,3.24118842135543,0.9890131453764737,5.7079894900129515e-68,899.7354466617551,1,319,v4,matrix,3,0.5,0.0628
24280,10251,22766,11354,0.2140655517578125,0.17413330078125,6.848927983060383e-51,3.2984867836551515,0.9975699929144872,2.1957843630164654e-30,525.824502775997,1,319,v5,matrix,2,0.8,0.2002
35942,8680,31281,7910,0.415985107421875,0.3566131591796875,0.0,3.3954862411070845,0.9913938334968733,0.0,2310.0134695342786,0,320,clean,,,,
35372,8895,30625,8118,0.4040069580078125,0.3434295654296875,0.0,3.4108957009708836,0.9932264442718914,0.0,2239.9085407089524,1,320,v0,nsF5,3,0.25,0.0321
34785,9116,29887,8253,0.3916778564453125,0.330108642578125,0.0,3.4258064463591276,0.9952795773175109,1.275653025729e-311,2117.1132308824094,1,320,v1,nsF5,3,0.55,0.0704
34546,9171,29499,8351,0.3871917724609375,0.32269287109375,0.0,3.4318871614240267,0.9961453104697157,2.4185454860236e-311,2046.5190210991498,1,320,v2,nsF5,2,0.35,0.0891
33143,9961,27659,8971,0.353729248046875,0.28515625,1.8617469660558923e-298,3.462054396187594,0.9990491268502071,7.121414385575094e-283,1825.4201359614888,1,320,v3,nsF5,2,0.85,0.2166
32547,9895,28029,9039,0.34564208984375,0.289764404296875,1.1507703949071945e-297,3.4251530954800518,0.9948380675038381,6.458303701981134e-251,1821.5093610382514,1,320,v4,matrix,3,0.5,0.0628
26399,12869,22241,11709,0.206451416015625,0.16070556640625,3.997221544591117e-123,3.4774129665797635,0.9988544081158186,9.042262671427142e-113,934.428096257231,1,320,v5,matrix,2,0.8,0.2004
35797,7265,31239,7737,0.43536376953125,0.358612060546875,3.5e-323,2.9661340205975972,0.9919866990670185,2.6879333658233766e-304,1947.257941950503,0,321,clean,,,,
35255,7443,30609,7874,0.42437744140625,0.3469085693359375,2.1054414797876e-310,2.980744615181789,0.993827299709986,5.86461884358743e-289,1884.4069455603712,1,321,v0,nsF5,3,0.25,0.0319
34694,7663,29906,8016,0.4124603271484375,0.334014892578125,2.929042321209418e-299,2.994858774660228,0.9957624595366036,1.3331595016979455e-279,1829.3902341695552,1,321,v1,nsF5,3,0.55,0.0699
34330,7854,29745,8184,0.40399169921875,0.3289947509765625,4.1218476501805643e-280,3.001228958022555,0.9963232237525269,1.455666925217209e-268,1734.5633913158222,1,321,v2,nsF5,2,0.35,0.0886
32713,8567,27927,8713,0.368438720703125,0.293182373046875,1.6899426732643844e-271,3.0307993605012626,0.9991397804146835,4.273196283771047e-259,1691.782355300342,1,321,v3,nsF5,2,0.85,0.2150
32355,8485,28045,8757,0.364227294921875,0.2943115234375,1.4753584273356052e-231,2.994396865264846,0.995312137236711,2.940505503901827e-210,1492.1750564002539,1,321,v4,matrix,3,0.5,0.0630
26060,11561,22543,11479,0.2212371826171875,0.1688232421875,1.0599911903288636e-92,3.0453617091223837,0.9989410765617586,1.343201749492152e-81,770.2339700399334,1,321,v5,matrix,2,0.8,0.2000
28479,7544,26606,10313,0.3194427490234375,0.2486114501953125,1.3751876743095047e-74,3.9433038531584197,0.9971568839750216,5.923289390760935e-65,669.3262019764934,0,322,clean,,,,
28086,7691,26153,10423,0.3112030029296875,0.240020751953125,1.0296193444049078e-66,3.9483864461645597,0.997873451377461,1.957852160525171e-58,624.4144998475426,1,322,v0,nsF5,3,0.25,0.0320
27597,7948,25662,10599,0.2998199462890625,0.2298431396484375,1.8456817145856368e-63,3.9535363143108415,0.998523701654122,1.2498832761298708e-55,605.6286829764362,1,322,v1,nsF5,3,0.55,0.0703
27440,8055,25442,10610,0.2957916259765625,0.226318359375,2.0991071431082435e-68,3.9559279568451102,0.9987480641257084,1.3534559859134575e-60,634.120742674346,1,322,v2,nsF5,2,0.35,0.0890
26381,8697,24267,10932,0.26983642578125,0.2034759521484375,6.704993831083127e-61,3.965456967758073,0.9996709145813132,2.976677863391462e-53,590.7399557168349,1,322,v3,nsF5,2,0.85,0.2163
25883,8502,24337,11144,0.2652130126953125,0.2013092041015625,7.873087096828843e-53,3.954378940703056,0.9984162370986254,7.11726861571196e-46,543.118415686047,1,322,v4,matrix,3,0.5,0.0629
21487,10928,20615,12908,0.1611175537109375,0.1175994873046875,1.7246547466770607e-18,3.9758262091821535,0.9996300213544282,1.6475733660106455e-15,318.86734222224607,1,322,v5,matrix,2,0.8,0.2005
33944,6415,31366,8235,0.4200592041015625,0.3529510498046875,3.849409439338484e-75,3.439802239690505,0.9900391648821384,7.0384796445611846e-74,668.3262787401437,0,323,clean,,,,
33191,6665,30581,8364,0.404754638671875,0.3390045166015625,2.402283683381487e-75,3.4497997046804807,0.9923108733598958,6.1297994811686355e-74,669.4808056187397,1,323,v0,nsF5,3,0.25,0.0318
32483,6934,29830,8542,0.3898468017578125,0.3248291015625,5.947018349129531e-71,3.4600305614089395,0.9943072650138741,2.467200507935354e-69,644.6076017582299,1,323,v1,nsF5,3,0.55,0.0698
32242,7042,29294,8635,0.384521484375,0.3152313232421875,6.202312151056416e-72,3.46519611113603,0.9955303729953882,1.916792532796307e-71,650.1842238243786,1,323,v2,nsF5,2,0.35,0.0891
30744,7937,27405,9267,0.3480072021484375,0.276763916015625,1.2186074409966821e-74,3.4830250490039014,0.9990551254531237,1.974114534097845e-74,665.5026643176539,1,323,v3,nsF5,2,0.85,0.2159
30121,7652,27842,9254,0.3428497314453125,0.28363037109375,5.751692165943106e-54,3.4607076847589515,0.9939640401705152,7.33422745450425e-53,546.0667892531566,1,323,v4,matrix,3,0.5,0.0624
24070,10700,22010,11842,0.204010009765625,0.1551513671875,9.88675550002403e-20,3.4937024969448047,0.9988300984365843,3.438267188329725e-20,325.0202555870313,1,323,v5,matrix,2,0.8,0.2003
31450,6284,28746,8981,0.384002685546875,0.3015899658203125,5.392511513600669e-235,3.1657247446064183,0.996523036345578,3.673642210963075e-282,1509.4393674717255,0,324,clean,,,,
31022,6470,28288,9100,0.3746337890625,0.29278564453125,3.0079018161030096e-223,3.1754003383787506,0.9973482909166188,3.707346222215671e-273,1450.361526621378,1,324,v0,nsF5,3,0.25,0.0317
30512,6684,27693,9211,0.36358642578125,0.282012939453125,1.0673106761197947e-224,3.184992807257542,0.9980479832405453,6.621918502731516e-264,1457.6659073420371,1,324,v1,nsF5,3,0.55,0.0696
30347,6795,27472,9315,0.359375,0.2770538330078125,3.222299134642293e-213,3.1891588142035383,0.9984575851491598,2.3925576096797345e-244,1399.7379544832397,1,324,v2,nsF5,2,0.35,0.0883
29157,7532,26237,9762,0.3299713134765625,0.2513885498046875,1.0002890624924513e-211,3.209336585575571,0.9995723538160569,1.2972065385379056e-231,1392.1926490934766,1,324,v3,nsF5,2,0.85,0.2152
28522,7400,26105,9867,0.322296142578125,0.247772216796875,2.677768345549614e-174,3.1850885882106454,0.997891092110469,3.974365122805241e-207,1201.4439339175833,1,324,v4,matrix,3,0.5,0.0623
23425,10123,21645,12120,0.202972412109375,0.1453399658203125,1.2002391096038686e-59,3.2206863279460047,0.9995175245431429,1.4690134949909891e-71,583.4179412237844,1,324,v5,matrix,2,0.8,0.1999
43989,3261,41657,4219,0.6214599609375,0.571258544921875,1.2926826547844972e-237,2.4459677928890287,0.9434183031142448,4.292189416049484e-141,1519.870404529146,0,325,clean,,,,
42515,3551,40078,4499,0.59454345703125,0.5428924560546875,2.5549223499399924e-237,2.4831889597761108,0.9565392082985781,3.614318573724116e-135,1518.386879343189,1,325,v0,nsF5,3,0.25,0.0316
40982,3961,38391,4864,0.5648956298828125,0.5115814208984375,6.899815930670882e-232,2.520172399135085,0.9692529225259044,5.368399582709576e-128,1491.131259226372,1,325,v1,nsF5,3,0.55,0.0692
40456,4182,37661,5036,0.553497314453125,0.4978179931640625,6.689280859795094e-241,2.536153151488061,0.9741682146879218,2.065507194950874e-127,1536.3379038141836,1,325,v2,nsF5,2,0.35,0.0877
37221,5708,33845,6396,0.4808502197265625,0.4188385009765625,1.5614984561837784e-268,2.6047799413762562,0.9939417789153027,6.313341012980287e-145,1674.2309390430223,1,325,v3,nsF5,2,0.85,0.2139
37455,4722,35191,5645,0.4994659423828125,0.450836181640625,4.244806363882886e-172,2.517385725989897,0.9671969516732561,2.2731042627227674e-99,1187.618874586744,1,325,v4,matrix,3,0.5,0.0628
27298,9025,25360,9769,0.2788238525390625,0.2378997802734375,1.7992138880946112e-67,2.617751764427773,0.9927800962410553,6.234954665395291e-42,626.7574421841075,1,325,v5,matrix,2,0.8,0.2006
37948,7939,33359,7315,0.4579010009765625,0.39739990234375,0.0,3.1041835301697684,0.9868755462376742,1.268183677019932e-271,2536.797036171527,0,326,clean,,,,
37205,8124,32515,7455,0.4437408447265625,0.38238525390625,0.0,3.1201386460783302,0.990011185370032,6.949337704568396e-265,2492.66834481964,1,326,v0,nsF5,3,0.25,0.0316
36505,8355,31626,7677,0.429534912109375,0.3654327392578125,0.0,3.1368249763467424,0.9928540142856831,1.1490620216688002e-253,2428.379148852457,1,326,v1,nsF5,3,0.55,0.0694
36202,8460,31234,7809,0.423309326171875,0.3574371337890625,0.0,3.143968385983043,0.9939174469796805,2.3043366890302577e-252,2357.253481346891,1,326,v2,nsF5,2,0.35,0.0878
34494,9337,29085,8391,0.3838653564453125,0.315765380859375,0.0,3.1752529115500763,0.9986216055642173,1.2529162907658611e-216,2156.3621043883013,1,326,v3,nsF5,2,0.85,0.2126
33922,9190,29323,8397,0.37738037109375,0.319305419921875,0.0,3.1358222160616926,0.992339958270055,2.3462875335357336e-206,2029.0113901368998,1,326,v4,matrix,3,0.5,0.0630
27197,12490,22991,11233,0.2244110107421875,0.179412841796875,1.186537875335717e-139,3.185951380805167,0.998352265609792,6.770151283406664e-80,1014.491599068097,1,326,v5,matrix,2,0.8,0.1996
34898,9265,30002,8165,0.3911285400390625,0.3332061767578125,6.230809595284709e-235,3.1094213979470644,0.9952249097562601,8.277023836568654e-68,1509.1243226941042,0,327,clean,,,,
34409,9418,29345,8305,0.3813323974609375,0.321044921875,1.0849359256833612e-222,3.1214751071237394,0.9963601834833475,4.250481414954203e-64,1447.5539589097214,1,327,v0,nsF5,3,0.25,0.0319
33906,9663,28765,8443,0.3699188232421875,0.310089111328125,2.33916105558046e-202,3.133384923602689,0.9974990111763025,2.1914890693963e-63,1344.7170194685825,1,327,v1,nsF5,3,0.55,0.0699
33609,9839,28516,8573,0.362701416015625,0.3043060302734375,2.3592818803726865e-205,3.1384918430977846,0.9976895623776912,7.342908014149721e-60,1359.9182416438794,1,327,v2,nsF5,2,0.35,0.0888
32588,10572,26963,9069,0.3359375,0.273040771484375,7.40517001433371e-170,3.163721450427338,0.9994073080777931,1.284542164897447e-59,1178.5930092749866,1,327,v3,nsF5,2,0.85,0.2155
31757,10459,26919,9172,0.324981689453125,0.2707977294921875,4.269732014664555e-167,3.133728078963049,0.997311352866725,1.9668114158430148e-48,1164.363271455691,1,327,v4,matrix,3,0.5,0.0628
26437,13556,22057,11835,0.1965484619140625,0.155975341796875,2.0957185362874383e-64,3.180158145950019,0.9993062621420187,1.1945702228357511e-16,611.0991800761533,1,327,v5,matrix,2,0.8,0.2003
33002,9387,26632,9047,0.3603363037109375,0.2683258056640625,1.4069101669091437e-130,2.752817132711988,0.999590815300399,2.047149304344359e-39,973.9137943221958,0,328,clean,,,,
32744,9554,26414,9160,0.353851318359375,0.263275146484375,6.54810584263744e-117,2.7642863202950005,0.9997091916949832,3.0004127169758725e-36,901.3106503134769,1,328,v0,nsF5,3,0.25,0.0318
32586,9712,26200,9209,0.349029541015625,0.2592620849609375,6.476234452394963e-106,2.7772884820205626,0.9997681902128519,1.717292832416309e-33,842.2227505571749,1,328,v1,nsF5,3,0.55,0.0693
32398,9841,26003,9261,0.3441925048828125,0.255462646484375,7.786837069389124e-98,2.7836865622549576,0.9998117908675719,1.2167282873188685e-28,798.3437638679238,1,328,v2,nsF5,2,0.35,0.0883
31795,10345,25411,9539,0.327301025390625,0.2421875,3.092730963265675e-82,2.813098578623484,0.9999487628281312,8.811914449189062e-27,712.2973393898945,1,328,v3,nsF5,2,0.85,0.2144
30884,10607,24783,9993,0.3094024658203125,0.225677490234375,2.1555633572295669e-94,2.7779398157454773,0.9997653144630323,3.3865804746710838e-28,779.5178015749589,1,328,v4,matrix,3,0.5,0.0623
26601,13417,21454,12128,0.201171875,0.142303466796875,8.346189538526504e-31,2.8315873044311344,0.9999264409979136,4.86446620278201e-11,405.3165570827606,1,328,v5,matrix,2,0.8,0.1993
24966,13717,20460,13022,0.1716461181640625,0.113494873046875,2.950947309141128e-57,3.740928868864252,0.999993848937279,1.4449835737922582e-09,569.3764950523758,0,329,clean,,,,
24928,13770,20434,13125,0.170257568359375,0.1115264892578125,1.962580184307349e-58,3.7418543777098248,0.9999945066437116,2.020183017571009e-10,576.3019565214877,1,329,v0,nsF5,3,0.25,0.0322
24934,13799,20437,13138,0.1699066162109375,0.1113739013671875,2.969511615918828e-61,3.7432338426593215,0.9999949390762031,9.33549520155826e-13,592.8027421552173,1,329,v1,nsF5,3,0.55,0.0706
25006,13794,20395,12884,0.17108154296875,0.1146087646484375,5.438347528429844e-59,3.74381858619273,0.9999987674198856,1.3462962115398625e-09,579.5731156413145,1,329,v2,nsF5,2,0.35,0.0895
24963,14054,20375,13101,0.1664581298828125,0.110992431640625,6.935382289203199e-67,3.7457285240639737,0.9999987746174203,9.287810033655061e-10,625.4014039236168,1,329,v3,nsF5,2,0.85,0.2166
24165,14358,19941,13501,0.1496429443359375,0.0982666015625,1.3014629835046695e-41,3.7444949082014847,0.9999938328244595,4.787094046061329e-08,474.7171267789141,1,329,v4,matrix,3,0.5,0.0630
22528,15758,18787,14416,0.103302001953125,0.0666961669921875,9.58162005234068e-15,3.7522107512661296,0.9999995037707745,0.03758206220166622,289.8054435464043,1,329,v5,matrix,2,0.8,0.2002
29028,6977,24937,10534,0.3364715576171875,0.2197723388671875,3.4430491560007125e-94,3.1470540971696273,0.9998371509422446,4.301913555388143e-67,778.4028112574946,0,330,clean,,,,
28825,7128,24677,10630,0.3310699462890625,0.2143402099609375,1.778270028107335e-90,3.151573961325327,0.9998902582796724,3.327508831570753e-62,757.9924824917684,1,330,v0,nsF5,3,0.25,0.0317
28677,7312,24412,10707,0.3260040283203125,0.2091217041015625,3.6215204836637096e-87,3.1567515504001142,0.9999177922159751,5.740896871344022e-62,739.712730618234,1,330,v1,nsF5,3,0.55,0.0694
28466,7431,24493,10662,0.3209686279296875,0.2110443115234375,8.26106649356468e-94,3.1591878312655384,0.999941405574267,7.214821121247738e-67,776.3182383584964,1,330,v2,nsF5,2,0.35,0.0891
27936,8050,23958,10747,0.303436279296875,0.2015838623046875,1.3204427696625726e-105,3.1708792257881617,0.9999904492456225,2.3537206387949367e-70,840.5501206677783,1,330,v3,nsF5,2,0.85,0.2160
27034,7996,23332,11358,0.290496826171875,0.182708740234375,3.2671761963206575e-64,3.157605384470579,0.9999222625746377,8.09960090399722e-45,609.9836657005887,1,330,v4,matrix,3,0.5,0.0623
22837,10661,20667,12950,0.185791015625,0.1177520751953125,1.0261634163588496e-28,3.1813123554650127,0.9999890790737844,2.3456252339341666e-23,391.33706601563694,1,330,v5,matrix,2,0.8,0.2007
28055,11661,22282,11879,0.250152587890625,0.1587371826171875,2.275277893694019e-76,3.453687168628196,0.9999713793094731,4.1966853682027825e-36,660.6253867641112,0,331,clean,,,,
27972,11748,22227,12013,0.24755859375,0.155853271484375,1.1442369914120353e-74,3.4561530663540037,0.999984875606267,3.864070166669852e-35,651.1136311502146,1,331,v0,nsF5,3,0.25,0.0315
27910,11845,22070,11971,0.2451324462890625,0.1540985107421875,9.135661733854432e-72,3.4594176101587575,0.9999903486588947,1.0378363017474729e-32,634.8196352051667,1,331,v1,nsF5,3,0.55,0.0693
27764,11894,22035,11818,0.242156982421875,0.1558990478515625,1.2759278068292806e-76,3.4608337970741316,0.9999810776828815,1.2411978848013485e-31,662.0272428031211,1,331,v2,nsF5,2,0.35,0.0878
27541,12292,21681,11891,0.2326812744140625,0.149383544921875,1.1105504674496674e-71,3.466958725956633,0.999997480114589,9.517424483847735e-28,634.3421804390977,1,331,v3,nsF5,2,0.85,0.2127
26711,12515,21269,12448,0.21661376953125,0.1345977783203125,9.859721148491475e-48,3.459413712693098,0.999991002793956,7.816707542895068e-23,495.5386641225727,1,331,v4,matrix,3,0.5,0.0629
23942,14463,19317,13660,0.1446380615234375,0.0863189697265625,3.2680207542229303e-17,3.471751557550402,0.9999958174191985,1.0797937986838603e-06,295.4519041976695,1,331,v5,matrix,2,0.8,0.2000
27370,9262,23587,11351,0.27630615234375,0.18670654296875,1.320867854557688e-29,3.451971507940595,0.9998437931930828,4.871403810842395e-26,397.3201689421312,0,332,clean,,,,
27110,9383,23371,11375,0.2704925537109375,0.18304443359375,6.798190018003533e-26,3.454659772929433,0.9998759443051346,7.001714028895134e-22,372.0884079380275,1,332,v0,nsF5,3,0.25,0.0315
26909,9538,23213,11402,0.2650604248046875,0.1802215576171875,1.370759470331346e-26,3.4578113162492903,0.9998872451520171,5.567679346526382e-20,376.87684495416835,1,332,v1,nsF5,3,0.55,0.0690
26963,9564,23146,11385,0.2654876708984375,0.1794586181640625,2.6205782384461368e-30,3.459120401327074,0.9999409574288622,2.4607649833315796e-22,402.01214273689044,1,332,v2,nsF5,2,0.35,0.0879
26508,9997,22812,11511,0.2519378662109375,0.1724395751953125,1.2614784915161833e-29,3.466009549546119,0.9999658182985501,8.192926203562735e-20,397.4539600342733,1,332,v3,nsF5,2,0.85,0.2136
25660,10162,22305,11973,0.236480712890625,0.15765380859375,4.523773352647763e-20,3.4584673507276538,0.9998893722849236,1.3038307657759357e-16,330.63507546032116,1,332,v4,matrix,3,0.5,0.0626
22619,12198,20096,13274,0.1590118408203125,0.104095458984375,8.315581473364517e-09,3.472540736259482,0.9999622767700889,2.573000147273247e-06,238.37751693706983,1,332,v5,matrix,2,0.8,0.2002
28623,9339,24610,10879,0.29425048828125,0.2095184326171875,2.140807087868305e-174,3.550300858529109,0.9989577073814584,2.6745418938992263e-74,1199.4222738728517,0,333,clean,,,,
28383,9449,24319,10932,0.288909912109375,0.2042694091796875,1.0473234998995029e-172,3.5530642981611464,0.9991759633213805,5.31711185980361e-73,1190.7429393818697,1,333,v0,nsF5,3,0.25,0.0314
28137,9549,24091,10995,0.28363037109375,0.1998291015625,5.69786738729556e-165,3.555719327382912,0.9994310946821392,1.5155273949341078e-70,1150.9077931351424,1,333,v1,nsF5,3,0.55,0.0690
28013,9650,23903,11107,0.2801971435546875,0.19525146484375,4.369197345310691e-149,3.557796535821006,0.9994844559084102,7.065359719876117e-60,1068.570251362317,1,333,v2,nsF5,2,0.35,0.0883
27263,10063,23061,11315,0.262451171875,0.179229736328125,4.140507771944187e-132,3.5632378222709904,0.9998640281140503,1.9397662765550425e-57,979.6390506491223,1,333,v3,nsF5,2,0.85,0.2132
26629,10216,23025,11527,0.2504425048828125,0.175445556640625,4.752977384860432e-131,3.556215176564138,0.9993968279377237,4.076222147759813e-60,974.0501803381735,1,333,v4,matrix,3,0.5,0.0627
22963,12535,19999,13325,0.15911865234375,0.101837158203125,8.191714665364951e-38,3.5698731053978556,0.9998392157762928,3.8123264312573545e-19,449.0278801559138,1,333,v5,matrix,2,0.8,0.2004
24144,12590,20820,12843,0.176300048828125,0.1217193603515625,1.2104876328193956e-23,4.135394060033407,0.9999546700882276,2.7022920863513546e-15,356.3745236863207,0,334,clean,,,,
24121,12646,20797,12917,0.1750946044921875,0.1202392578125,2.0432576339563287e-20,4.135841250664446,0.9999718290714683,1.8330910971865528e-14,333.17066680657666,1,334,v0,nsF5,3,0.25,0.0319
24070,12734,20755,12902,0.1729736328125,0.1198272705078125,1.48375597557944e-21,4.1366339831409205,0.9999858931205694,3.7864125517207916e-16,341.4593900105765,1,334,v1,nsF5,3,0.55,0.0698
24004,12713,20597,13035,0.1722869873046875,0.115386962890625,8.683736705828685e-22,4.136998768046717,0.999982108224184,7.31775991849159e-15,343.1384945846122,1,334,v2,nsF5,2,0.35,0.0890
23781,12989,20434,13193,0.1646728515625,0.1104888916015625,5.102416274624777e-27,4.138365899256846,0.9999974594598648,2.1505090188310475e-15,379.8173094227253,1,334,v3,nsF5,2,0.85,0.2148
23234,13232,20129,13237,0.152618408203125,0.10516357421875,4.476045259938539e-18,4.137753497279391,0.9999796977678027,4.658860175480728e-12,315.7405052839793,1,334,v4,matrix,3,0.5,0.0628
21173,14720,18617,14499,0.0984649658203125,0.062835693359375,3.576998770806405e-09,4.143669879474037,0.9999950696753299,0.001162746144072917,241.8359169580997,1,334,v5,matrix,2,0.8,0.1999
23385,10095,20933,12975,0.202789306640625,0.121429443359375,4.2632681146253016e-27,4.101250418674815,0.999971448735474,2.1951916649207685e-27,377.04400878748135,0,335,clean,,,,
23368,10141,20916,12977,0.2018280029296875,0.1211395263671875,1.2818366924297085e-23,4.102349380767533,0.999975202035804,1.6080307875471505e-24,352.98064420583984,1,335,v0,nsF5,3,0.25,0.0320
23313,10210,20738,13018,0.1999359130859375,0.1177978515625,8.889282728284116e-21,4.103669225573056,0.9999823272501094,1.2390168758957639e-22,332.67401818051354,1,335,v1,nsF5,3,0.55,0.0704
23064,10460,20743,13023,0.19232177734375,0.1177978515625,1.1282708589216632e-21,4.103427028664256,0.9999830297684487,1.4221680767913083e-22,339.15320493594385,1,335,v2,nsF5,2,0.35,0.0887
22925,10582,20536,12979,0.1883392333984375,0.1153106689453125,3.628129999693789e-22,4.104671104552129,0.9999951128289974,2.4788276988006644e-23,342.68528345877036,1,335,v3,nsF5,2,0.85,0.2160
22324,10703,20160,13425,0.1773223876953125,0.1027679443359375,6.6407987590446396e-18,4.104430980618685,0.9999803650366906,2.2208036770899348e-18,311.38782856911894,1,335,v4,matrix,3,0.5,0.0629
20034,12324,18617,14311,0.117645263671875,0.065704345703125,3.102882466111456e-07,4.111048637684392,0.9999939291852307,3.239979681029421e-08,220.26486550345933,1,335,v5,matrix,2,0.8,0.1998
24557,12364,21166,12872,0.1860504150390625,0.126556396484375,4.0096967679753637e-22,4.020510151289383,0.9999190822138423,9.237352408270804e-20,339.18801118175315,0,336,clean,,,,
24475,12417,21034,12875,0.183990478515625,0.1244964599609375,1.9451670614149254e-20,4.021224190547543,0.9999272739057685,1.1067887383837056e-19,327.05853826274,1,336,v0,nsF5,3,0.25,0.0325
24419,12472,20935,12902,0.1822967529296875,0.1225738525390625,2.6649971110925864e-19,4.021980333880453,0.9999512417023235,1.6755343340793927e-19,318.73397976456977,1,336,v1,nsF5,3,0.55,0.0712
24334,12561,20901,12879,0.1796417236328125,0.122406005859375,3.946461136650665e-24,4.021920122399984,0.9999758125260956,1.2869814603035033e-19,353.3299648105441,1,336,v2,nsF5,2,0.35,0.0909
24145,12788,20785,12957,0.1732940673828125,0.11944580078125,7.931743011760613e-38,4.0219303016884576,0.999999902880755,2.9569070135756096e-28,443.79062396688596,1,336,v3,nsF5,2,0.85,0.2191
23499,13016,20269,13245,0.1599578857421875,0.107177734375,7.296507101488723e-13,4.023562126672009,0.999949041293785,6.455696240600026e-13,268.6267211192699,1,336,v4,matrix,3,0.5,0.0626
21465,14429,18928,14157,0.10736083984375,0.0727996826171875,1.077909826140279e-05,4.030355319061326,0.9999982969982348,2.4539733828636474e-05,201.28520071089758,1,336,v5,matrix,2,0.8,0.1995
39794,5349,36350,5781,0.5255889892578125,0.4664459228515625,0.0,3.035283486588561,0.9852606379359818,3.518164355469332e-35,6369.178311752639,0,337,clean,,,,
38933,5630,35352,6049,0.5081634521484375,0.4471282958984375,0.0,3.0582983167838296,0.9887409438018966,7.361276671644435e-37,6164.156323208895,1,337,v0,nsF5,3,0.25,0.0318
38094,5940,34326,6294,0.490631103515625,0.427734375,0.0,3.0811386216660224,0.9919657040783094,3.767121615349382e-40,5965.975719827896,1,337,v1,nsF5,3,0.55,0.0697
37625,6047,33902,6355,0.481842041015625,0.4203338623046875,0.0,3.0909456957898627,0.9931372411852577,5.50772834388718e-35,5836.016254038994,1,337,v2,nsF5,2,0.35,0.0883
35703,7110,31571,7302,0.4362945556640625,0.3703155517578125,0.0,3.1354877484805455,0.9982843363536309,6.25960516012182e-42,5242.811682698218,1,337,v3,nsF5,2,0.85,0.2143
35038,6765,31659,7136,0.4314117431640625,0.3741912841796875,0.0,3.0799130507380093,0.991436068973721,2.1014766398256862e-24,4901.570993768713,1,337,v4,matrix,3,0.5,0.0626
27180,10586,24291,10551,0.253204345703125,0.20965576171875,0.0,3.151901174177036,0.9979062815875437,2.1773897174000996e-11,2378.7343605784913,1,337,v5,matrix,2,0.8,0.1993
28087,13755,23125,12005,0.21868896484375,0.169677734375,8.5888232302129e-64,4.7062498999691,0.9991724174002555,1.3258791628437511e-51,607.5536804216307,0,338,clean,,,,
27878,13827,22960,12070,0.2144012451171875,0.166168212890625,1.1520667158457618e-58,4.707876384201987,0.9994197316746614,2.4272064565375174e-49,577.6603664964737,1,338,v0,nsF5,3,0.25,0.0318
27556,14012,22652,12153,0.2066650390625,0.1602020263671875,3.1446765108811935e-50,4.709199088330168,0.9996165365565448,7.151401715245773e-43,527.5112940018294,1,338,v1,nsF5,3,0.55,0.0698
27565,13944,22623,12196,0.2078399658203125,0.1591033935546875,1.2501931863355321e-40,4.709966153144553,0.9996677265153969,5.323009753440274e-38,468.5732595325268,1,338,v2,nsF5,2,0.35,0.0890
27005,14332,21958,12327,0.1933746337890625,0.1469573974609375,1.789327010697869e-40,4.712187024152872,0.9999285966936712,3.25302816733217e-38,467.59695512993653,1,338,v3,nsF5,2,0.85,0.2156
26439,14483,21787,12580,0.18243408203125,0.1404876708984375,7.925986212012864e-46,4.71071582357712,0.9995615437647614,1.7445669378620065e-35,500.77242417148057,1,338,v4,matrix,3,0.5,0.0627
23752,16127,19488,13810,0.1163482666015625,0.086639404296875,1.8212441766542413e-13,4.7180011625413005,0.9999182624865106,2.568868896728675e-13,279.4000479665665,1,338,v5,matrix,2,0.8,0.2003
33879,6548,31218,8146,0.4170379638671875,0.35205078125,0.0,3.3816154890317005,0.9908533322445128,9.897378818952822e-64,2455.6674730522404,0,339,clean,,,,
33235,6740,30408,8278,0.4042816162109375,0.337677001953125,0.0,3.397633556526779,0.9929739978525536,8.271905388184809e-59,2367.647709459347,1,339,v0,nsF5,3,0.25,0.0315
32673,6954,29680,8478,0.3924407958984375,0.323516845703125,0.0,3.4132034925041026,0.9949255448673886,4.217804312828568e-55,2358.739673870405,1,339,v1,nsF5,3,0.55,0.0692
32424,7033,29261,8568,0.3874359130859375,0.3157501220703125,0.0,3.4193037983330266,0.9958383029103486,5.864494297335672e-55,2310.0424658851225,1,339,v2,nsF5,2,0.35,0.0882
30901,7886,27326,9305,0.3511810302734375,0.2749786376953125,0.0,3.449452864607764,0.9989777396890288,2.745635888003715e-46,2109.2711041651087,1,339,v3,nsF5,2,0.85,0.2143
30335,7645,27812,9095,0.346221923828125,0.2855987548828125,0.0,3.411847407562614,0.9946027192748426,2.4774398942707162e-46,1989.4151637368304,1,339,v4,matrix,3,0.5,0.0624
24159,10581,22007,11889,0.207183837890625,0.154388427734375,4.09510838223995e-124,3.4631922537262025,0.9988269861537162,4.529488558801099e-18,939.6843263446848,1,339,v5,matrix,2,0.8,0.2004
31465,7403,28674,9206,0.367156982421875,0.29705810546875,1.3693028216011687e-81,3.700318738990735,0.9937699133377251,2.0472938435644683e-52,708.6889929196223,0,340,clean,,,,
31028,7575,28146,9332,0.3578643798828125,0.287078857421875,6.758097656177855e-77,3.7108022960267646,0.9951893418228528,4.409246175078909e-53,682.3593435061525,1,340,v0,nsF5,3,0.25,0.0318
30568,7796,27592,9501,0.34747314453125,0.2760467529296875,1.9107261056683288e-73,3.721666910733842,0.996464143994471,2.9827729369909185e-48,662.8528880836848,1,340,v1,nsF5,3,0.55,0.0700
30162,8012,27107,9593,0.337982177734375,0.267242431640625,3.8094627311592524e-71,3.7264965323688997,0.9974081828863912,9.837206747198959e-42,649.7823770339953,1,340,v2,nsF5,2,0.35,0.0892
29032,8670,25824,10105,0.310699462890625,0.2398529052734375,2.979562914714797e-71,3.7469438491760414,0.9994136149594164,2.2364843359778834e-34,650.390240352833,1,340,v3,nsF5,2,0.85,0.2154
28551,8418,25899,10054,0.3072052001953125,0.2417755126953125,2.6271745112253936e-55,3.721256018406901,0.9961988063259054,8.553599285579348e-39,557.8546856194488,1,340,v4,matrix,3,0.5,0.0627
23157,11223,21263,12385,0.182098388671875,0.135467529296875,1.5394428289221512e-19,3.7584222747602944,0.9992968226897625,3.470281720340813e-11,326.7054656775922,1,340,v5,matrix,2,0.8,0.2001
33042,6862,30253,8526,0.39947509765625,0.3315277099609375,1.3158255795873946e-108,3.547744855593096,0.9913430129603644,5.836010718081835e-53,856.7526694083072,0,341,clean,,,,
32404,7082,29526,8669,0.386383056640625,0.3182525634765625,2.299455944914564e-103,3.5616764632072675,0.993379285889898,5.976021400529317e-53,828.418139363837,1,341,v0,nsF5,3,0.25,0.0318
31751,7322,28760,8775,0.3727569580078125,0.3049468994140625,1.77864185519542e-97,3.574907704917722,0.9952612406607085,1.0145408708626368e-54,796.3857130067689,1,341,v1,nsF5,3,0.55,0.0694
31620,7471,28536,9014,0.3684844970703125,0.297882080078125,2.1587741105976493e-93,3.5795780869914307,0.9959474697435727,1.8811584498621105e-44,774.029086143592,1,341,v2,nsF5,2,0.35,0.0883
30070,8331,26803,9745,0.3317108154296875,0.260284423828125,2.6972149053230146e-81,3.606309565535807,0.9989406538186778,4.106305622848922e-41,707.0435885203607,1,341,v3,nsF5,2,0.85,0.2143
29574,7970,26963,9449,0.32965087890625,0.267242431640625,1.4499067250592063e-79,3.5742503942543755,0.9949832927812237,2.727249834644558e-43,697.3560982881651,1,341,v4,matrix,3,0.5,0.0628
23841,10988,21815,12179,0.1961212158203125,0.14703369140625,9.892850821907697e-26,3.6175332739390926,0.9987231202533311,8.399790537133168e-12,370.962176242199,1,341,v5,matrix,2,0.8,0.2000
30919,10085,26987,9912,0.317901611328125,0.2605438232421875,0.0,3.626551857420029,0.9977312240895513,4.3907933210773926e-293,2495.000173387787,0,342,clean,,,,
30512,10239,26583,9996,0.3093414306640625,0.2530975341796875,0.0,3.633633708887104,0.9981586017594176,1.325739391791487e-264,2317.192711204863,1,342,v0,nsF5,3,0.25,0.0324
30108,10465,26131,10058,0.2997283935546875,0.2452545166015625,0.0,3.6406653557971165,0.9987330811156869,1.228296782320979e-248,2171.082425410698,1,342,v1,nsF5,3,0.55,0.0712
29978,10449,25795,10172,0.2979888916015625,0.2383880615234375,0.0,3.6439505266110066,0.9989444554669705,3.646750569246147e-235,2104.893889285576,1,342,v2,nsF5,2,0.35,0.0904
29165,10926,24622,10613,0.2783050537109375,0.2137603759765625,1.117977027649427e-284,3.656553330604634,0.9998338198024732,1.3667230454827184e-180,1757.2133228076802,1,342,v3,nsF5,2,0.85,0.2195
28466,11186,24824,10688,0.263671875,0.2156982421875,0.0,3.642500068584852,0.9985998156174433,7.453670343625544e-229,1999.5305737890371,1,342,v4,matrix,3,0.5,0.0625
24265,13413,20772,12618,0.16558837890625,0.124420166015625,3.400673907436281e-138,3.66994041736717,0.9997733023290198,5.4069279045486064e-86,1014.0232343259338,1,342,v5,matrix,2,0.8,0.2000
37419,8315,34145,7618,0.444091796875,0.4047698974609375,0.0,3.8969162084165996,0.980005201051773,0.0,3465.379610543351,0,343,clean,,,,
36619,8485,33239,7805,0.429290771484375,0.388092041015625,0.0,3.9170522315317693,0.9844461929729272,1.1972438329e-313,3226.303044521708,1,343,v0,nsF5,3,0.25,0.0318
35669,8723,32068,7987,0.411163330078125,0.3674468994140625,0.0,3.936671466760986,0.989072497539802,1.0469046907500036e-288,2983.677783180319,1,343,v1,nsF5,3,0.55,0.0697
35338,8926,31568,8194,0.40301513671875,0.356658935546875,0.0,3.9447338094660735,0.9907352210779665,3.6884379762784337e-267,2703.988987042365,1,343,v2,nsF5,2,0.35,0.0882
33289,9811,29065,9031,0.358245849609375,0.305694580078125,0.0,3.981339521607203,0.9978349269685719,3.894609819244029e-206,2086.6912589431804,1,343,v3,nsF5,2,0.85,0.2137
33112,9384,29779,8676,0.362060546875,0.3220062255859375,0.0,3.9344114362831752,0.9884001833124592,1.1883377908688168e-251,2721.563325905787,1,343,v4,matrix,3,0.5,0.0630
26101,12472,22907,11660,0.2079620361328125,0.1716156005859375,1.1100941337607033e-185,3.991854874296029,0.9973301896776974,1.3912857141596033e-99,1259.7775857792462,1,343,v5,matrix,2,0.8,0.2001
34037,9903,30795,9554,0.368255615234375,0.3241119384765625,5.9725144131733505e-89,4.277025777671165,0.979728738606723,4.920076794730236e-49,749.57233596681,0,344,clean,,,,
33288,10061,29967,9698,0.3544158935546875,0.3092803955078125,8.672548471702362e-82,4.29344063862251,0.984360592030656,6.509244736684004e-47,709.7970704401673,1,344,v0,nsF5,3,0.25,0.0317
32357,10329,29022,9928,0.33612060546875,0.291351318359375,7.618816301076991e-72,4.309004557397501,0.9886626544705955,7.080357475099891e-42,653.7615603425345,1,344,v1,nsF5,3,0.55,0.0696
31981,10456,28455,9947,0.3284454345703125,0.28240966796875,4.068435804850794e-68,4.315335031595296,0.9909229642252242,1.374398430455421e-40,632.4733557436871,1,344,v2,nsF5,2,0.35,0.0887
29983,11418,26233,10670,0.2832794189453125,0.2374725341796875,4.063426652112082e-47,4.341583544804521,0.9980113583239755,5.348306245187295e-34,508.6562848603671,1,344,v3,nsF5,2,0.85,0.2145
30198,10825,27036,10345,0.2956085205078125,0.2546844482421875,2.090041997355949e-67,4.306912291788575,0.9879307064891174,4.638840211881207e-31,628.394825535311,1,344,v4,matrix,3,0.5,0.0625
24173,13484,21306,12745,0.1631011962890625,0.1306304931640625,1.195784163400073e-25,4.348615550863684,0.9974758849533936,7.631544497147565e-12,370.39242029405125,1,344,v5,matrix,2,0.8,0.2000
31949,10364,29110,9853,0.3293609619140625,0.2938385009765625,8.115545937010026e-221,4.45063214663328,0.9864119561940776,8.151589991492027e-165,1438.1070689228457,0,345,clean,,,,
31265,10529,28411,9963,0.31640625,0.281494140625,8.864181845946958e-209,4.462434097717519,0.9894272197800142,3.5768448584964505e-160,1377.2742852479287,1,345,v0,nsF5,3,0.25,0.0319
30571,10774,27752,10132,0.3020782470703125,0.26885986328125,3.4219147306288816e-189,4.473500569253847,0.992614900338477,6.302441430241328e-155,1277.7105057349793,1,345,v1,nsF5,3,0.55,0.0698
30317,10856,27316,10201,0.2969512939453125,0.2611541748046875,3.1257791704991064e-177,4.478536942462619,0.9938461991095942,3.4361436218893113e-143,1216.5043519970814,1,345,v2,nsF5,2,0.35,0.0886
28921,11515,25737,10882,0.265594482421875,0.2266693115234375,3.01415490784854e-147,4.497074837244038,0.9985214545217012,3.482436519518095e-128,1061.4073599063759,1,345,v3,nsF5,2,0.85,0.2150
28712,11248,26072,10616,0.2664794921875,0.23583984375,6.82334893627281e-157,4.472329198672471,0.9920883645719076,6.997653792465119e-126,1111.5871858936086,1,345,v4,matrix,3,0.5,0.0629
23636,13618,21136,12820,0.152862548828125,0.12689208984375,1.6851425089829964e-65,4.503743015524628,0.9981686241709256,1.9959292505212366e-53,617.4219003985107,1,345,v5,matrix,2,0.8,0.2007
27781,13726,23202,12105,0.2144622802734375,0.1693267822265625,9.775367864256294e-112,4.589825578891509,0.9980281269528386,6.059217942216853e-98,873.5885414355748,0,346,clean,,,,
27521,13865,22951,12102,0.2083740234375,0.1655426025390625,1.4031471143357935e-100,4.5916558449205,0.9984614095713129,3.395518488154258e-91,813.2939345236799,1,346,v0,nsF5,3,0.25,0.0320
27283,14009,22626,12214,0.202545166015625,0.15887451171875,1.3696709910153688e-93,4.592818061741233,0.9989272941943586,4.1309808505745045e-87,775.1134921895565,1,346,v1,nsF5,3,0.55,0.0701
27060,14082,22402,12180,0.198028564453125,0.155975341796875,9.671008053282232e-91,4.593067360742721,0.9991479514750523,4.7155705956255564e-85,759.4500535662968,1,346,v2,nsF5,2,0.35,0.0892
26519,14406,21570,12490,0.1848297119140625,0.1385498046875,1.7798002605111228e-73,4.593988779176379,0.9997882966309586,7.386455872271529e-71,663.0276907498761,1,346,v3,nsF5,2,0.85,0.2160
26186,14475,21693,12611,0.1786956787109375,0.138580322265625,4.0244133997451834e-79,4.594196797401736,0.9988349808070731,1.640837832496888e-72,694.8693458526932,1,346,v4,matrix,3,0.5,0.0628
23278,16128,19189,14006,0.109100341796875,0.0790863037109375,4.3461325144308535e-28,4.601483819572905,0.9997358984111815,4.020065845572726e-28,387.0991950734693,1,346,v5,matrix,2,0.8,0.2004
28555,10831,24256,11313,0.27044677734375,0.1974945068359375,1.346981397602206e-135,4.13712627147188,0.9985458311959534,1.1941673627763523e-70,995.621148897275,0,347,clean,,,,
28301,10991,23894,11409,0.264129638671875,0.1905059814453125,8.04411096330901e-127,4.140010414837358,0.9989608502517078,1.3004586959280883e-68,949.3682283938559,1,347,v0,nsF5,3,0.25,0.0323
27980,11173,23598,11550,0.2564544677734375,0.183837890625,4.387868029487064e-119,4.142853402999582,0.9992735576012404,4.89072416649677e-63,908.3152391035902,1,347,v1,nsF5,3,0.55,0.0708
27821,11156,23699,11523,0.2542877197265625,0.185791015625,1.2404045635056363e-121,4.14477548845402,0.9993137677555839,1.963261466951803e-59,921.8697479811552,1,347,v2,nsF5,2,0.35,0.0897
27318,11539,22962,11763,0.2407684326171875,0.1708831787109375,1.749850141239564e-115,4.148588805902319,0.9998561181064969,5.0969174940841406e-46,889.1115624273025,1,347,v3,nsF5,2,0.85,0.2175
26588,11747,22520,12070,0.2264556884765625,0.159454345703125,1.9118523433753896e-90,4.144122918817728,0.999180245560763,7.712868055711285e-52,753.5092497057531,1,347,v4,matrix,3,0.5,0.0631
23160,13632,19889,13626,0.1453857421875,0.0955657958984375,5.5988823456088245e-37,4.1589080478986045,0.9997869719445509,2.8422436288930613e-16,441.9536483650472,1,347,v5,matrix,2,0.8,0.2010
28275,13421,23081,11995,0.226654052734375,0.169158935546875,9.855273894695579e-148,4.226067632407367,0.9991260112792313,1.8676407413622472e-104,1063.9404897639256,0,348,clean,,,,
27989,13599,22857,12029,0.219573974609375,0.16522216796875,9.376610259034556e-148,4.227455344875453,0.999278450271254,4.885950311222682e-106,1064.0532905083564,1,348,v0,nsF5,3,0.25,0.0316
27715,13671,22665,11952,0.21429443359375,0.1634674072265625,3.4064924906107876e-146,4.228627633463412,0.9995095039952762,3.5537490862594446e-104,1055.9097161987638,1,348,v1,nsF5,3,0.55,0.0691
27712,13666,22469,12097,0.214324951171875,0.15826416015625,1.2499538896133732e-152,4.228859249934821,0.9995765064276708,7.676515592068886e-104,1089.4460086690565,1,348,v2,nsF5,2,0.35,0.0878
27042,13949,21737,12340,0.1997833251953125,0.1433868408203125,9.884307161380631e-143,4.229765741649193,0.9999226627737903,2.912805279341285e-95,1037.806699587088,1,348,v3,nsF5,2,0.85,0.2134
26622,14148,21803,12430,0.190338134765625,0.1430206298828125,5.533015284425318e-108,4.228879201204243,0.999446172393793,1.4135162868538795e-78,853.3898738563583,1,348,v4,matrix,3,0.5,0.0626
23718,15784,19226,13811,0.121063232421875,0.0826263427734375,1.5875687499699336e-47,4.2345847910704,0.9999036950125058,2.4986835614584425e-31,511.14222783559563,1,348,v5,matrix,2,0.8,0.1998
31474,9348,26037,9812,0.337615966796875,0.2475738525390625,3.0307608174832215e-219,3.255472713628987,0.9996336345289036,1.8920011054565787e-147,1430.1764839638656,0,349,clean,,,,
31290,9526,25754,9824,0.33209228515625,0.243072509765625,7.223485105079844e-224,3.2620548548998802,0.9997631210321147,8.003278565950413e-147,1453.4828248715478,1,349,v0,nsF5,3,0.25,0.0318
30891,9795,25524,9930,0.3218994140625,0.237945556640625,2.1258667835157116e-219,3.268964269617041,0.9998423290901931,2.3564982143805183e-144,1430.953546663946,1,349,v1,nsF5,3,0.55,0.0694
30854,9765,25468,10050,0.3217926025390625,0.235260009765625,1.9512921664435122e-214,3.2718525209980025,0.9998279943108732,4.0165359104775045e-137,1405.894022088255,1,349,v2,nsF5,2,0.35,0.0886
30128,10141,24824,10276,0.3049774169921875,0.22198486328125,2.239037156496695e-214,3.287873426954724,0.999957466907311,3.4975532826023785e-130,1405.5921092322053,1,349,v3,nsF5,2,0.85,0.2145
29150,10587,24167,10603,0.2832489013671875,0.20697021484375,8.936262926050604e-163,3.2693847517307213,0.9998363213194554,5.349552738743991e-107,1142.0516339450246,1,349,v4,matrix,3,0.5,0.0628
25114,13055,21051,12552,0.1840057373046875,0.1296844482421875,4.0601678296721876e-63,3.3001544067355173,0.9999477822228067,1.0573946720264551e-39,603.6431427490337,1,349,v5,matrix,2,0.8,0.2008
34781,5214,31744,7474,0.4511566162109375,0.370330810546875,2.1833637075588967e-217,2.90215785804959,0.9914095331602486,5.3680217148856684e-101,1420.8011818317175,0,350,clean,,,,
34079,5405,31002,7608,0.437530517578125,0.356964111328125,1.3863702638453113e-203,2.9143238943164835,0.9933851090652026,9.386254059844708e-94,1350.945053880558,1,350,v0,nsF5,3,0.25,0.0322
33330,5721,30224,7909,0.4212799072265625,0.3404998779296875,1.948090754301463e-192,2.92651186623457,0.9953485765781884,1.5719099303358344e-92,1294.2584707910144,1,350,v1,nsF5,3,0.55,0.0704
33175,5911,29886,7924,0.416015625,0.335113525390625,2.5350860689623865e-203,2.9318534275350063,0.9961879765854866,6.6592495598649065e-90,1349.615054408433,1,350,v2,nsF5,2,0.35,0.0890
31594,6802,28190,8548,0.3782958984375,0.299713134765625,4.14245038928207e-193,2.9552069008096784,0.9992267941090376,2.0181262263445263e-87,1297.684669704858,1,350,v3,nsF5,2,0.85,0.2160
31014,6493,28292,8662,0.3741607666015625,0.299530029296875,1.1690288440597806e-154,2.9274985766207244,0.9949639264763309,4.599198831870982e-71,1099.9919346948927,1,350,v4,matrix,3,0.5,0.0626
24663,9977,22595,11347,0.224090576171875,0.171630859375,3.4896862326949115e-59,2.9718790808952957,0.9989202628615568,2.5029393986833987e-25,580.7027914459708,1,350,v5,matrix,2,0.8,0.1995
30257,10163,25247,10625,0.306610107421875,0.223114013671875,1.0304695496253554e-51,3.8993597211272535,0.9980517130160791,1.0902232656431188e-33,536.4344422058289,0,351,clean,,,,
30012,10371,24922,10718,0.2996978759765625,0.21673583984375,4.52893243214598e-49,3.904518727265459,0.9985609020159897,4.055661876828922e-33,520.5161631752222,1,351,v0,nsF5,3,0.25,0.0322
29729,10524,24671,10828,0.2930450439453125,0.2112274169921875,4.32768386187006e-44,3.91005261463142,0.9989627336943407,9.864235176238737e-31,490.09177274347394,1,351,v1,nsF5,3,0.55,0.0706
29528,10616,24438,10860,0.28857421875,0.207183837890625,9.457540924804145e-47,3.9132734612186826,0.9989723334791973,1.9919407267330685e-30,506.4183898982107,1,351,v2,nsF5,2,0.35,0.0898
28765,11268,23726,11220,0.2669830322265625,0.190826416015625,2.955296030389925e-42,3.9243149486554354,0.999806679295518,2.335823778065322e-30,478.72782721786916,1,351,v3,nsF5,2,0.85,0.2170
28102,11186,23401,11371,0.25811767578125,0.183563232421875,3.7893745102937515e-35,3.911566454064282,0.9989191955028655,1.748673447213057e-24,433.72883454198285,1,351,v4,matrix,3,0.5,0.0630
24150,13504,20439,12948,0.162445068359375,0.1143035888671875,3.3534569273915195e-10,3.934633026416141,0.9997679924545202,3.665939184209381e-10,251.28888704382624,1,351,v5,matrix,2,0.8,0.2006
27904,11556,23940,11737,0.24945068359375,0.1862030029296875,4.2223600939921407e-63,4.553558350385403,0.9993246121030124,6.509976711277295e-56,603.5444485574376,0,352,clean,,,,
27655,11668,23601,11821,0.2439422607421875,0.17974853515625,9.845445987936282e-60,4.55575895980769,0.9994709513352962,5.0449458965428624e-52,583.9215166780152,1,352,v0,nsF5,3,0.25,0.0319
27312,11861,23207,11877,0.2357635498046875,0.172882080078125,2.7723298752813867e-52,4.557767041672129,0.9996442451855605,1.1764374268397895e-46,539.8497954380729,1,352,v1,nsF5,3,0.55,0.0701
27171,11925,23127,11877,0.232635498046875,0.171661376953125,2.3392361586967162e-52,4.558761064934348,0.9996865093827039,2.040258615425739e-46,540.2912001516237,1,352,v2,nsF5,2,0.35,0.0895
26524,12352,22415,12025,0.21624755859375,0.158538818359375,1.0599379651681849e-44,4.561987375984094,0.9999419509889669,6.338116096292118e-34,493.8569257911064,1,352,v3,nsF5,2,0.85,0.2166
26032,12361,22254,12313,0.2086029052734375,0.1516876220703125,4.23867092881211e-46,4.559312532701342,0.9996203416967886,2.2769266786767285e-42,502.43681221995,1,352,v4,matrix,3,0.5,0.0626
22693,14214,19478,13588,0.1293792724609375,0.089874267578125,2.828507131682899e-12,4.570690119312167,0.9999259948411809,1.2334790947253202e-13,269.43093999863584,1,352,v5,matrix,2,0.8,0.2000
30676,15062,26005,11799,0.238250732421875,0.216766357421875,3.328209584131259e-99,4.930030377034644,0.9885757327251852,1.7940903976426637e-99,805.8089450516454,0,353,clean,,,,
30099,15104,25448,11819,0.2288055419921875,0.2079620361328125,5.876317939425601e-93,4.938838988606608,0.991171300252949,7.684980598109392e-94,771.6412811358618,1,353,v0,nsF5,3,0.25,0.0317
29454,15269,24735,11915,0.2164459228515625,0.19561767578125,9.595851002443066e-90,4.94685214796529,0.9939199838412134,5.1393743422727255e-90,753.9557249532195,1,353,v1,nsF5,3,0.55,0.0698
29192,15262,24509,12063,0.212554931640625,0.189910888671875,8.871457411253149e-96,4.949174950410372,0.9947422964769175,6.906942304760765e-98,787.1058106622045,1,353,v2,nsF5,2,0.35,0.0888
28057,15765,23121,12526,0.18756103515625,0.1616668701171875,2.25640712409515e-90,4.960000916178971,0.998885628835436,3.2212335829315626e-92,757.4224774646082,1,353,v3,nsF5,2,0.85,0.2147
28144,15596,23565,12182,0.19146728515625,0.1736907958984375,5.13698598690931e-73,4.945522066052181,0.9933946323458015,3.774530523265198e-73,660.4162832002088,1,353,v4,matrix,3,0.5,0.0627
24195,17211,19772,13743,0.1065673828125,0.0919952392578125,8.97752269774616e-33,4.964933384859113,0.9985631189272844,1.2863808734259752e-33,418.2934745282286,1,353,v5,matrix,2,0.8,0.2001
26323,13627,21900,12549,0.1937255859375,0.1426849365234375,7.905417462746485e-54,4.717739640709478,0.9995665601896955,2.493628721003469e-24,549.0717040582082,0,354,clean,,,,
26100,13766,21725,12642,0.188201904296875,0.1385955810546875,1.991335265758826e-48,4.718747297654035,0.999662736748202,1.6983079119149316e-20,516.6198637990631,1,354,v0,nsF5,3,0.25,0.0319
25912,13943,21470,12692,0.1826324462890625,0.133941650390625,3.583446365952308e-42,4.72027380188096,0.9997485120425353,3.0000518535461334e-16,478.20709014350314,1,354,v1,nsF5,3,0.55,0.0700
26029,13800,21377,12741,0.1865997314453125,0.13177490234375,3.112176703806371e-45,4.72056873463427,0.9997926200783249,1.2848296220445472e-21,497.12892128590914,1,354,v2,nsF5,2,0.35,0.0888
25558,14126,20832,12940,0.1744384765625,0.12042236328125,2.3904766389408085e-35,4.722251175240205,0.999938843509138,6.323454330540745e-18,435.01923069106255,1,354,v3,nsF5,2,0.85,0.2157
24963,14394,20754,13069,0.1612701416015625,0.1172637939453125,1.269392061142688e-34,4.7214501090197425,0.9997280321692201,1.4736262981142665e-14,430.3354613267822,1,354,v4,matrix,3,0.5,0.0626
22700,15720,18818,14265,0.10650634765625,0.0694732666015625,1.128776912297198e-14,4.7284546535068355,0.9999374649265829,1.2021275528253597e-07,289.23375089549506,1,354,v5,matrix,2,0.8,0.2001
27274,10914,23448,11383,0.2496337890625,0.1840972900390625,1.6003064524971224e-48,3.900044805751254,0.9996725616008877,2.5474866507334885e-46,517.1956121506411,0,355,clean,,,,
27046,11044,23278,11510,0.244171142578125,0.1795654296875,1.7076626873603603e-47,3.9026522353312267,0.9997627211301706,4.0323147702102546e-46,510.9494796276809,1,355,v0,nsF5,3,0.25,0.0315
26849,11175,23044,11549,0.239166259765625,0.1753997802734375,7.435838438664848e-50,3.905573897366579,0.9998490233659656,2.1779288680850909e-47,525.2575248627071,1,355,v1,nsF5,3,0.55,0.0695
26848,11181,22966,11656,0.2390594482421875,0.172576904296875,1.8010802702903046e-46,3.9075493318920427,0.9998367363943625,3.090605028938091e-44,504.7098189556051,1,355,v2,nsF5,2,0.35,0.0886
26272,11558,22244,12000,0.224517822265625,0.15631103515625,4.916447009170328e-43,3.9134904561836015,0.999950696152967,8.85749613790129e-41,483.56467615340256,1,355,v3,nsF5,2,0.85,0.2145
25596,11757,22088,12019,0.2111663818359375,0.1536407470703125,4.698487232351345e-38,3.906200949293095,0.9998344051867937,1.0077812472909732e-36,452.3311860335458,1,355,v4,matrix,3,0.5,0.0626
22618,13712,19590,13750,0.135894775390625,0.089111328125,5.136993348849986e-08,3.9210527159509345,0.9999406577167513,1.4953087668447956e-10,230.72813642250463,1,355,v5,matrix,2,0.8,0.2000
31028,8184,28736,9979,0.34857177734375,0.2862091064453125,6.168344268937925e-73,3.9689520702833794,0.9897905355389982,4.0029734476107977e-66,659.9652787289056,0,356,clean,,,,
30409,8340,28151,10057,0.3367462158203125,0.276092529296875,1.5645279388607972e-66,3.9774107268927565,0.9920663441055654,3.4324345042590733e-60,623.3690873565091,1,356,v0,nsF5,3,0.25,0.0316
29822,8552,27477,10234,0.324554443359375,0.2631072998046875,5.6565756132821533e-67,3.9849285487434423,0.9944001392192308,8.41513344201434e-63,625.9103115466302,1,356,v1,nsF5,3,0.55,0.0694
29619,8565,27125,10219,0.321258544921875,0.257965087890625,2.010581504042454e-65,3.9876555449014632,0.9951816706504553,3.449695888145098e-57,616.9795187340765,1,356,v2,nsF5,2,0.35,0.0889
28235,9320,25499,10804,0.2886199951171875,0.2242279052734375,4.49579383410102e-53,4.000486161132656,0.9989372688345899,1.1984604192905364e-44,544.5714228637574,1,356,v3,nsF5,2,0.85,0.2154
27901,9073,25909,10685,0.28729248046875,0.2322998046875,8.193344382098403e-49,3.9850887223084093,0.9939427916832181,3.6250652911472014e-45,518.9574963941488,1,356,v4,matrix,3,0.5,0.0625
22709,11610,21131,12858,0.1693572998046875,0.1262359619140625,6.222804325851754e-19,4.009201124194051,0.9986336371819031,1.798229747618005e-15,322.1884946291047,1,356,v5,matrix,2,0.8,0.2007
28185,12462,23839,11969,0.2399139404296875,0.181121826171875,1.4424358997765796e-77,4.660064651575689,0.9977537606502889,1.1735605129029991e-60,686.1355651836584,0,357,clean,,,,
27829,12526,23462,12052,0.2335052490234375,0.174102783203125,1.7933906895033914e-72,4.66118102037384,0.9983435521465065,2.0568956166894457e-59,657.3330588743902,1,357,v0,nsF5,3,0.25,0.0319
27488,12639,23073,12244,0.2265777587890625,0.1652374267578125,9.28863340665085e-71,4.662146999717862,0.998884978288223,6.026524065569217e-58,647.57626185922,1,357,v1,nsF5,3,0.55,0.0703
27354,12673,22983,12132,0.2240142822265625,0.1655731201171875,4.5617126633481293e-66,4.662732059146975,0.9991420646354388,3.579908795344819e-52,620.6932864471412,1,357,v2,nsF5,2,0.35,0.0900
26630,13046,22222,12491,0.207275390625,0.1484832763671875,1.4919003219687657e-69,4.6627110684272095,0.9998171852733206,5.280471724071239e-47,640.6926655101627,1,357,v3,nsF5,2,0.85,0.2180
26223,13192,22129,12684,0.1988372802734375,0.1441192626953125,2.785885136257766e-55,4.664037566072791,0.9987277580686587,1.5432050009414653e-43,557.7036876611265,1,357,v4,matrix,3,0.5,0.0625
22994,14902,19453,13898,0.12347412109375,0.0847625732421875,1.5297128342943442e-15,4.670548809546363,0.9997660102329353,7.670933748024257e-11,296.1517451268187,1,357,v5,matrix,2,0.8,0.2009
39389,5741,35158,6069,0.513427734375,0.4438629150390625,0.0,2.4788683365923827,0.9852701438460775,1.3961382298079545e-262,3493.4452447145236,0,358,clean,,,,
38569,5938,34298,6208,0.4979095458984375,0.428619384765625,0.0,2.502117501205703,0.9886362656556842,1.6485399975856434e-258,3426.226564266657,1,358,v0,nsF5,3,0.25,0.0315
37830,6257,33401,6477,0.4817657470703125,0.41082763671875,0.0,2.524646518101219,0.9916170868765197,1.7631074417840793e-250,3384.951928903476,1,358,v1,nsF5,3,0.55,0.0688
37498,6249,32896,6609,0.4768218994140625,0.4011077880859375,0.0,2.5352720409273726,0.9931996375751393,1.4345768664323e-240,3403.248050008937,1,358,v2,nsF5,2,0.35,0.0878
35385,7235,30560,7423,0.429534912109375,0.3530426025390625,0.0,2.58282213123774,0.9985064299212767,2.7654071720325833e-213,3243.8049162079137,1,358,v3,nsF5,2,0.85,0.2134
35072,7092,30923,7266,0.42694091796875,0.3609771728515625,0.0,2.5244456127983472,0.9911210511946836,5.158505263022684e-195,2731.9986021439668,1,358,v4,matrix,3,0.5,0.0625
27296,10769,23735,10783,0.2521820068359375,0.1976318359375,5.301674189961698e-211,2.6010584973325965,0.9981747354970913,4.9074275385694855e-71,1388.5282540542667,1,358,v5,matrix,2,0.8,0.2007
32024,10874,28319,10004,0.322723388671875,0.2794647216796875,6.511764217278027e-51,4.072723548421734,0.9945577053276624,2.7029387580241327e-31,531.6275268787957,0,359,clean,,,,
31571,10966,27722,10118,0.3144073486328125,0.26861572265625,2.353865192947103e-45,4.080541532140152,0.9957776831610999,1.5219549284989656e-29,497.87355043726893,1,359,v0,nsF5,3,0.25,0.0314
31162,11122,27154,10194,0.3057861328125,0.2587890625,4.069940596175334e-39,4.088191727374504,0.9969731137877422,4.0647891253751317e-25,459.0577852253864,1,359,v1,nsF5,3,0.55,0.0695
30794,11196,26880,10231,0.299041748046875,0.2540435791015625,1.4725964966432815e-43,4.09079988320975,0.997556842103132,2.6106824383292378e-24,486.80640478926864,1,359,v2,nsF5,2,0.35,0.0877
29693,11768,25483,10592,0.2735137939453125,0.2272186279296875,5.3746982997018886e-39,4.104789971494634,0.9994931182914566,9.56255311179607e-21,458.29498131916586,1,359,v3,nsF5,2,0.85,0.2134
29351,11785,25677,10836,0.268035888671875,0.2264556884765625,8.232847139930898e-33,4.087734134220694,0.9967839450925313,1.126009063790712e-21,418.53973613535345,1,359,v4,matrix,3,0.5,0.0627
24519,14070,21293,12629,0.1594390869140625,0.1322021484375,1.220260475099017e-16,4.113250872457254,0.9993525021656513,7.809220823830483e-09,304.74514246476105,1,359,v5,matrix,2,0.8,0.1995
24718,14925,20137,13473,0.1494293212890625,0.1016845703125,9.739540624911775e-84,4.77993276360549,0.9999812748632153,9.793675907973508e-14,716.4365774795093,0,360,clean,,,,
24653,14989,20009,13471,0.1474609375,0.099761962890625,8.375591554252971e-81,4.779859218519,0.9999859418491176,4.406456428962005e-11,700.0942343353984,1,360,v0,nsF5,3,0.25,0.0320
24608,15048,19949,13546,0.1458740234375,0.0977020263671875,1.9343198635174926e-78,4.779733969905974,0.9999920420139685,1.081874040470446e-09,686.872936650657,1,360,v1,nsF5,3,0.55,0.0702
24533,15127,19997,13494,0.143524169921875,0.0992279052734375,1.4416389918995933e-82,4.779793039886488,0.9999898378215638,9.521138773163087e-11,709.9283845215698,1,360,v2,nsF5,2,0.35,0.0894
24344,15331,19840,13670,0.1375274658203125,0.094146728515625,4.323102031060717e-90,4.7788684451550925,0.9999909638027782,1.9024902889106134e-09,751.5598238984112,1,360,v3,nsF5,2,0.85,0.2166
23879,15416,19407,13813,0.1291351318359375,0.085357666015625,6.283021005872368e-61,4.781288356708352,0.9999876627438844,5.075509079159796e-09,586.9715086965793,1,360,v4,matrix,3,0.5,0.0627
22091,16735,18309,14753,0.08172607421875,0.05426025390625,5.843962388132532e-24,4.784747803048512,0.9999933898114501,0.003834891189118804,355.3766671087671,1,360,v5,matrix,2,0.8,0.2005
26657,15111,21916,13077,0.176177978515625,0.1348724365234375,8.999185217927458e-138,5.096185559658847,0.9986627727795491,2.14327171793465e-127,1011.803611559011,0,361,clean,,,,
26454,15161,21725,13063,0.1723175048828125,0.132171630859375,5.5840717959357314e-120,5.096950765960692,0.998995725952283,5.928602953888408e-110,917.690205623114,1,361,v0,nsF5,3,0.25,0.0321
26162,15299,21436,13168,0.1657562255859375,0.12615966796875,4.972532443985268e-108,5.097188816291499,0.9993122358391252,1.5995888547086402e-102,853.640015278054,1,361,v1,nsF5,3,0.55,0.0702
26052,15277,21285,13102,0.1644134521484375,0.1248626708984375,1.902786309742729e-101,5.097194230284283,0.9993132573066311,3.17868015544302e-94,818.0106717645673,1,361,v2,nsF5,2,0.35,0.0892
25553,15593,20677,13419,0.1519775390625,0.110748291015625,3.1400106183378194e-60,5.095900381697743,0.9998784624772643,1.5920577107286713e-50,586.8242716427196,1,361,v3,nsF5,2,0.85,0.2162
25215,15714,20700,13451,0.1449737548828125,0.1106109619140625,9.783931862795161e-100,5.098241085512147,0.9992600174718516,2.486814241774996e-94,808.7045708130818,1,361,v4,matrix,3,0.5,0.0627
22791,17156,18591,14561,0.0859832763671875,0.061492919921875,3.168670404469554e-33,5.101452970183198,0.9998340708079543,1.1634465524394711e-31,421.2511866293818,1,361,v5,matrix,2,0.8,0.2002
33477,11314,29158,10204,0.3381805419921875,0.289215087890625,5.4967447519362736e-74,4.181531912041623,0.9867849775468178,1.6800450596682808e-54,665.919570240443,0,362,clean,,,,
32789,11459,28372,10321,0.325469970703125,0.2754364013671875,7.007193380852282e-66,4.1907952741321,0.9900567132176386,1.6010963112061883e-47,619.6191734662295,1,362,v0,nsF5,3,0.25,0.0317
32137,11653,27629,10455,0.31256103515625,0.262054443359375,1.9425344388313912e-59,4.199089558919459,0.9930170290625209,1.0173895662125646e-45,582.1935160573751,1,362,v1,nsF5,3,0.55,0.0700
31753,11690,27280,10411,0.3061370849609375,0.2574005126953125,1.4825186738657391e-55,4.202042756103476,0.9941724768311602,4.638314890964891e-44,559.32698382824,1,362,v2,nsF5,2,0.35,0.0890
30002,12503,25395,10936,0.2670135498046875,0.2206268310546875,1.8935496257438495e-38,4.213759458798187,0.9986663333288771,2.651475145981298e-30,454.83450598796713,1,362,v3,nsF5,2,0.85,0.2156
30317,12134,26014,10864,0.2774505615234375,0.231170654296875,1.6621363574686407e-51,4.198495936677546,0.9923951237244713,9.917190666194696e-39,535.1891437646561,1,362,v4,matrix,3,0.5,0.0628
24987,14535,21047,12706,0.15948486328125,0.1272735595703125,1.9019844386337543e-21,4.220645719462282,0.9982573224423148,2.2306417081514603e-14,340.67949177899555,1,362,v5,matrix,2,0.8,0.2002
28651,14115,23898,12199,0.2218017578125,0.1785125732421875,2.4212360858320192e-146,5.128092174141338,0.9962000086769423,9.276023145761169e-117,1056.6839518009897,0,363,clean,,,,
28276,14214,23579,12209,0.214569091796875,0.173492431640625,2.4002179901486686e-132,5.1309518973434916,0.9970875061079457,1.4436721362315672e-102,983.2449669005457,1,363,v0,nsF5,3,0.25,0.0316
28029,14212,23160,12311,0.2108306884765625,0.1655426025390625,3.1991864069910596e-120,5.13339140290651,0.9979819880804646,3.143957122176841e-90,918.9792716999525,1,363,v1,nsF5,3,0.55,0.0695
27730,14345,23184,12290,0.2042388916015625,0.166229248046875,1.311891984400117e-97,5.1341547436595425,0.9982789504727825,1.642493564049475e-74,797.1073546510812,1,363,v2,nsF5,2,0.35,0.0885
26913,14800,22357,12547,0.1848297119140625,0.149688720703125,5.479487709026288e-72,5.13631365113799,0.9996202151645472,2.767561389070391e-47,654.5757793203586,1,363,v3,nsF5,2,0.85,0.2153
26829,14642,22137,12645,0.1859588623046875,0.14483642578125,8.205962680778433e-114,5.133937498444869,0.9977966662271031,1.55968020728467e-89,884.7286542468382,1,363,v4,matrix,3,0.5,0.0624
23363,16407,19536,13811,0.10614013671875,0.0873565673828125,8.789661400942244e-40,5.1417913662790244,0.9995148106991185,5.934148798725684e-32,463.2537612983964,1,363,v5,matrix,2,0.8,0.2006
30737,13946,25236,11575,0.2562103271484375,0.2084503173828125,0.0,4.478281232768477,0.9943498867998932,0.0,6737.616573330402,0,364,clean,,,,
30211,14045,24706,11663,0.246673583984375,0.1990203857421875,0.0,4.4811051834616045,0.9957200275245779,0.0,5941.837858435443,1,364,v0,nsF5,3,0.25,0.0319
29614,14173,24099,11726,0.2356109619140625,0.1887969970703125,0.0,4.4833904383256655,0.9970987188895797,0.0,5021.962810714223,1,364,v1,nsF5,3,0.55,0.0705
29268,14198,23757,11790,0.229949951171875,0.1826019287109375,0.0,4.484572439688424,0.9975352752397939,0.0,4567.54985096228,1,364,v2,nsF5,2,0.35,0.0896
27903,14696,22388,12222,0.2015228271484375,0.155120849609375,0.0,4.484798073477043,0.9994700547862357,0.0,2290.4550962967373,1,364,v3,nsF5,2,0.85,0.2179
28576,14631,23228,12041,0.2127838134765625,0.1707000732421875,0.0,4.484509808705705,0.9967325048714205,0.0,5226.970805324302,1,364,v4,matrix,3,0.5,0.0625
24655,16367,19771,13581,0.12646484375,0.094451904296875,0.0,4.4913718552653785,0.9993004343757674,0.0,2502.6124251454235,1,364,v5,matrix,2,0.8,0.2001
23968,20842,17346,15567,0.047698974609375,0.0271453857421875,2.811991652596242e-09,5.385259298265421,0.9999999692708645,0.00013404041878216827,242.81327814991695,0,365,clean,,,,
23891,20930,17340,15523,0.0451812744140625,0.0277252197265625,3.316231324050114e-09,5.384754608555,0.9999999068852379,0.00017317265337838598,242.14378981416232,1,365,v0,nsF5,3,0.25,0.0320
23871,20959,17365,15567,0.04443359375,0.027435302734375,3.991969130500314e-10,5.383982686680597,0.9999999554764754,0.00019010548117145658,250.60451203742403,1,365,v1,nsF5,3,0.55,0.0703
23909,20817,17368,15484,0.04718017578125,0.02874755859375,4.3513458627748415e-09,5.383592702303564,0.999999848251178,4.627087748861092e-05,241.0370546602296,1,365,v2,nsF5,2,0.35,0.0890
23913,20813,17385,15383,0.04730224609375,0.030548095703125,2.857561043627226e-16,5.381371637596034,0.9999999863426063,5.179498322710137e-07,301.8720844902928,1,365,v3,nsF5,2,0.85,0.2163
23638,21158,17248,15706,0.037841796875,0.023529052734375,2.7160873023728114e-06,5.3856229308891,0.9999994569815447,0.0028957719011242344,212.97479833008018,1,365,v4,matrix,3,0.5,0.0627
23209,21447,16950,15851,0.026885986328125,0.0167694091796875,0.00021785628475150004,5.385772458416524,0.9999992088405386,0.06798557872729258,190.75313984313684,1,365,v5,matrix,2,0.8,0.2003
24998,16353,19555,13868,0.1319122314453125,0.0867767333984375,1.1605937746744273e-23,4.707862016747356,0.9999982457829684,2.3147994801183207e-08,356.50358685643045,0,366,clean,,,,
24896,16405,19425,13857,0.1295623779296875,0.0849609375,1.4033799900966438e-24,4.708051609156492,0.999996479382437,7.669294107637098e-11,362.9505140247494,1,366,v0,nsF5,3,0.25,0.0316
24853,16458,19418,13928,0.1280975341796875,0.083770751953125,5.840535865998171e-23,4.708048381607526,0.999993034623262,1.866917092445685e-09,351.5309147734112,1,366,v1,nsF5,3,0.55,0.0695
24924,16460,19418,13981,0.129150390625,0.0829620361328125,1.218667043439197e-22,4.707818147262193,0.9999981675374198,6.904367059485377e-11,349.25495603293024,1,366,v2,nsF5,2,0.35,0.0891
24655,16617,19233,13970,0.122650146484375,0.0803070068359375,3.0731229829988978e-24,4.707252322403764,0.9999983474547555,3.0168135498719106e-15,360.5656130446175,1,366,v3,nsF5,2,0.85,0.2159
24300,16839,19005,14227,0.1138458251953125,0.072906494140625,1.085980772036678e-17,4.708813637739283,0.9999938810996891,4.905585214107809e-06,312.8168973629888,1,366,v4,matrix,3,0.5,0.0623
22795,17960,17871,14892,0.0737762451171875,0.0454559326171875,1.1412718898695676e-05,4.710819360665075,0.9999982543715367,0.0007931770802600904,206.07537774615957,1,366,v5,matrix,2,0.8,0.2008
30311,15357,25129,11659,0.228179931640625,0.205535888671875,1.4317443234307836e-141,5.26182460953369,0.993945829476858,1.0435540355870838e-137,1031.7277333418137,0,367,clean,,,,
29938,15470,24641,11838,0.22076416015625,0.1953582763671875,3.877846075819893e-127,5.269970758109722,0.9952688479926467,3.885109735596636e-127,955.7187042295534,1,367,v0,nsF5,3,0.25,0.0318
29492,15568,24230,11979,0.21246337890625,0.1869354248046875,2.744522810739408e-113,5.277545002445779,0.9965023074213717,1.1741823341084338e-113,881.9171793916897,1,367,v1,nsF5,3,0.55,0.0699
29271,15679,23978,12063,0.2073974609375,0.1818084716796875,2.5000370875589077e-109,5.280841575723609,0.9971011687970357,9.568647938553415e-110,860.6382482420914,1,367,v2,nsF5,2,0.35,0.0885
28148,16147,22753,12474,0.1831207275390625,0.1568450927734375,1.1360910414787631e-100,5.29356869827413,0.9992918198281943,1.4873927305577233e-105,813.7925778624021,1,367,v3,nsF5,2,0.85,0.2152
28141,15927,23034,12317,0.186370849609375,0.1635284423828125,1.990532571327421e-98,5.277253375391977,0.9962320010289593,1.1757447493377346e-95,801.5752962176595,1,367,v4,matrix,3,0.5,0.0628
24474,17579,19602,13851,0.1052093505859375,0.0877532958984375,1.9257015468349221e-38,5.299911989519314,0.9991142601623816,7.851184200759428e-37,454.7881736899499,1,367,v5,matrix,2,0.8,0.2005
25187,19557,18429,14633,0.085906982421875,0.05792236328125,1.8719665761861132e-47,5.4217261359543425,0.9999974594598648,1.1047977266593525e-31,510.7066302391186,0,368,clean,,,,
25116,19568,18353,14634,0.08465576171875,0.0567474365234375,2.8851948863920756e-40,5.421490092838315,0.9999980965526345,4.624052205016773e-25,466.29489994802975,1,368,v0,nsF5,3,0.25,0.0315
25153,19490,18409,14639,0.0864105224609375,0.057525634765625,2.350597701777735e-37,5.421051755339227,0.9999966597425143,1.6804788225751688e-22,447.88342684567124,1,368,v1,nsF5,3,0.55,0.0692
25057,19557,18240,14681,0.08392333984375,0.0543060302734375,2.4680733090206947e-38,5.421083604571225,0.999995975238267,1.3766998131861905e-18,454.10512019057944,1,368,v2,nsF5,2,0.35,0.0891
25135,19487,18091,14691,0.086181640625,0.0518798828125,6.243098318767985e-39,5.419600577411793,0.9999987817938789,2.818239506427732e-17,457.88393152270396,1,368,v3,nsF5,2,0.85,0.2157
24720,19749,18155,14836,0.0758514404296875,0.0506439208984375,1.3233962691300504e-34,5.422044335209204,0.9999964182085948,1.3774484262921666e-23,430.2183241508839,1,368,v4,matrix,3,0.5,0.0622
23845,20427,17228,15418,0.052154541015625,0.027618408203125,3.0941547979877936e-16,5.42329425764421,0.9999994853079974,2.5123773544005462e-09,301.6025508014392,1,368,v5,matrix,2,0.8,0.2010
26326,17006,20510,13436,0.1422119140625,0.107940673828125,7.668756148757057e-78,5.079414441354106,0.9998448463529455,1.1895044994762217e-68,687.6789618107462,0,369,clean,,,,
26252,17032,20474,13430,0.14068603515625,0.10748291015625,5.538680129644852e-59,5.079769065934768,0.9998862778713047,3.5851167139837127e-53,579.5265549637837,1,369,v0,nsF5,3,0.25,0.0316
26151,17023,20412,13419,0.1392822265625,0.1067047119140625,3.281428238125513e-45,5.080139275736286,0.9999314748400272,1.7868230430408145e-39,496.98767665038974,1,369,v1,nsF5,3,0.55,0.0695
26033,17113,20206,13481,0.1361083984375,0.1026153564453125,5.158071866375486e-47,5.0797489431025085,0.9999225485365677,1.948835909710319e-37,508.02470815774353,1,369,v2,nsF5,2,0.35,0.0882
25875,17200,19699,13589,0.1323699951171875,0.093231201171875,1.9204960964029443e-28,5.079072919987834,0.9999837442263311,8.500528098015594e-19,389.49958535430704,1,369,v3,nsF5,2,0.85,0.2138
25375,17469,19859,13677,0.120635986328125,0.094329833984375,3.1687589362513377e-45,5.080703823684816,0.9999270522607312,4.676796790318353e-42,497.080866387105,1,369,v4,matrix,3,0.5,0.0627
23806,18572,18195,14545,0.079864501953125,0.055694580078125,6.238578575488107e-19,5.083147475369271,0.9999777210935608,1.8174650772973452e-16,322.1802726214546,1,369,v5,matrix,2,0.8,0.1994
28847,12793,23132,11742,0.244964599609375,0.173797607421875,2.4071339269651017e-68,4.6273027853946,0.9997916839932832,5.36870454762516e-18,633.7799605950067,0,370,clean,,,,
28685,12850,22901,11797,0.2416229248046875,0.16943359375,2.118242749106988e-64,4.6297984870101745,0.9998568181891913,2.5549214320048687e-14,611.0723292365418,1,370,v0,nsF5,3,0.25,0.0319
28404,13083,22647,11852,0.2337799072265625,0.1647186279296875,2.0793943195323736e-60,4.632389829977661,0.9998915467869284,3.502726219434504e-11,587.8702178475587,1,370,v1,nsF5,3,0.55,0.0703
28265,13104,22770,11896,0.2313385009765625,0.165924072265625,1.7359885047785345e-59,4.633765091408088,0.9998779609086593,4.3925537865382485e-09,582.4794628493839,1,370,v2,nsF5,2,0.35,0.0891
27592,13522,22327,12104,0.214691162109375,0.1559906005859375,5.175372901536463e-57,4.638937867547233,0.9999621969741103,2.1534072329187712e-07,567.9381658909557,1,370,v3,nsF5,2,0.85,0.2167
27254,13592,21769,12343,0.208465576171875,0.143829345703125,1.4781878350381153e-52,4.633279556456006,0.999875727260259,2.0441288154259388e-12,541.4834338533788,1,370,v4,matrix,3,0.5,0.0627
23986,15446,19508,13709,0.13031005859375,0.0884857177734375,8.996882488922342e-18,4.646939844222673,0.9999561441475944,8.284637003986069e-06,313.43911233059794,1,370,v5,matrix,2,0.8,0.2003
27364,11187,22380,11782,0.2468414306640625,0.161712646484375,2.991351068462398e-25,3.8274272771218367,0.9997700647109509,6.479745257222333e-07,366.00130348610287,0,371,clean,,,,
27275,11254,22242,11791,0.2444610595703125,0.1594696044921875,6.574835994163821e-24,3.8299425655452928,0.9997964359854961,1.4492751291508296e-06,356.63184780694587,1,371,v0,nsF5,3,0.25,0.0320
27184,11393,22173,11853,0.2409515380859375,0.157470703125,4.852563072001409e-22,3.8326847666076205,0.9998589853045963,4.01605148581995e-07,343.370741268541,1,371,v1,nsF5,3,0.55,0.0702
27019,11388,22035,11869,0.2385101318359375,0.155120849609375,9.773643893223338e-21,3.833120414084787,0.9999215166074348,2.961965735973938e-07,333.94500790145435,1,371,v2,nsF5,2,0.35,0.0890
26706,11737,21747,12022,0.2284088134765625,0.1483917236328125,1.1323820640804995e-24,3.8383234352098565,0.9999921333270452,5.322547857576573e-07,361.98020304276974,1,371,v3,nsF5,2,0.85,0.2155
25988,11989,21349,12339,0.2136077880859375,0.137481689453125,2.0634447950423454e-15,3.833162271766057,0.9998421659904779,2.4054624204514435e-05,293.6382581633706,1,371,v4,matrix,3,0.5,0.0631
23131,13917,19389,13711,0.140594482421875,0.086639404296875,0.00022498304048110702,3.8463236413788837,0.9999861359202453,0.129697886897319,189.35492854793713,1,371,v5,matrix,2,0.8,0.2004
24473,17855,19250,14408,0.100982666015625,0.073883056640625,4.76640234003477e-08,5.273922706155138,0.9998000328626602,4.1137290008439343e-07,231.04804467069457,0,372,clean,,,,
24426,17936,19146,14405,0.099029541015625,0.0723419189453125,9.726148959823945e-07,5.2731473443506065,0.9998634217550382,7.867372126813455e-06,217.7373286021541,1,372,v0,nsF5,3,0.25,0.0318
24324,18000,19075,14401,0.09649658203125,0.071319580078125,1.1470866206874456e-05,5.272217485740062,0.9999151816140562,4.129534458304035e-05,206.05039501323466,1,372,v1,nsF5,3,0.55,0.0701
24388,17905,18927,14425,0.0989227294921875,0.068695068359375,1.138527256935043e-05,5.272004754980323,0.999898987560135,1.3993011147578276e-05,206.08721272760772,1,372,v2,nsF5,2,0.35,0.0893
24227,17963,18631,14500,0.0955810546875,0.0630340576171875,4.438672550196875e-09,5.268821724430395,0.9999607462295939,1.5610320107770295e-06,240.95590219089763,1,372,v3,nsF5,2,0.85,0.2169
23806,18279,18688,14571,0.0843353271484375,0.0628204345703125,0.0002793556187800985,5.273791268014488,0.9999069171286363,0.0003494817040787481,189.37110210508342,1,372,v4,matrix,3,0.5,0.0625
22733,18935,17575,15120,0.057952880859375,0.0374603271484375,0.22244438027580882,5.273502043185557,0.999963737788411,0.1327955181167986,138.86423760759686,1,372,v5,matrix,2,0.8,0.2006
26703,18527,21124,13907,0.124755859375,0.1101226806640625,2.5180031288708264e-27,5.419586378303392,0.9981716811123588,8.92806318584649e-27,381.91204751096774,0,373,clean,,,,
26520,18519,20933,13942,0.1220855712890625,0.1066741943359375,3.6512935329068017e-26,5.421049626537896,0.9985502864960726,1.1732835923561627e-25,373.95070509981497,1,373,v0,nsF5,3,0.25,0.0319
26309,18514,20612,13961,0.1189422607421875,0.1014862060546875,1.6601406590113005e-25,5.422052924328151,0.9990382815008931,7.702129122343618e-25,369.4053028300069,1,373,v1,nsF5,3,0.55,0.0701
26062,18732,20393,14066,0.111846923828125,0.0965423583984375,5.637368391152538e-22,5.422265551897675,0.999135966627644,5.289039278710137e-22,344.48931357406434,1,373,v2,nsF5,2,0.35,0.0888
25360,18957,19704,14157,0.0977020263671875,0.0846405029296875,2.6045747883995296e-22,5.421651904899641,0.9997865927037523,8.226288382776807e-22,346.8962798478596,1,373,v3,nsF5,2,0.85,0.2154
25537,18820,19953,14104,0.1024932861328125,0.0892486572265625,3.684508834482339e-21,5.42281893371953,0.9989459320388776,3.712752876486272e-21,338.59781199749256,1,373,v4,matrix,3,0.5,0.0627
23424,19788,18059,14888,0.05548095703125,0.0483856201171875,4.169388796478616e-07,5.425920110699693,0.9997437531471804,4.3606638243527336e-07,221.57062467561792,1,373,v5,matrix,2,0.8,0.1997
24529,19783,17850,14896,0.072418212890625,0.045074462890625,8.180882424325113e-12,5.338149957335114,0.999999959491496,1.5025611402920185e-06,265.4892383338087,0,374,clean,,,,
24466,19813,17899,14982,0.0709991455078125,0.0445098876953125,7.968299717424183e-11,5.338102881703746,0.9999999692708645,2.5379535396475545e-05,256.8675654490326,1,374,v0,nsF5,3,0.25,0.0320
24427,19808,17833,14931,0.0704803466796875,0.044281005859375,9.557683469611605e-09,5.33769092127828,0.9999999948995535,0.00043637584370808947,237.8018551369278,1,374,v1,nsF5,3,0.55,0.0699
24466,19773,17819,14972,0.0716094970703125,0.0434417724609375,9.467986564630292e-11,5.337242551542567,0.9999996809480893,6.090677845413799e-08,256.20399858495085,1,374,v2,nsF5,2,0.35,0.0892
24475,19761,17721,14914,0.071929931640625,0.0428314208984375,1.8861788473999856e-14,5.335443411072941,0.9999992710891896,5.845394520472004e-06,287.4372375019546,1,374,v3,nsF5,2,0.85,0.2159
24143,20041,17641,15141,0.062591552734375,0.03814697265625,2.2043487399173194e-06,5.338835172823974,0.9999999202370268,0.0021339311177400173,213.9538229169538,1,374,v4,matrix,3,0.5,0.0627
23492,20572,17143,15587,0.0445556640625,0.02374267578125,3.944749890703299e-05,5.339454935738381,0.9999998107776478,0.0062676034155648335,199.84610077282974,1,374,v5,matrix,2,0.8,0.2002
24352,19378,17940,15020,0.075897216796875,0.0445556640625,2.026626201656061e-13,5.393425981210594,0.9999999934136798,1.0712651292467886e-11,279.016968853645,0,375,clean,,,,
24314,19404,17908,14999,0.074920654296875,0.0443878173828125,1.0539961461525571e-11,5.3932288928131165,0.9999999325560804,2.162373596920972e-09,264.5415781688713,1,375,v0,nsF5,3,0.25,0.0320
24205,19477,17870,14964,0.0721435546875,0.044342041015625,3.7616578571658166e-11,5.393014488736017,0.9999998300307805,9.99114044280192e-09,259.73825873495673,1,375,v1,nsF5,3,0.55,0.0704
24336,19390,17908,15017,0.075469970703125,0.0441131591796875,6.449332148517914e-11,5.392066048047474,0.9999999692708645,4.1142850702437905e-06,257.6793000668191,1,375,v2,nsF5,2,0.35,0.0895
24243,19417,17895,14980,0.073638916015625,0.0444793701171875,8.279062998261369e-14,5.390548922980359,0.9999988384468015,0.00014534094606507626,282.2140565783744,1,375,v3,nsF5,2,0.85,0.2168
23917,19704,17637,15148,0.0642852783203125,0.0379791259765625,2.3092736560843953e-12,5.394228824552549,0.9999993093741641,2.0136151731810096e-09,270.17823532666915,1,375,v4,matrix,3,0.5,0.0628
23188,20308,17222,15644,0.0439453125,0.024078369140625,1.1632037048275702e-05,5.395054067387637,0.9999988173600274,7.326231861264642e-05,205.98178346998634,1,375,v5,matrix,2,0.8,0.2007
25555,19551,19141,14525,0.09161376953125,0.0704345703125,1.5976776050707185e-28,5.329383575828373,0.9998670396721434,9.614499452763367e-18,390.03953257482124,0,376,clean,,,,
25510,19604,19091,14562,0.090118408203125,0.0691070556640625,9.067561632128906e-25,5.328879140770271,0.99990439461611,3.398433145705468e-16,364.2759755484832,1,376,v0,nsF5,3,0.25,0.0320
25329,19751,19047,14553,0.085113525390625,0.068572998046875,1.067342215026222e-19,5.328010438147504,0.9999475003425596,9.253361622204205e-12,327.8836028369317,1,376,v1,nsF5,3,0.55,0.0705
25338,19530,18699,14587,0.088623046875,0.062744140625,2.5765711802099688e-18,5.327731277073627,0.9999406076909598,6.004748015073492e-13,317.5535678155527,1,376,v2,nsF5,2,0.35,0.0894
25143,19606,18556,14576,0.0844879150390625,0.06072998046875,2.4516721701156513e-19,5.324836099251985,0.9999839009081555,2.9432460093919864e-11,325.20484896226657,1,376,v3,nsF5,2,0.85,0.2161
24888,19943,18619,14733,0.0754547119140625,0.059295654296875,1.6275470642337362e-18,5.329319942466341,0.9999377213789404,1.1540370094008554e-10,319.05672580199587,1,376,v4,matrix,3,0.5,0.0629
23774,20393,17571,15281,0.0515899658203125,0.034942626953125,1.0316313118920326e-05,5.329160475251724,0.9999752343565644,0.0007180235117939067,206.5710272361766,1,376,v5,matrix,2,0.8,0.1999
31116,12919,24969,10679,0.2776641845703125,0.218048095703125,1.7811697149531226e-47,4.106646878183638,0.9990390869705257,1.5852448380963802e-31,510.8380714358296,0,377,clean,,,,
30842,13059,24617,10779,0.2713470458984375,0.211151123046875,2.542279457796545e-44,4.110050829828837,0.999270578981815,8.146576694757145e-30,491.51665478309957,1,377,v0,nsF5,3,0.25,0.0322
30668,13216,24338,10844,0.26629638671875,0.205902099609375,2.0978915932568303e-45,4.113576108427776,0.9994516602698802,3.7754618883892443e-29,498.1804151761623,1,377,v1,nsF5,3,0.55,0.0706
30328,13324,24248,10927,0.25946044921875,0.2032623291015625,9.538741198339266e-53,4.115454303842849,0.9995500479495422,2.849264739959421e-30,542.620482004864,1,377,v2,nsF5,2,0.35,0.0893
29725,13673,23626,11296,0.24493408203125,0.188140869140625,3.669570805705212e-56,4.121543721858053,0.9998990528046325,2.187469289954062e-24,562.9152125268724,1,377,v3,nsF5,2,0.85,0.2167
29258,13812,23254,11371,0.235687255859375,0.1813201904296875,7.067245781457506e-32,4.114935345317741,0.999405092695877,1.9328906562616887e-23,412.4073044920506,1,377,v4,matrix,3,0.5,0.0625
25545,15869,20446,13158,0.14764404296875,0.1112060546875,3.371576473043056e-11,4.131088359956,0.9998767385131968,7.047103813307266e-07,260.1546161544775,1,377,v5,matrix,2,0.8,0.1994
24045,20691,17605,15317,0.051177978515625,0.034912109375,3.5545676135824054e-92,5.513361853310371,0.9999981763156747,1.231490560921214e-72,767.3458897908203,0,378,clean,,,,
24003,20700,17604,15276,0.0503997802734375,0.0355224609375,4.122094844647833e-74,5.512936011211411,0.9999995173965567,6.18736984268307e-56,666.6274854572869,1,378,v0,nsF5,3,0.25,0.0321
24034,20665,17635,15213,0.0514068603515625,0.036956787109375,7.973197419526186e-58,5.512122043511938,0.9999999973022432,7.684738559705356e-39,572.7230442350854,1,378,v1,nsF5,3,0.55,0.0705
24107,20616,17679,15333,0.0532684326171875,0.035797119140625,2.637938125700508e-57,5.512140988419855,0.9999999831390203,7.295765191551333e-36,569.6634550256813,1,378,v2,nsF5,2,0.35,0.0891
24292,20434,17704,15206,0.058868408203125,0.038116455078125,3.090908501415727e-37,5.510163060126744,0.9999998557437764,1.888444874341963e-11,447.12538593092097,1,378,v3,nsF5,2,0.85,0.2166
23766,20880,17430,15393,0.044036865234375,0.0310821533203125,2.9821718699485074e-61,5.513457075769733,0.9999999831390203,4.591782993681219e-47,592.7919720202696,1,378,v4,matrix,3,0.5,0.0630
23381,21265,17134,15751,0.03228759765625,0.0211029052734375,5.695691043706533e-25,5.5139697243102255,0.9999998300307805,5.371497722450347e-17,365.6844057210685,1,378,v5,matrix,2,0.8,0.2006
23917,20716,17729,15178,0.0488433837890625,0.0389251708984375,1.0231449605660883e-100,5.511293851573636,0.9999948657834594,2.0390708273164797e-74,814.0398719617795,0,379,clean,,,,
23939,20670,17718,15085,0.0498809814453125,0.0401763916015625,1.324910922482456e-82,5.510862345811685,0.9999954095934269,1.2650660858485169e-58,714.3515084849491,1,379,v0,nsF5,3,0.25,0.0320
23948,20650,17738,15068,0.050323486328125,0.040740966796875,3.36950406656657e-67,5.510169051526024,0.9999965158338263,5.062104434711477e-45,627.2033679901506,1,379,v1,nsF5,3,0.55,0.0700
23949,20625,17814,15114,0.05072021484375,0.04119873046875,5.870470620377975e-62,5.509719379989423,0.9999998050870667,1.971915013636179e-40,596.9027777413937,1,379,v2,nsF5,2,0.35,0.0894
24108,20518,17911,15102,0.054779052734375,0.0428619384765625,1.9489542950711307e-37,5.507607702325903,0.9999999822854333,3.1447801410216955e-12,448.4019238751069,1,379,v3,nsF5,2,0.85,0.2169
23670,20926,17540,15275,0.0418701171875,0.0345611572265625,6.003183350327803e-68,5.511342056805644,0.999997139522377,3.253118675550313e-51,631.5043922125813,1,379,v4,matrix,3,0.5,0.0626
23242,21236,17268,15610,0.030609130859375,0.025299072265625,1.0637217390186322e-24,5.511517552661607,0.999999750078115,4.1932247353239116e-19,363.79175147142394,1,379,v5,matrix,2,0.8,0.2009
24145,20458,17766,15294,0.0562591552734375,0.0377197265625,3.552029243213586e-80,5.509883908250052,0.9999839529668169,1.3221941803308197e-57,700.7791985794674,0,380,clean,,,,
24136,20437,17833,15222,0.0564422607421875,0.0398406982421875,9.8083406542173e-66,5.50932802119622,0.9999911385991691,8.953513033089099e-44,618.7773129137668,1,380,v0,nsF5,3,0.25,0.0320
24138,20430,17781,15213,0.05657958984375,0.0391845703125,6.680524858920571e-48,5.5088577627653095,0.9999796685031901,6.594971861599003e-27,513.4284101256839,1,380,v1,nsF5,3,0.55,0.0704
24134,20308,17753,15195,0.058380126953125,0.039031982421875,5.882903013037519e-54,5.508528727840029,0.9999941824378404,6.827773434115575e-31,549.8356984973179,1,380,v2,nsF5,2,0.35,0.0895
24089,20243,17633,15145,0.058685302734375,0.0379638671875,9.339211480201225e-36,5.506464412789943,0.9999983806709105,7.581892031043941e-09,437.6469895187272,1,380,v3,nsF5,2,0.85,0.2166
23883,20670,17595,15405,0.0490264892578125,0.033416748046875,4.600081465874782e-50,5.50995726017335,0.9999836130785347,2.178045069110031e-34,526.5155523412475,1,380,v4,matrix,3,0.5,0.0630
23265,21064,16970,15639,0.0335845947265625,0.0203094482421875,5.417652479814954e-23,5.510526474227981,0.9999992930927755,8.665182992328525e-15,351.76303866115074,1,380,v5,matrix,2,0.8,0.2008
24207,20503,17715,15326,0.0565185546875,0.0364532470703125,1.406192603612058e-108,5.503848098671238,0.9999997963931232,2.4261137748646162e-77,856.5972035667091,0,381,clean,,,,
24247,20482,17755,15269,0.0574493408203125,0.037933349609375,5.9626210256616384e-95,5.503355715642444,0.9999999923177162,6.196744557269065e-62,782.5760165221816,1,381,v0,nsF5,3,0.25,0.0321
24252,20532,17855,15296,0.0567626953125,0.0390472412109375,1.2420205949196968e-81,5.5027544582107,0.9999999855733244,4.5235934859869595e-48,708.9257234163892,1,381,v1,nsF5,3,0.55,0.0703
24146,20625,17635,15165,0.0537261962890625,0.037689208984375,2.4866737793248764e-74,5.5025143013572535,0.9999996661104251,2.462031073808712e-40,667.8702875467313,1,381,v2,nsF5,2,0.35,0.0894
24264,20511,17759,15214,0.0572662353515625,0.0388336181640625,2.5523394494409628e-46,5.5004764364405085,0.9999983557904086,2.6439572375678055e-14,503.7843449577348,1,381,v3,nsF5,2,0.85,0.2167
23923,20766,17621,15520,0.0481719970703125,0.0320587158203125,1.8246437722713393e-79,5.503847118979413,0.9999999795982144,8.119510665222064e-57,696.7962901562087,1,381,v4,matrix,3,0.5,0.0627
23277,21441,17035,15782,0.02801513671875,0.0191192626953125,1.0136111949880918e-23,5.504305721501847,0.9999970621409151,1.5912322462291094e-18,356.91862841908153,1,381,v5,matrix,2,0.8,0.2008
23961,20733,17583,15097,0.04925537109375,0.037933349609375,1.3198675120096437e-88,5.494578926015719,0.9999992710891896,2.4151099941750495e-64,747.6697718934215,0,382,clean,,,,
24040,20676,17634,15087,0.05133056640625,0.0388641357421875,4.775155185675076e-72,5.494119369497994,0.9999999965856516,7.39611268199652e-50,654.9155794792593,1,382,v0,nsF5,3,0.25,0.0319
24113,20585,17732,15120,0.0538330078125,0.03985595703125,1.1390550758941528e-56,5.493481903119412,0.9999998191554479,1.6654412210047907e-34,565.9167097431789,1,382,v1,nsF5,3,0.55,0.0703
24025,20606,17599,15159,0.0521697998046875,0.0372314453125,3.7691812737427386e-56,5.493402567130611,0.9999987602012745,2.1758738969023673e-33,562.8464436396256,1,382,v2,nsF5,2,0.35,0.0889
24217,20483,17642,14957,0.056976318359375,0.0409698486328125,2.7194913403141636e-36,5.491532802208254,0.999991369005387,7.1071907925398524e-09,441.087157296631,1,382,v3,nsF5,2,0.85,0.2157
23816,20836,17478,15255,0.04547119140625,0.0339202880859375,4.98242391984319e-59,5.494635235214311,0.9999998353419897,4.638432679880847e-44,579.7961090217893,1,382,v4,matrix,3,0.5,0.0627
23326,21236,17014,15563,0.031890869140625,0.0221405029296875,5.125722498132076e-22,5.4952468259038385,0.9999893773881514,5.2663676576718954e-14,344.78640608385393,1,382,v5,matrix,2,0.8,0.1999
24218,20269,17810,15161,0.0602569580078125,0.0404205322265625,9.238991775173938e-114,5.418285939628661,0.9999928968686105,3.27713893155266e-86,884.452604818537,0,383,clean,,,,
24255,20189,17797,15133,0.062042236328125,0.0406494140625,8.932395437733377e-97,5.417731983711123,0.9999949390762031,5.607300365383359e-72,792.5575106204603,1,383,v0,nsF5,3,0.25,0.0321
24297,20115,17791,15144,0.063812255859375,0.0403900146484375,7.802688974694937e-82,5.417135483622073,0.99999568358491,7.990095080847328e-59,710.053447453214,1,383,v1,nsF5,3,0.55,0.0702
24258,20163,17838,15208,0.0624847412109375,0.040130615234375,1.2047235623851355e-67,5.417148088803025,0.9999852270336627,2.3477521574795286e-43,629.7685917526496,1,383,v2,nsF5,2,0.35,0.0885
24394,20130,17950,15146,0.0650634765625,0.04278564453125,1.258002238871731e-40,5.415325890626594,0.9999950696753299,6.8254227518822444e-18,468.55631011817417,1,383,v3,nsF5,2,0.85,0.2153
23993,20385,17526,15286,0.0550537109375,0.0341796875,1.0355058262443675e-79,5.418328931008982,0.9999955339328738,1.5058247086567788e-64,698.1756201123494,1,383,v4,matrix,3,0.5,0.0630
23282,20973,17333,15703,0.0352325439453125,0.024871826171875,1.1092647501617675e-27,5.4191894779818295,0.999993120034935,3.8331687436758214e-21,384.3366591447666,1,383,v5,matrix,2,0.8,0.1995
24626,18826,18249,14528,0.0885009765625,0.0567779541015625,1.5059289156363778e-41,5.153268725465403,0.9999956970631823,2.27921727993415e-17,474.3217093329292,0,384,clean,,,,
24598,18849,18199,14524,0.0877227783203125,0.0560760498046875,2.1402672153318433e-36,5.152866389851493,0.9999973865044267,1.0746171863377071e-12,441.753786862483,1,384,v0,nsF5,3,0.25,0.0319
24535,18904,18150,14636,0.0859222412109375,0.053619384765625,1.23635705994089e-35,5.152525111488627,0.9999986794055199,5.131337908063528e-10,436.8632969989362,1,384,v1,nsF5,3,0.55,0.0700
24461,18903,18208,14662,0.084808349609375,0.054107666015625,5.302116610300755e-26,5.151946745713548,0.9999988244100284,1.0155322707139299e-08,372.8336376265787,1,384,v2,nsF5,2,0.35,0.0886
24415,18911,18237,14676,0.083984375,0.0543365478515625,6.092743314401666e-22,5.150370822853976,0.9999989477060054,0.0013238606638945006,344.24664948529414,1,384,v3,nsF5,2,0.85,0.2150
24110,19200,17922,14824,0.074920654296875,0.047271728515625,1.4603208849561753e-27,5.153682878640536,0.9999981054994995,2.0771990997976806e-10,383.52422867001485,1,384,v4,matrix,3,0.5,0.0627
23192,19857,17438,15278,0.0508880615234375,0.032958984375,1.1762826639862644e-05,5.154555610693757,0.9999969384549198,0.0008724755465143656,205.92677770599371,1,384,v5,matrix,2,0.8,0.1993
26698,16544,20915,13351,0.154937744140625,0.11541748046875,8.806551881965918e-87,5.337461941585757,0.9999099612438541,2.76099637115862e-67,737.5749159609186,0,385,clean,,,,
26578,16569,20804,13352,0.1527252197265625,0.11370849609375,6.198361388651152e-83,5.338750641755911,0.9999393501958358,1.2035103097128412e-64,716.1912257079226,1,385,v0,nsF5,3,0.25,0.0315
26410,16654,20570,13345,0.14886474609375,0.1102447509765625,2.100397434002927e-72,5.340178932797625,0.9999534378616739,1.0510834431340959e-59,656.9431254051076,1,385,v1,nsF5,3,0.55,0.0693
26354,16726,20484,13430,0.14691162109375,0.107635498046875,3.719851900132917e-57,5.340575930329636,0.9999647471876354,6.334349161138736e-44,568.7837646931201,1,385,v2,nsF5,2,0.35,0.0887
25930,16961,20337,13505,0.1368560791015625,0.104248046875,1.7743652445488023e-40,5.34285898752271,0.999992775226778,6.690441816752437e-32,467.61982795637954,1,385,v3,nsF5,2,0.85,0.2150
25711,16978,20069,13672,0.1332550048828125,0.0976104736328125,2.055086115153209e-68,5.34096488898743,0.9999567440311713,1.216014554312691e-55,634.1734877433319,1,385,v4,matrix,3,0.5,0.0624
23803,18312,18666,14555,0.0837860107421875,0.0627288818359375,1.0584646456605496e-21,5.347821765000805,0.9999909638027782,4.59964224355526e-18,342.5185773676831,1,385,v5,matrix,2,0.8,0.2004
23710,17976,18464,14721,0.087493896484375,0.0571136474609375,1.373990447687911e-224,5.201313721803257,0.9999791974029418,4.590051834906973e-212,1457.1134388449395,0,386,clean,,,,
23664,17982,18436,14673,0.086700439453125,0.0574188232421875,2.0565768974439453e-193,5.200666838006063,0.9999791084709557,2.070629056237796e-180,1299.2340624874282,1,386,v0,nsF5,3,0.25,0.0322
23583,18019,18320,14709,0.08489990234375,0.0550994873046875,6.694539410043793e-154,5.199766545804225,0.9999725480855708,2.6912547222946566e-143,1096.0543559899925,1,386,v1,nsF5,3,0.55,0.0706
23570,18055,18298,14631,0.0841522216796875,0.0559539794921875,6.063073689578065e-140,5.199354283642279,0.9999831898646998,1.0845076777729643e-132,1023.2008251426574,1,386,v2,nsF5,2,0.35,0.0894
23498,18155,18159,14727,0.0815277099609375,0.0523681640625,9.998519548178027e-60,5.195753095575309,0.9999932724481322,4.731320020668219e-48,583.8823018151616,1,386,v3,nsF5,2,0.85,0.2173
23186,18303,18099,14909,0.0745086669921875,0.048675537109375,5.046992925871485e-163,5.201728110330137,0.9999759400808282,5.7728470418255585e-155,1143.3343235014527,1,386,v4,matrix,3,0.5,0.0627
22314,19060,17403,15395,0.049652099609375,0.0306396484375,1.8005399086391232e-62,5.202844087279343,0.9999902678101352,7.54908060321917e-59,599.8873155616205,1,386,v5,matrix,2,0.8,0.1999
24369,20334,18336,15287,0.0615692138671875,0.0465240478515625,1.1370992628662085e-63,6.049053843676917,0.9997906518647302,1.8084006725011876e-18,606.8477430329832,0,387,clean,,,,
24304,20419,18237,15243,0.0592803955078125,0.045684814453125,2.727251211338047e-56,6.04836776509948,0.9998317207117479,3.391568349278716e-16,563.6770742658796,1,387,v0,nsF5,3,0.25,0.0318
24210,20484,18197,15205,0.056854248046875,0.045654296875,1.6818968051005482e-45,6.047565426258648,0.9999010003377522,1.5151080730093107e-16,498.76933774091003,1,387,v1,nsF5,3,0.55,0.0700
24246,20365,18211,15324,0.0592193603515625,0.0440521240234375,5.034380652386652e-38,6.047184506086889,0.9999010003377522,8.524711500637291e-16,452.14077106082334,1,387,v2,nsF5,2,0.35,0.0898
24100,20471,17982,15297,0.0553741455078125,0.0409698486328125,8.161649639787935e-23,6.043968161408877,0.9999710309148457,4.958733343189795e-16,350.49646040854975,1,387,v3,nsF5,2,0.85,0.2170
23858,20618,17941,15342,0.0494384765625,0.0396575927734375,3.101682767874818e-47,6.04888514864793,0.9998837015979967,5.328614619449924e-15,509.3710813586649,1,387,v4,matrix,3,0.5,0.0626
23268,20947,17250,15754,0.0354156494140625,0.0228271484375,9.953630914417948e-20,6.048672877474975,0.999968460253952,3.1385725814193045e-06,328.1079078297304,1,387,v5,matrix,2,0.8,0.2008
24766,19006,18476,14580,0.087890625,0.0594482421875,1.7900790446615416e-38,5.02260600648764,0.9999979225577025,5.206526719482762e-30,454.9891255421496,0,388,clean,,,,
24850,18989,18561,14599,0.0894317626953125,0.060455322265625,6.061411468131205e-35,5.022664958477988,0.9999994080846911,2.7425007384172815e-25,432.4115622551927,1,388,v0,nsF5,3,0.25,0.0316
24817,18990,18556,14564,0.0889129638671875,0.0609130859375,1.1622350563096803e-35,5.022781456506327,0.9999974074542191,2.2474822462666906e-24,437.036056129941,1,388,v1,nsF5,3,0.55,0.0695
24661,19055,18526,14514,0.085540771484375,0.06121826171875,8.714053347702065e-31,5.022687300785322,0.9999997963931232,5.277604560520301e-25,405.19220537638734,1,388,v2,nsF5,2,0.35,0.0891
24687,19098,18683,14334,0.0852813720703125,0.0663604736328125,7.375080778149544e-23,5.022993292638572,0.9999997784361783,1.7821102255571046e-19,350.8099141883057,1,388,v3,nsF5,2,0.85,0.2148
24404,19292,18281,14765,0.0780029296875,0.05364990234375,2.6767701174902435e-29,5.023263370657951,0.9999968238000931,6.288656343714881e-20,395.2634767355208,1,388,v4,matrix,3,0.5,0.0626
23441,20187,17765,15033,0.049652099609375,0.04168701171875,6.580709269953033e-08,5.025502069434064,0.9999999898728742,4.926451522022047e-06,229.6664528455992,1,388,v5,matrix,2,0.8,0.2006
27126,16912,21285,13297,0.155853271484375,0.12188720703125,2.4109338346101776e-73,5.1096028504633475,0.9990985348617643,3.9273265432804335e-55,662.2801769250002,0,389,clean,,,,
26903,16923,21093,13338,0.15228271484375,0.1183319091796875,1.6909153877217756e-69,5.109801924001381,0.9992932017000743,1.2932676779722932e-51,640.3817937257618,1,389,v0,nsF5,3,0.25,0.0316
26722,17003,20956,13375,0.1483001708984375,0.1156768798828125,5.309517474119255e-61,5.110189663345532,0.9994085721540833,6.658066196538182e-47,591.3311648470319,1,389,v1,nsF5,3,0.55,0.0693
26650,17052,20718,13407,0.146453857421875,0.1115570068359375,3.010170836672213e-57,5.109826132238563,0.9996382186940312,5.801360043544157e-41,569.3256379736954,1,389,v2,nsF5,2,0.35,0.0884
26420,17151,20389,13616,0.1414337158203125,0.1033477783203125,3.324003929216923e-50,5.108419456674738,0.9998988570079022,6.131070809196619e-35,527.3661452872495,1,389,v3,nsF5,2,0.85,0.2148
25937,17358,20350,13626,0.1309051513671875,0.10260009765625,8.969809325324036e-51,5.111045336069813,0.9993897901306181,2.1056462972086443e-40,530.7911709194323,1,389,v4,matrix,3,0.5,0.0624
24004,18547,18606,14664,0.0832672119140625,0.060150146484375,2.384425398604594e-13,5.113045201448509,0.9998740569466651,9.791828398068332e-10,278.43329456947674,1,389,v5,matrix,2,0.8,0.2002
32929,14653,28166,11242,0.27886962890625,0.25823974609375,2.9205236546165005e-73,4.792695740982307,0.9800698627027948,2.6137956753009584e-26,661.807823893502,0,390,clean,,,,
32294,14723,27440,11293,0.2681121826171875,0.2463836669921875,2.5549055835819564e-63,4.806883765614401,0.9848224287976628,7.417822266826087e-23,604.8099479868986,1,390,v0,nsF5,3,0.25,0.0318
31572,14932,26643,11346,0.25390625,0.2334136962890625,4.497340768736069e-54,4.819794743110866,0.989188005569811,9.265653315335586e-21,550.529789216478,1,390,v1,nsF5,3,0.55,0.0698
31252,14901,26225,11338,0.2494964599609375,0.2271575927734375,1.7869815356818163e-55,4.824896522653724,0.9909316493966551,2.1526988392939305e-21,558.8464692007609,1,390,v2,nsF5,2,0.35,0.0886
29601,15569,24375,11952,0.214111328125,0.1895599365234375,1.6579940444541886e-33,4.844028275334337,0.9979226007802384,1.0770384434744658e-19,423.08639110772754,1,390,v3,nsF5,2,0.85,0.2138
29996,15198,25155,11685,0.225799560546875,0.205535888671875,2.4782255301927116e-48,4.817669425335489,0.9884359619449536,1.8795199692118704e-17,516.0435782659285,1,390,v4,matrix,3,0.5,0.0630
25196,17083,20349,13441,0.1237945556640625,0.10540771484375,1.7075130597560056e-17,4.847124846164617,0.9975009606194144,2.2669113474553037e-08,311.3173388398462,1,390,v5,matrix,2,0.8,0.1998
23352,18116,18417,14733,0.07989501953125,0.05621337890625,2.3102387887325058e-156,5.692909900468495,0.9999489021558077,1.630467011644785e-132,1108.8392465915201,0,391,clean,,,,
23358,18073,18424,14782,0.0806427001953125,0.055572509765625,3.4810264269446786e-130,5.692735077275064,0.9999544512597314,2.4092711923106386e-109,971.8355322409379,1,391,v0,nsF5,3,0.25,0.0317
23314,18118,18311,14809,0.07928466796875,0.053436279296875,1.6211463472728154e-104,5.692207791151955,0.9999643993926225,3.9432496116315745e-88,834.6577109398661,1,391,v1,nsF5,3,0.55,0.0699
23446,18094,18430,14691,0.0816650390625,0.0570526123046875,4.5859912508002604e-88,5.691965489167135,0.9999783599941766,1.6114920490487968e-73,744.6794859358959,1,391,v2,nsF5,2,0.35,0.0886
23526,18090,18341,14811,0.08294677734375,0.053863525390625,3.938981247887504e-40,5.689943171470017,0.9999984862944862,1.4034240457944113e-28,465.4457047329446,1,391,v3,nsF5,2,0.85,0.2150
22901,18379,18023,15008,0.069000244140625,0.0460052490234375,4.1900734459849826e-110,5.693261042549288,0.9999646314456597,6.415598024029218e-94,864.8139848764857,1,391,v4,matrix,3,0.5,0.0627
22184,18988,17536,15474,0.04876708984375,0.031463623046875,2.823869958891199e-39,5.693934474473339,0.9999976022725252,5.187458386236895e-30,460.0597593739562,1,391,v5,matrix,2,0.8,0.1997
31237,12028,26993,10789,0.2931060791015625,0.24725341796875,8.256259394085274e-119,4.407794047245206,0.9926606976685058,1.1854693698573761e-76,911.4525316819515,0,392,clean,,,,
30694,12154,26355,10851,0.28289794921875,0.236572265625,8.411692701245865e-111,4.414083816589504,0.9945269501641119,5.426708380446348e-71,868.5648771641436,1,392,v0,nsF5,3,0.25,0.0317
30090,12385,25709,11008,0.2701568603515625,0.2243194580078125,8.185463820533227e-98,4.419778260176627,0.9963421201932146,9.383103294431081e-61,798.2254405242538,1,392,v1,nsF5,3,0.55,0.0696
29789,12467,25490,11038,0.264312744140625,0.22052001953125,1.8451108595874852e-93,4.422007175836492,0.9966325476660416,1.1964327822182543e-57,774.4033260544952,1,392,v2,nsF5,2,0.35,0.0886
28525,13128,24179,11485,0.2349395751953125,0.193695068359375,5.571348242961464e-70,4.430659599261774,0.9991579691007548,8.1174542052079e-42,643.1367820305849,1,392,v3,nsF5,2,0.85,0.2146
28439,12893,24263,11414,0.237213134765625,0.1960601806640625,1.018470850821706e-80,4.419633955588145,0.9959664862865254,4.060583656052523e-50,703.816349589904,1,392,v4,matrix,3,0.5,0.0626
24051,15084,20479,13125,0.1368255615234375,0.112213134765625,6.701559649410884e-26,4.436752530748762,0.9989942846912978,3.6928634770154506e-17,372.13135202269405,1,392,v5,matrix,2,0.8,0.1999
25861,19437,19077,14359,0.0980224609375,0.071990966796875,1.8773962447448856e-49,5.098386322509598,0.9999622767700889,1.767798867918159e-39,522.8287306962702,0,393,clean,,,,
25848,19417,19057,14383,0.0981292724609375,0.071319580078125,1.1661670953431813e-44,5.09829315394751,0.9999631883641134,1.1315543353875053e-34,493.6016070646313,1,393,v0,nsF5,3,0.25,0.0317
25814,19454,18989,14390,0.0970458984375,0.0701751708984375,8.233899557091765e-38,5.09807158080521,0.9999702570275351,5.952773622813953e-28,450.7832211749523,1,393,v1,nsF5,3,0.55,0.0694
25745,19482,18927,14473,0.0955657958984375,0.067962646484375,8.282995481572375e-43,5.0976599316885975,0.9999876170925213,6.79675826707867e-32,482.15974197836397,1,393,v2,nsF5,2,0.35,0.0881
25602,19566,18773,14434,0.09210205078125,0.0662078857421875,1.1129863170559578e-34,5.096729101087741,0.9999923503286311,2.8380750590103344e-28,430.70506796483943,1,393,v3,nsF5,2,0.85,0.2140
25367,19771,18653,14680,0.08538818359375,0.0606231689453125,4.285149195563908e-30,5.098561579727234,0.9999701507070564,3.339969469889454e-23,400.5882385838716,1,393,v4,matrix,3,0.5,0.0626
24235,20592,17831,15249,0.0555877685546875,0.039398193359375,2.7832287350563956e-11,5.09926196380364,0.9999902272592964,2.5229411268982826e-10,260.8825214960196,1,393,v5,matrix,2,0.8,0.2002
25317,15715,20214,13439,0.146514892578125,0.1033782958984375,1.6115324083451568e-41,4.982894234899851,0.999777195933607,8.065670238164848e-14,474.1380110639684,0,394,clean,,,,
25216,15758,20084,13398,0.144317626953125,0.102020263671875,3.291026510462376e-37,4.983068444064327,0.9998392157762928,3.713972954810813e-13,446.95162779431735,1,394,v0,nsF5,3,0.25,0.0318
25025,15884,19941,13536,0.1394805908203125,0.0977325439453125,3.323991076545787e-34,4.9833905193083705,0.9998898498016874,3.110249310103193e-10,427.62571544095164,1,394,v1,nsF5,3,0.55,0.0699
25023,15898,19966,13642,0.1392364501953125,0.09649658203125,8.10940800528754e-31,4.9833938396533055,0.999915599666777,1.3649792919557349e-12,405.3995227048666,1,394,v2,nsF5,2,0.35,0.0892
24882,15983,19797,13712,0.1357879638671875,0.0928497314453125,6.295976686769747e-23,4.9831896017348845,0.999969759242365,1.5522505935575575e-11,351.2989300201153,1,394,v3,nsF5,2,0.85,0.2163
24293,16310,19397,13806,0.1218109130859375,0.0853118896484375,1.801308837288292e-30,4.984589163438686,0.999884540308035,8.864027470445731e-09,403.0961242506899,1,394,v4,matrix,3,0.5,0.0627
22602,17434,18278,14714,0.078857421875,0.05438232421875,2.1392699023299195e-08,4.9895032182309285,0.9999643606433458,7.491420978561485e-05,234.44122471287335,1,394,v5,matrix,2,0.8,0.2007
31860,13247,26939,11145,0.2840118408203125,0.240997314453125,4.951661833857292e-99,4.374343385061779,0.9915220251967862,1.3910534106435666e-82,804.8688825115759,0,395,clean,,,,
31231,13337,26320,11173,0.273040771484375,0.2311248779296875,5.9200837587746935e-90,4.379786706084716,0.9937781277177593,1.6753150169032013e-76,755.112761668248,1,395,v0,nsF5,3,0.25,0.0322
30601,13477,25669,11299,0.26129150390625,0.219268798828125,4.078134519720813e-74,4.384054407856401,0.9957738798308224,8.182368979192602e-62,666.6538556295603,1,395,v1,nsF5,3,0.55,0.0706
30426,13513,25324,11368,0.2580718994140625,0.21295166015625,7.441744079115137e-77,4.385898459643585,0.9962144220156797,4.360983926178143e-71,682.1235715626267,1,395,v2,nsF5,2,0.35,0.0899
29040,14093,23889,11790,0.2280731201171875,0.1846160888671875,3.016364413668182e-69,4.389655331323886,0.9992058876166017,3.597694176299866e-60,638.9444266765175,1,395,v3,nsF5,2,0.85,0.2183
29143,13942,24406,11672,0.2319488525390625,0.194305419921875,1.2980799889770638e-63,4.385027722216094,0.9951590728386471,4.2439792147918435e-53,606.5145662575144,1,395,v4,matrix,3,0.5,0.0625
24747,15874,20217,13315,0.1353912353515625,0.105316162109375,5.653293551811622e-26,4.3988188730607725,0.998895148368127,2.582409315904783e-25,372.6414200788007,1,395,v5,matrix,2,0.8,0.2001
24849,13542,20679,12990,0.1725311279296875,0.1173248291015625,8.882276801713157e-183,4.00096221468755,0.999969687792964,3.98910493593152e-161,1242.3783922536668,0,396,clean,,,,
24769,13635,20573,13093,0.169891357421875,0.1141357421875,3.252920915201414e-154,4.002064493507505,0.9999802786339224,7.073786703988971e-131,1095.2362188253892,1,396,v0,nsF5,3,0.25,0.0316
24677,13709,20441,13126,0.1673583984375,0.1116180419921875,8.144364222986079e-136,4.003074510785522,0.9999871326632122,1.2153102188576292e-113,999.1459643332496,1,396,v1,nsF5,3,0.55,0.0692
24724,13636,20551,13025,0.169189453125,0.114837646484375,1.354762875578887e-134,4.004109871340807,0.9999865200157879,6.0897251770601294e-114,992.7254523223944,1,396,v2,nsF5,2,0.35,0.0883
24489,13910,20345,13093,0.1614227294921875,0.11065673828125,7.235885257223923e-88,4.006406559945881,0.9999972804908867,1.7795952121816268e-62,741.4456128633054,1,396,v3,nsF5,2,0.85,0.2150
23857,14270,19869,13540,0.1462860107421875,0.0965728759765625,5.842624651075893e-128,4.004258225237168,0.9999864005655379,1.770856113795997e-110,957.7318196401702,1,396,v4,matrix,3,0.5,0.0621
22013,15690,18711,14286,0.0964813232421875,0.0675201416015625,1.7164182879533416e-60,4.013141817374328,0.9999947474190986,7.194467341669021e-53,586.3952306018058,1,396,v5,matrix,2,0.8,0.1998
24482,14991,19732,13506,0.1448211669921875,0.095001220703125,2.152852456149434e-34,4.5840662489965265,0.9999989141421013,1.2405710688002893e-21,428.8493065514866,0,397,clean,,,,
24415,15110,19672,13545,0.1419830322265625,0.0934906005859375,8.814317958055151e-33,4.5842483049517035,0.9999998606334608,1.7111754350922114e-19,418.34565580981666,1,397,v0,nsF5,3,0.25,0.0320
24433,15170,19576,13555,0.1413421630859375,0.0918731689453125,2.2526258484647306e-29,4.584499422486915,0.999999935886124,2.1409330733878095e-17,395.7662549364435,1,397,v1,nsF5,3,0.55,0.0702
24478,15113,19691,13562,0.1428985595703125,0.0935211181640625,8.580396565867447e-34,4.584528543758675,0.9999995700028242,7.44429147812032e-19,424.9494363438947,1,397,v2,nsF5,2,0.35,0.0893
24299,15304,19779,13614,0.1372528076171875,0.0940704345703125,3.6631250338969503e-25,4.584403328014541,0.9999996846048149,2.3233404953404672e-10,367.0188137146015,1,397,v3,nsF5,2,0.85,0.2161
23770,15519,19183,13877,0.1259002685546875,0.080963134765625,5.184746247465753e-27,4.5860036786711635,0.9999998300307805,2.0072646333790482e-17,379.769769442743,1,397,v4,matrix,3,0.5,0.0626
22304,16754,18313,14623,0.084686279296875,0.056304931640625,1.3756577722879997e-07,4.589982655907014,0.9999978660312133,3.936063217348329e-05,226.4727285732646,1,397,v5,matrix,2,0.8,0.1999
26896,16027,20650,13224,0.1658477783203125,0.113311767578125,4.6686059523643864e-30,4.381838078375727,0.9998950343153187,1.3762495523759835e-24,400.3398474852486,0,398,clean,,,,
26748,16092,20514,13247,0.16259765625,0.1108856201171875,9.097711946708721e-29,4.382306086213243,0.9999062896623508,6.5431137576046884e-24,391.6895597655694,1,398,v0,nsF5,3,0.25,0.0318
26698,16177,20354,13300,0.1605377197265625,0.107635498046875,3.429487549664956e-25,4.3821929987419,0.9999459841659575,1.8228930357155268e-19,367.217847983831,1,398,v1,nsF5,3,0.55,0.0697
26728,16115,20453,13236,0.1619415283203125,0.1101226806640625,3.6696272517097876e-32,4.382317120869754,0.9999657043270627,7.045109587245267e-25,414.28077034088557,1,398,v2,nsF5,2,0.35,0.0889
26463,16248,20150,13370,0.1558685302734375,0.10345458984375,3.884467232560065e-21,4.382170106447477,0.9999977507019958,1.8428836358428053e-13,338.43112368773353,1,398,v3,nsF5,2,0.85,0.2150
25901,16611,19880,13616,0.141754150390625,0.0955810546875,1.9323501523840586e-21,4.383121495878258,0.9999366407379244,8.177788200085088e-17,340.6297118402904,1,398,v4,matrix,3,0.5,0.0628
23967,17814,18448,14634,0.0938873291015625,0.058197021484375,1.7540276044968774e-10,4.385591803862776,0.9999974904103366,5.786648356742733e-07,253.81855299460037,1,398,v5,matrix,2,0.8,0.2005
25358,16630,19800,13605,0.1331787109375,0.0945281982421875,1.739315705560211e-21,5.147373366964096,0.9999949244598071,4.777915042311528e-08,340.9604034964127,0,399,clean,,,,
25339,16681,19653,13658,0.132110595703125,0.0914764404296875,3.236184838172633e-21,5.147841072087172,0.9999980605544109,3.785385960314139e-09,339.00683022985186,1,399,v0,nsF5,3,0.25,0.0320
25325,16698,19601,13720,0.1316375732421875,0.0897369384765625,1.0422323291562454e-19,5.148230067370772,0.9999990325062345,3.524560476523527e-08,327.960095895602,1,399,v1,nsF5,3,0.55,0.0700
25197,16789,19747,13586,0.1282958984375,0.0940093994140625,4.447021130684436e-16,5.148224714213405,0.9999984053617258,3.912776361264222e-09,300.3714226979276,1,399,v2,nsF5,2,0.35,0.0892
25008,17015,19675,13648,0.1219635009765625,0.0919647216796875,3.163239914907017e-15,5.14883816603212,0.9999998191554479,2.1506102492623837e-06,293.65051203988804,1,399,v3,nsF5,2,0.85,0.2162
24666,17081,19180,14024,0.1157379150390625,0.07867431640625,8.367167330732248e-15,5.149354673691846,0.9999979225577025,5.971838842642965e-06,290.2776420516859,1,399,v4,matrix,3,0.5,0.0629
23088,18400,18364,14580,0.071533203125,0.0577392578125,0.004207546091192548,5.153767481605192,1.0,0.18077818888500172,172.94857705571286,1,399,v5,matrix,2,0.8,0.2012
26285,14275,21102,12788,0.183258056640625,0.126861572265625,7.340193140227836e-36,4.749085666319316,0.9999199559085331,3.2954085304650754e-09,438.31940444969575,0,400,clean,,,,
26225,14339,20989,12865,0.181365966796875,0.12396240234375,2.9390836489651863e-36,4.750088816319142,0.9999387927245391,1.083678194744314e-09,440.8709450115101,1,400,v0,nsF5,3,0.25,0.0319
26077,14469,20816,12916,0.1771240234375,0.12054443359375,5.768634967575297e-38,4.7508080238046,0.9999618769471027,2.7221651083668133e-08,451.76524359998757,1,400,v1,nsF5,3,0.55,0.0699
26156,14495,20863,12972,0.1779327392578125,0.1204071044921875,7.992973798441894e-35,4.751369733704547,0.999951874340441,7.739163897039405e-09,431.635100882955,1,400,v2,nsF5,2,0.35,0.0885
25946,14693,20700,13051,0.1717071533203125,0.1167144775390625,2.6439953390881107e-41,4.753258031726307,0.9999879574227777,4.188430431189459e-08,472.79531887420006,1,400,v3,nsF5,2,0.85,0.2152
25172,14968,20091,13255,0.15570068359375,0.10430908203125,1.261064520872818e-25,4.751913668758785,0.9999556699123415,3.32491508437897e-07,370.2325908017659,1,400,v4,matrix,3,0.5,0.0627
23203,16364,18742,14305,0.1043548583984375,0.0677032470703125,2.1960661327292657e-09,4.75914025446326,0.9999855743300335,0.025056960209812677,243.8133610539889,1,400,v5,matrix,2,0.8,0.2002
32463,14022,26365,10905,0.2813873291015625,0.23590087890625,1.5747046332857843e-193,4.392797207312823,0.992540314850212,1.4811961656950124e-58,1299.8247321963402,0,401,clean,,,,
31972,14224,25950,11005,0.27081298828125,0.2280426025390625,9.105603140983263e-186,4.400600088109732,0.9942595545931797,1.6267489294454813e-56,1260.2174239241094,1,401,v0,nsF5,3,0.25,0.0315
31464,14387,25324,11191,0.2605743408203125,0.2156524658203125,3.666613540751517e-177,4.40821290603105,0.9959887528289346,3.7501937186848213e-51,1216.1486989787127,1,401,v1,nsF5,3,0.55,0.0692
31299,14400,25061,11189,0.2578582763671875,0.211669921875,2.9812358979386245e-179,4.411557672988646,0.9966227333534092,1.8397689821973182e-53,1226.867830340338,1,401,v2,nsF5,2,0.35,0.0880
30239,14843,23688,11588,0.23492431640625,0.18463134765625,2.230718571826574e-167,4.425992364670726,0.9991750309227553,7.601406834270198e-45,1165.8174421605065,1,401,v3,nsF5,2,0.85,0.2136
29940,14892,24001,11609,0.2296142578125,0.1890869140625,1.7311986403109443e-136,4.408359002442503,0.9958152014190153,4.630450798247331e-40,1005.0553049536635,1,401,v4,matrix,3,0.5,0.0627
25946,16777,20124,13323,0.1399078369140625,0.1037750244140625,1.8328525674980203e-62,4.433071373469064,0.9989814740916483,2.8834238757060995e-17,599.8424266559514,1,401,v5,matrix,2,0.8,0.2001
36552,4064,33559,6729,0.4957275390625,0.409393310546875,3.4796404196824165e-265,2.839401807312011,0.9884142207886983,1.206417679776718e-241,1660.366874071249,0,402,clean,,,,
35729,4378,32744,6907,0.4783782958984375,0.3942413330078125,5.371550414795894e-255,2.85828117963695,0.9910725048155693,3.83073554378621e-238,1609.567817881966,1,402,v0,nsF5,3,0.25,0.0314
34994,4720,31833,7111,0.461944580078125,0.377227783203125,1.3030821147683066e-251,2.877709100380429,0.9937127762247329,2.738753130735539e-239,1592.661814650802,1,402,v1,nsF5,3,0.55,0.0691
34760,4811,31576,7315,0.4569854736328125,0.3701934814453125,7.799473441058632e-230,2.88712525369939,0.99462897021186,3.766747812759034e-214,1483.5128936708975,1,402,v2,nsF5,2,0.35,0.0884
33041,5939,29517,8089,0.413543701171875,0.32696533203125,5.1986533338333064e-219,2.9263490668833954,0.9987212627624814,9.171093034314876e-193,1428.9940833779767,1,402,v3,nsF5,2,0.85,0.2141
32277,5438,29481,7900,0.4095306396484375,0.3292999267578125,3.414819587026034e-191,2.8773220385749108,0.993312400467114,4.609283584526189e-177,1287.917922140545,1,402,v4,matrix,3,0.5,0.0626
25302,9015,23343,11060,0.2485198974609375,0.1874237060546875,8.297848421433983e-74,2.942316339583257,0.998397828901427,6.565385165800004e-51,664.9062283750629,1,402,v5,matrix,2,0.8,0.2005
21736,11452,20705,13361,0.15692138671875,0.112060546875,2.6928521060019586e-241,4.75544676957685,0.999382872817226,2.482350845689804e-247,1541.0459005267617,0,403,clean,,,,
21611,11539,20534,13401,0.1536865234375,0.1088409423828125,1.5969431857848302e-226,4.755730131296714,0.999553484876428,4.3229583844072645e-232,1466.8546743883658,1,403,v0,nsF5,3,0.25,0.0318
21510,11667,20473,13394,0.1501922607421875,0.1080169677734375,5.577936204893222e-187,4.755875459535604,0.9996723265654068,1.1846102547599398e-192,1266.4148771206628,1,403,v1,nsF5,3,0.55,0.0698
21419,11644,20408,13493,0.1491546630859375,0.1055145263671875,1.634942715302226e-174,4.756051087711467,0.9996820096582659,3.5066597448904576e-181,1202.5449756576688,1,403,v2,nsF5,2,0.35,0.0892
21230,11912,19972,13702,0.142181396484375,0.095672607421875,9.864381378573026e-120,4.754681706136112,0.9999278816906579,7.764573644206572e-125,916.3730977741072,1,403,v3,nsF5,2,0.85,0.2164
20660,12089,19825,13680,0.1307830810546875,0.0937652587890625,1.4369642142413288e-172,4.756962972179336,0.999642651254748,2.3484446988898514e-177,1192.5516096665351,1,403,v4,matrix,3,0.5,0.0625
18854,13321,18413,14782,0.0844268798828125,0.0554046630859375,7.116551572571348e-71,4.760346494142092,0.9999120437447885,3.6144240819297727e-71,648.2357507652225,1,403,v5,matrix,2,0.8,0.2008
28397,13599,23732,12066,0.225799560546875,0.178009033203125,2.546255670229202e-206,4.673002733275017,0.997450683887898,1.4557884016349381e-185,1364.819890473172,0,404,clean,,,,
28086,13650,23501,12107,0.22027587890625,0.173858642578125,1.965679137321787e-185,4.674715254698139,0.9981044035438069,8.298158399026227e-169,1258.5090928288655,1,404,v0,nsF5,3,0.25,0.0318
27671,13746,23057,12115,0.2124786376953125,0.166961669921875,4.5433767517201297e-159,4.676122537250543,0.9986506313745485,1.4959310644917892e-145,1122.8708212212898,1,404,v1,nsF5,3,0.55,0.0699
27666,13804,22911,12241,0.211517333984375,0.162811279296875,8.28676052357888e-169,4.676571404155839,0.998896443319927,7.947186642839442e-154,1173.189566566949,1,404,v2,nsF5,2,0.35,0.0890
26936,14217,21988,12485,0.1940765380859375,0.1450042724609375,5.393335128198396e-128,4.677131316095478,0.9997704583723133,2.048911824030003e-120,960.2545388071,1,404,v3,nsF5,2,0.85,0.2160
26557,14256,22175,12539,0.1876983642578125,0.14703369140625,1.2042680720079513e-147,4.676754442615801,0.9985329218926059,3.5778021865630567e-132,1063.486333000439,1,404,v4,matrix,3,0.5,0.0628
23576,15970,19401,13846,0.116058349609375,0.0847625732421875,2.951175291453206e-71,4.6830001633315055,0.9996837441168938,2.7771762546855965e-61,650.4139204908474,1,404,v5,matrix,2,0.8,0.2006
27803,9238,24203,11156,0.2832794189453125,0.1990814208984375,7.435292426910931e-77,3.999917510785647,0.9996468124689517,1.0280129435524155e-40,682.1256937282654,0,405,clean,,,,
27587,9334,23980,11177,0.2785186767578125,0.1953582763671875,1.6271222700031712e-67,4.004088209354809,0.9996847825148392,1.7588806292485823e-31,629.0192229639639,1,405,v0,nsF5,3,0.25,0.0317
27341,9488,23705,11285,0.2724151611328125,0.18951416015625,9.815608661760449e-64,4.007590680179425,0.9997883910932981,3.588911632045462e-27,607.2178197016265,1,405,v1,nsF5,3,0.55,0.0698
27329,9608,23788,11277,0.2704010009765625,0.1909027099609375,8.376180075413689e-58,4.009280511215412,0.9997723236571678,5.493117494202578e-25,572.5970512791838,1,405,v2,nsF5,2,0.35,0.0887
26671,10065,23215,11645,0.253387451171875,0.176544189453125,2.029101851729403e-47,4.017480431673094,0.9999534821543125,1.8007828582449393e-18,510.49351764971453,1,405,v3,nsF5,2,0.85,0.2147
25934,10134,22665,11779,0.2410888671875,0.166107177734375,1.960005463315006e-53,4.008083626372053,0.9997852627045658,1.985137246501386e-26,546.722215389556,1,405,v4,matrix,3,0.5,0.0628
22396,12424,20083,13474,0.15216064453125,0.1008453369140625,1.3764781117986378e-15,4.025648210197996,0.9999515585377845,1.0441628385228232e-07,296.5138963686883,1,405,v5,matrix,2,0.8,0.2001
31965,8287,27458,9213,0.361297607421875,0.2783966064453125,0.0,3.342188574504776,0.9983751271985908,7.59494878346108e-83,2422.5092670204453,0,406,clean,,,,
31620,8471,27041,9282,0.3532257080078125,0.2709808349609375,0.0,3.350269930934466,0.9986958198170519,1.6778988449830348e-73,2349.5519677369066,1,406,v0,nsF5,3,0.25,0.0314
31353,8576,26719,9383,0.3475494384765625,0.2645263671875,0.0,3.3590308799019053,0.9990121240594172,6.375542804711261e-72,2285.358099289826,1,406,v1,nsF5,3,0.55,0.0690
31151,8739,26564,9551,0.34197998046875,0.2595977783203125,0.0,3.3618557592303002,0.999254530933237,2.789413399142984e-79,2247.826257269726,1,406,v2,nsF5,2,0.35,0.0882
30359,9202,25553,9848,0.3228302001953125,0.2396392822265625,0.0,3.3795246798061633,0.9998049602170778,5.9334551211196e-71,2032.771761314871,1,406,v3,nsF5,2,0.85,0.2143
29424,9339,25239,10103,0.3064727783203125,0.23095703125,7.806283812444875e-308,3.358970479411422,0.9989698334932022,3.45118735312624e-52,1871.7332204797297,1,406,v4,matrix,3,0.5,0.0628
24690,12036,21365,12279,0.193084716796875,0.138641357421875,2.282189186775307e-125,3.3898637044671793,0.9997831643571711,1.965941057671711e-20,946.3387413212521,1,406,v5,matrix,2,0.8,0.2012
31957,10686,27915,9949,0.3245697021484375,0.274139404296875,3.657349324585796e-190,4.0928379848129754,0.9936698809038631,7.940169389173786e-140,1282.6655890376705,0,407,clean,,,,
31514,10873,27359,10034,0.3149566650390625,0.2643585205078125,4.493704519739749e-174,4.100952535135869,0.9952195155613996,9.91930377060196e-133,1200.2884981272698,1,407,v0,nsF5,3,0.25,0.0319
30994,11058,26722,10182,0.30419921875,0.25238037109375,4.104627776210342e-158,4.108688057300077,0.996545614017072,8.494009691515516e-130,1117.9172015915385,1,407,v1,nsF5,3,0.55,0.0702
30619,11056,26365,10259,0.2985076904296875,0.245758056640625,2.6465016374840136e-149,4.111750726414529,0.9972690670948487,2.7034179945008438e-115,1072.131874279637,1,407,v2,nsF5,2,0.35,0.0890
29541,11646,24936,10694,0.2730560302734375,0.217315673828125,5.996492562777272e-133,4.124907813012418,0.9993848071537834,8.503084093048778e-120,986.4211060389869,1,407,v3,nsF5,2,0.85,0.2162
29281,11627,25272,10674,0.269378662109375,0.222747802734375,2.0294328681364613e-139,4.1078072590569725,0.9963023022332778,1.0585931354596084e-103,1020.4486485403193,1,407,v4,matrix,3,0.5,0.0628
24583,13982,21033,12791,0.1617584228515625,0.125762939453125,1.8307088637878684e-45,4.134312990181763,0.9991874812391759,2.1810373851814123e-31,498.54345055384357,1,407,v5,matrix,2,0.8,0.2002
30040,8839,27423,10170,0.3235015869140625,0.2632598876953125,2.0532966977253828e-220,4.256788939389811,0.9961283391718934,2.9395901063762335e-186,1436.073997859492,0,408,clean,,,,
29558,8976,26962,10197,0.314056396484375,0.2558135986328125,1.8056296817177683e-202,4.263470282964358,0.9970945166358386,4.576923699986913e-169,1345.287739549241,1,408,v0,nsF5,3,0.25,0.0317
28996,9173,26374,10310,0.3024749755859375,0.2451171875,8.938386434836779e-188,4.2707055001507666,0.9979697112430019,2.2397107171818736e-150,1270.4765373550733,1,408,v1,nsF5,3,0.55,0.0697
28878,9189,26070,10432,0.3004302978515625,0.238616943359375,1.9270364795477663e-184,4.273278893335754,0.9981877572504363,2.3075252692805815e-150,1253.4400240175669,1,408,v2,nsF5,2,0.35,0.0887
27649,9871,24704,10931,0.271270751953125,0.2101593017578125,1.5009902757756597e-150,4.28619336965009,0.9995305575748719,1.4043633594238354e-113,1078.6243689982857,1,408,v3,nsF5,2,0.85,0.2146
27377,9705,24996,10820,0.2696533203125,0.21630859375,1.2697132178296473e-155,4.270311583764926,0.9978442888815955,5.407824268652732e-129,1104.9983360884505,1,408,v4,matrix,3,0.5,0.0627
22655,11973,20829,12941,0.162994384765625,0.120361328125,1.2102294302955454e-65,4.295401510528516,0.9994813549706826,1.327023378150487e-48,618.2510618619095,1,408,v5,matrix,2,0.8,0.1998
29163,16030,22610,11997,0.2003936767578125,0.1619415283203125,2.0966146755029952e-83,5.0275835009135434,0.9996404383904407,5.321802617200188e-84,718.8146603509344,0,409,clean,,,,
29113,16063,22427,12027,0.199127197265625,0.15869140625,9.618991862587751e-74,5.030166779222576,0.9997042992402527,1.2322029343907523e-74,664.5426166502116,1,409,v0,nsF5,3,0.25,0.0317
28892,16109,22239,12071,0.1950531005859375,0.1551513671875,7.510523159961955e-62,5.032849741372894,0.9997959725283623,5.411791607500951e-63,596.2801238365824,1,409,v1,nsF5,3,0.55,0.0695
28760,16218,22092,12137,0.191375732421875,0.1519012451171875,3.662155534895478e-68,5.033721575251562,0.9998059564006205,8.193901108901944e-70,632.7353326821024,1,409,v2,nsF5,2,0.35,0.0881
28348,16446,21449,12454,0.181610107421875,0.1372528076171875,9.351383788424762e-49,5.038620475880862,0.9999619170242494,2.992266907236927e-48,518.6097147021367,1,409,v3,nsF5,2,0.85,0.2135
27892,16661,21495,12556,0.1713714599609375,0.1363983154296875,2.1652879654512117e-57,5.032881870342168,0.9997780673458895,2.185724464197619e-58,570.1686573302318,1,409,v4,matrix,3,0.5,0.0627
25346,18262,19177,13945,0.10809326171875,0.079833984375,1.5615643830824808e-27,5.0446358823037905,0.9999509238340578,6.967489452611994e-31,383.32604376383296,1,409,v5,matrix,2,0.8,0.1996
39801,6927,35866,6260,0.501617431640625,0.451751708984375,0.0,2.695967880765334,0.9748054277748426,0.0,2904.0078878438335,0,410,clean,,,,
38904,7152,34864,6365,0.4844970703125,0.4348602294921875,0.0,2.720300382502661,0.9804619994986243,0.0,2794.777387382946,1,410,v0,nsF5,3,0.25,0.0316
37918,7402,33783,6584,0.46563720703125,0.4150238037109375,0.0,2.744679957252636,0.9860737571498323,0.0,2717.8666441829255,1,410,v1,nsF5,3,0.55,0.0691
37527,7541,33176,6842,0.457550048828125,0.401824951171875,0.0,2.7543836862576825,0.9880100807017023,0.0,2614.636936066523,1,410,v2,nsF5,2,0.35,0.0876
35132,8607,30462,7801,0.4047393798828125,0.3457794189453125,0.0,2.802028823463082,0.9971318791809434,1.349689104768e-311,2284.128321355441,1,410,v3,nsF5,2,0.85,0.2129
35148,8217,31255,7403,0.4109344482421875,0.36395263671875,0.0,2.74256643942585,0.9852954777938919,6.398848542918813e-293,2261.2543168678594,1,410,v4,matrix,3,0.5,0.0628
27452,11708,23748,10762,0.240234375,0.198150634765625,1.6308425059657571e-170,2.817884993206387,0.9965825730113651,7.661226463415462e-138,1181.9768697404256,1,410,v5,matrix,2,0.8,0.2002
38861,5458,36849,6647,0.5096893310546875,0.460845947265625,0.0,2.9101731500667505,0.95930047523859,4.157905834880061e-130,2040.7852739916373,0,411,clean,,,,
37775,5680,35719,6812,0.4897308349609375,0.4410858154296875,0.0,2.9374313188679295,0.9684979166688596,4.34627596537214e-124,1964.7909967017604,1,411,v0,nsF5,3,0.25,0.0316
36702,6001,34412,7108,0.4684600830078125,0.4166259765625,4.4755772832746e-311,2.964591702250375,0.9776994998603089,2.153408176375673e-119,1887.723449552069,1,411,v1,nsF5,3,0.55,0.0695
36358,6183,33837,7153,0.4604339599609375,0.40716552734375,6.396581689541841e-302,2.975873956345718,0.9819928287637856,1.6461574273582932e-113,1842.5376593114288,1,411,v2,nsF5,2,0.35,0.0890
33864,7270,30929,7932,0.405792236328125,0.3509063720703125,4.279724576567091e-265,3.022803599293682,0.9960138314372382,5.140273292615371e-121,1659.9192983775704,1,411,v3,nsF5,2,0.85,0.2150
33818,6694,31780,7764,0.41387939453125,0.366455078125,7.936911924334811e-263,2.961633785737627,0.975977493514361,7.088595669320544e-94,1648.621080650216,1,411,v4,matrix,3,0.5,0.0625
25596,10166,23750,10805,0.235443115234375,0.1975250244140625,1.9062191657367687e-103,3.034246798002221,0.9948380675038381,9.313303757556283e-42,828.8596554424385,1,411,v5,matrix,2,0.8,0.2006
23483,20911,17340,15759,0.03924560546875,0.0241241455078125,5.843723961433981e-55,6.105352921197598,0.9999926877074616,2.06062933725425e-08,555.7956571142503,0,412,clean,,,,
23481,20938,17326,15685,0.0388031005859375,0.0250396728515625,3.80171170731279e-46,6.104886600502707,0.9999977115844821,2.347562830849822e-08,502.7259452372848,1,412,v0,nsF5,3,0.25,0.0318
23499,20920,17355,15661,0.0393524169921875,0.025848388671875,9.32241757543261e-37,6.104506634052477,0.9999938166905636,7.077724008953838e-08,444.0639221469919,1,412,v1,nsF5,3,0.55,0.0698
23459,21082,17392,15605,0.0362701416015625,0.0272674560546875,6.1492103065513854e-30,6.104209617726603,0.999998339098026,8.320994269285834e-05,399.541033743359,1,412,v2,nsF5,2,0.35,0.0884
23419,21152,17250,15677,0.0345916748046875,0.0240020751953125,5.017784496840541e-21,6.102217734239623,0.9999994853079974,7.1933291619261946e-06,337.6230097997723,1,412,v3,nsF5,2,0.85,0.2145
23380,20995,17284,15772,0.0363922119140625,0.0230712890625,6.013813465741127e-39,6.105651872597788,0.9999946577606199,1.6612893196241527e-08,457.9866353304547,1,412,v4,matrix,3,0.5,0.0627
22787,21634,16904,15930,0.0175933837890625,0.014862060546875,7.044368403934228e-15,6.105887537314049,0.9999998724888377,0.0032975693194338142,290.87639963149127,1,412,v5,matrix,2,0.8,0.1995
23668,20206,17750,15222,0.052825927734375,0.03857421875,1.3590332964808693e-71,5.993725833172004,0.9999402067258226,2.2259270408509278e-51,652.331355841727,0,413,clean,,,,
23623,20183,17732,15199,0.052490234375,0.0386505126953125,1.9064478992618332e-60,5.993070952595578,0.9999516940082459,2.1353422356608555e-45,588.0905225212726,1,413,v0,nsF5,3,0.25,0.0318
23588,20133,17776,15173,0.0527191162109375,0.0397186279296875,1.4567208606732004e-52,5.992102483778852,0.9999813870740027,2.428914558911593e-39,541.5214185851031,1,413,v1,nsF5,3,0.55,0.0696
23625,20147,17622,15221,0.053070068359375,0.0366363525390625,7.455401963827134e-49,5.991974572257164,0.9999776904378765,9.573460254474349e-36,519.2057440660877,1,413,v2,nsF5,2,0.35,0.0884
23597,20135,17631,15365,0.052825927734375,0.034576416015625,5.468979509389533e-30,5.989811139705009,0.9999890790737844,2.787400190612721e-20,399.8810798299956,1,413,v3,nsF5,2,0.85,0.2143
23331,20318,17580,15351,0.0459747314453125,0.0340118408203125,3.2695828836422586e-51,5.993121252666716,0.9999777517281685,2.9767662122563474e-40,533.4253910461598,1,413,v4,matrix,3,0.5,0.0627
22803,20751,17046,15733,0.03131103515625,0.0200347900390625,5.643805653458467e-18,5.992784388072721,0.9999850769277614,6.271780899947591e-15,314.97751012058734,1,413,v5,matrix,2,0.8,0.1999
